Country Code,Year,Health_Vulnerability,Urbanization_Rate,CO2_Emissions,GDP_per_Capita,Temperature anomaly,Log_GDP_per_Capita,Log_CO2_Emissions,GDPadjustedUrbanization
AFG,1995,0.748301713063324,17.8343849378999,0.0851174240746249,174.930991430166,-0.80478305,5.170091824002358,-2.3526431077629284,-5.277604508235562
ALB,1995,0.436587301398164,38.2956838868638,0.649416648053946,911.320465445326,-0.8153963,6.815991315901885,-0.41639970138698346,-2.490065750717598
DZA,1995,0.437316494995566,56.0131170977738,2.94409686257461,1466.94806760415,-0.44384322,7.291620832257254,1.083192973881215,10.120031287230418
AGO,1995,0.504004256280219,44.2110025396864,0.945540869348394,404.29481849612,0.04784298,6.004614749185703,-0.04547774348143045,12.137859556203118
ATG,1995,0.462131152933419,34.6045871837806,2.70131546143806,9034.47552907143,0.06715711,9.108913833525264,0.997433927242971,-30.802691844561345
ARG,1995,0.434264304569832,88.1853677511823,3.31576942357033,7357.6162773788,-0.15684624,8.903627188256694,1.2017010529227363,24.98246812561655
ARM,1995,0.477454119112494,66.3956964271579,1.07063137682796,443.924860857976,-0.36655375,6.097905415904587,0.07754547849337753,33.32079308114678
AUS,1995,0.215950263735946,85.2868710503009,16.8117791607854,20479.1748274233,-0.42722073,9.927212615612287,2.822674425454156,11.092654234605178
AUT,1995,0.235793039142171,65.8629352596037,8.05921735500444,30207.0674314652,-0.7017882,10.315864301181389,2.088056495547128,-12.50464494951656
AZE,1995,0.410195510367592,52.3116760253906,4.40867420964625,314.55801908334,0.081867576,5.7543425607428045,1.4858396985261155,22.925969706720487
BHS,1995,0.450361330268537,80.7448226594184,3.7006445278162,11374.6056703852,-0.11816311,9.339226488149796,1.3112055887047036,12.864433549371796
BHR,1995,0.378510679427058,88.2394796624129,27.27459790044,11900.9317778335,-0.65133256,9.384456000196561,3.3063223635107297,19.87341353902201
BGD,1995,0.733400436126598,21.661231550566,0.177641388847358,309.458680823367,-0.012628555,5.738050819485897,-1.673222643889935,-7.54953314530589
BLR,1995,0.285533024140245,68.0162734985352,5.92783027303474,1370.69991385664,-0.28416863,7.223806062683922,1.781343792745917,22.851386451510486
BEL,1995,0.284114054536174,80.3401728004321,12.0655697339134,28413.8264387368,0.07831305,10.254666345626585,2.4911843813583436,2.6297396382643115
BLZ,1995,0.455270258291817,47.4683420814088,0.635819462541514,4009.82752539849,0.009318511,8.29675286444623,-0.43723528400846146,-9.217907336680732
BEN,1995,0.615471159429337,36.8385136903681,0.0640138961224377,348.435238914394,-0.24991305,5.856318248122092,-2.6035024179690986,6.357786774772382
BTN,1995,0.711267545043198,23.9954567175851,0.585413210849123,530.103676927417,-0.27043793,6.27495725063432,-0.5184996424552767,-10.980639066888621
BOL,1995,0.547360215989719,59.391206278167,1.10151833548453,852.754034861444,-0.12336954,6.749643136919447,0.10572695044847412,19.317907072854354
BIH,1995,0.428842783358744,40.9327870219153,0.9459667495971,502.365980975339,-0.9632287,6.221317501902267,-0.045032147291771796,6.532677839591635
BWA,1995,0.611389703897788,49.6118603364468,2.22953011536953,3156.18194514079,0.67588854,8.057435119187714,0.8062660739378434,-4.504581836380659
BRA,1995,0.480315763101966,77.7144999942454,1.73140553131602,4756.75013552302,-0.21778409,8.467530174881823,0.5546925637688932,19.19443432818109
BRN,1995,0.376938839660748,68.8131879002755,19.9656587510088,26443.2564746713,-0.18959077,10.182794267191465,2.994514469882458,-8.125478890388578
BGR,1995,0.382708096433902,67.8335418701172,7.3003938702844,2259.25922555221,-0.7703503,7.723234787260384,1.9892971533340147,17.30576142995028
BFA,1995,0.762018375113272,14.8945565719465,0.0446435362379007,229.092294496817,-0.5351124,5.438480508852683,-2.906924346964935,-11.09940548399141
BDI,1995,0.639339682655101,7.16829388435013,0.0418540676087431,164.915311679326,-0.18740241,5.111477487568771,-2.9593218978417903,-15.31429156050432
KHM,1995,0.59851924264133,17.4962488002108,0.149862798781095,343.485224671585,-0.26568475,5.842051200336805,-1.8334393392364396,-12.83127776357847
CMR,1995,0.577945028834198,43.3654956418773,0.394815153574878,832.006674487689,-0.2634201,6.725041654725005,-0.9043247269889945,3.556368519245659
CAN,1995,0.251028814513195,77.6356482587498,16.2424970508299,20679.634792669,-0.4881201,9.936953024121708,2.7882465616369965,3.336838395295402
CPV,1995,0.511012188764058,49.5954717142527,0.183447180605782,1165.13832331934,0.21188498,7.061452990508463,-1.642750772220539,6.173940976708359
CAF,1995,0.705398650245332,37.4760164601754,0.0594972837936806,333.145863233895,-0.30879593,5.811577613913052,-2.666467609280431,7.475716960540051
TCD,1995,0.717069106307824,21.4898472014251,0.0208349085295322,203.964852705041,-0.5456708,5.322838514219827,-3.479107836992499,-3.2623446909879377
CHL,1995,0.371983740923361,84.4167268897386,2.87658869826571,5081.4682771561,-0.12557869,8.533552303900358,1.0600754237027932,25.18771193403351
CHN,1995,0.511987986688595,29.0403804779053,2.79351042241598,612.680277898627,-0.37722662,6.419474072490573,1.0308723542190457,-7.487544969125512
COL,1995,0.499109857889345,71.8237121859285,1.78708292233006,2583.66576349858,-0.19471025,7.857351480129603,0.5861647516060401,19.855779246106337
COM,1995,0.560814089266518,28.3468419976372,0.0825543329813733,800.623567802959,-0.19443448,6.686639130850196,-2.379959423323557,-11.049916689953285
COG,1995,0.645697507090622,56.4068153474735,0.992994626946882,769.606794842829,-0.3014606,6.647178249753532,0.0029901519832782196,17.433789793575592
COD,1995,0.771870468300019,32.4561710395319,0.0521293475781357,127.008078734668,-0.2865111,4.852093377042536,-2.7785368158769166,12.758866585086817
CRI,1995,0.471835250201981,53.5950954268308,1.40519170756986,3275.25256447416,-0.20732386,8.094455537384096,0.3472650042998184,-0.9188740534720381
CIV,1995,0.61164987783251,41.2920870145192,0.249266857234982,740.4730999133,-0.38803974,6.608638882987762,-1.3498974109006545,2.7328993222286826
HRV,1995,0.342115943403824,55.1568369839241,3.57173005370095,4929.05772183424,-0.6053744,8.503105975251001,1.2758459389061378,-3.7452436031230008
CUB,1995,0.314307131513909,74.5832290649414,2.19166193303252,2785.24442954103,-0.062990665,7.932449885430617,0.7892124992807881,21.808885276472388
CYP,1995,0.356537046910798,68.1691720632769,6.793826323324,15261.4169921875,-0.6498981,9.633148679726856,1.9174851485352842,-2.8673698704649127
CZE,1995,0.247043204367092,74.7092872936794,12.9358310481984,5865.29460556726,-0.557098,8.676978470841451,2.560773809535951,13.940154188493814
DNK,1995,0.228547843066401,85.0012191836328,11.578116063961,35321.0980773087,-0.39165494,10.472264054915977,2.4499800957320748,4.954209729221134
DJI,1995,0.76370446912452,75.4038861624412,1.701380881224,786.201866748458,-0.20411317,6.668484717112846,0.5373005775148519,36.20207057823543
DOM,1995,0.450593481279633,57.1317099454393,1.51596420691128,2109.16940728689,-0.12424246,7.65452351106091,0.4226264770899855,7.341755006753139
ECU,1995,0.535307353584544,58.218469145091,1.79497647817862,2108.00698245316,-0.27929544,7.653972491261896,0.5905475602199448,8.43443108762174
EGY,1995,0.520024078351574,42.7019009364527,1.51907565854719,916.326617700876,-0.44926396,6.8214635895380615,0.424663408094976,1.8573897205223489
SLV,1995,0.489151078724102,52.3961349506028,0.890868326318857,1548.3763038362,-0.49918732,7.34560774431307,-0.10439617376401995,5.923334678850132
GNQ,1995,0.56146919587878,38.8041524265093,2.253423986108,248.314896208855,-0.26081213,5.51871674088584,0.8168787048727163,11.948609253013206
ERI,1995,0.520032902595225,27.2435242754175,0.41179755558156,285.402184008331,-0.31147718,5.657397060784827,-0.8632298061615571,-1.1011758783380685
EST,1995,0.248645222738321,68.959092258676,14.340813317797,3134.38975345407,-0.044698715,8.05050876861036,2.6638066177979356,14.917025623181466
ETH,1995,0.802570801938972,13.8825578689575,0.0491228869046507,136.523619088963,-0.07691749,4.923795677547415,-2.8281371722649347,-6.584689872143377
FJI,1995,0.443757416681205,45.6574672941176,1.39293342314077,2466.74347815903,-0.17580397,7.811059440465624,0.338565346780393,-5.813379151771784
FIN,1995,0.206957772940182,64.8059387207031,11.5021565099583,26246.2743214462,-0.24564512,10.175317427255026,2.4434035648677632,-12.052441347304566
FRA,1995,0.297551673148982,75.0991069026347,6.41153012227111,26791.8151982369,-0.07575496,10.195889040938477,1.8596564261065196,-1.980172296080383
GAB,1995,0.499126824603002,74.9893550877512,5.04890880002279,4414.8755828572,-0.25679383,8.392961413388202,1.6211508078736925,17.27001292570256
GMB,1995,0.647620095023695,39.5666608739251,0.118404224270414,621.681391269646,0.025472322,6.434034977490401,-2.052571988965157,2.8823796199911698
GEO,1995,0.394629488180322,53.7014001838407,1.8298430005054,578.336923460866,-0.5853211,6.361884214136069,0.6096802421681574,17.791877835556924
DEU,1995,0.269475770133287,80.0465631829882,11.1470987474958,31747.2449398447,-0.43620738,10.365592725307774,2.412075954293019,1.144996392649702
GHA,1995,0.561479122334711,39.960521040618,0.232444166242265,371.537243033836,-0.4051415,5.9203370141207055,-1.4169838374143648,8.792357058797784
GRC,1995,0.284711674688127,72.0831868417364,7.97760645959209,12779.081491606,-0.58322644,9.455643104406189,2.0778911478892725,2.9527096381328306
GTM,1995,0.522853072004085,35.7556305117631,0.658819221882758,1421.06177809796,-0.11914047,7.259863053932834,-0.4022414767712495,-9.796438510646318
GIN,1995,0.609928100180439,29.4990241182623,0.116625309188139,713.031460558683,-0.2806797,6.570927023775984,-2.0665228746540674,-8.655211534512528
GNB,1995,0.773176136882399,34.9311501499718,0.186794220093951,589.487023081945,0.16514175,6.380947659243431,-1.6255966642365804,-1.183076531054354
GUY,1995,0.422025257805861,29.366438121652,2.02060159179734,819.668541584905,0.071079254,6.710119302701915,0.7083320997896027,-10.282451955858466
HTI,1995,0.72138383493705,29.8304516400811,0.148970994688826,372.006104665125,-0.2994701,5.9215947859043245,-1.839033516743784,-1.35121836503437
HND,1995,0.502602311747091,42.8611266380328,0.658926688220875,814.049075569071,0.010839462,6.70324832685016,-0.4020808089829401,3.286017480975133
HUN,1995,0.298451575324912,62.6263403226773,6.03809771840644,4509.41740910077,-0.5161904,8.414144980121105,1.7997437958906286,4.679527844075643
ISL,1995,0.234130301506202,91.6399917602539,9.12408213318976,27564.569102386,-1.3574156,10.224322776643639,2.212012706751037,14.255389527736796
IND,1995,0.720878288424587,26.5661772139368,0.829370336496271,375.17600537305,-0.14085372,5.930057133261959,-0.17510326764409484,-4.706361947279415
IDN,1995,0.478212882698788,36.3023505153847,1.1961645112194,1011.22614205568,-0.29375315,6.919907285413154,0.18744549963159463,-5.5992545764590815
IRN,1995,0.450203461437006,60.42333984375,4.55537042207171,1550.0095955025,-0.5138964,7.346661349812785,1.5184996546917884,13.93922589760227
IRQ,1995,0.561135021657635,67.845869106155,5.23867921900944,619.135530927038,-0.6375436,6.429938052419433,1.6579764676211117,31.205580861261403
IRL,1995,0.338520100291538,57.9391944274763,9.63979848377914,19158.4564773907,0.39729452,9.86055168355415,2.266937032622918,-15.539213596046999
ISR,1995,0.265896423891401,90.8511786571744,8.69139765554554,19025.6840502517,-0.72247547,9.853597696565467,2.163483662820404,17.447442932304384
ITA,1995,0.319220586543379,66.8166099473719,7.65087752065497,20712.1798690324,-0.7059576,9.938525485289416,2.0361265360233793,-7.499085091468473
JAM,1995,0.47493626134065,50.5669713966556,3.52394715359192,2630.84935382822,-0.24043274,7.875442054419689,1.2624154200765625,-1.5952191350195761
JPN,1995,0.23109102946154,78.0190838015653,9.82868129941341,44197.6191013908,-0.58023524,10.696448825527765,2.28632168779619,-4.4352341755522815
JOR,1995,0.409795731438743,78.2491281447452,2.90438156131526,1415.71151592128,-0.6192346,7.256093631046614,1.0696576399406452,32.73753539472002
KAZ,1995,0.318293659464765,56.7529543748356,10.7783755403891,1217.79138769863,0.70717764,7.1056149808727955,2.378469215608666,12.857209731085248
KEN,1995,0.701239553838137,18.5827604922377,0.252671337311593,340.064842175429,-0.19994847,5.832072612213849,-1.3368516963073385,-11.637615437869318
KIR,1995,0.512129749628253,36.3333481846524,0.22035108452126,844.429605862723,-0.11867746,6.739844907465948,-1.468150679466037,-3.634737088391482
KOR,1995,0.30159558303508,78.400437187912,9.02775111990243,13001.7205867019,-0.68889165,9.472913890448673,2.2014103735334176,9.084505324206205
KWT,1995,0.333181950264132,98.0496205617356,23.9743017151815,16168.165602374,-0.79246926,9.69086134965496,3.1773995211335806,26.393356771745943
KGZ,1995,0.323751888678864,36.1812142869325,1.04331717850898,364.250365258345,-0.55431026,5.9005830506531565,0.05194440195453704,5.2251694623720795
LAO,1995,0.576313471209339,17.2790469212159,0.0797255817076652,357.758162193406,-0.39408937,5.882648518573636,-2.4109993587411154,-13.484415901418377
LVA,1995,0.303290462515383,69.1924440610299,3.71641524376111,2256.77360387054,-0.17568457,7.722134475675103,1.315446710886972,18.67647882779987
LBN,1995,0.590083136144638,85.1331347636015,3.66681941609323,2958.74263957462,-0.659161,7.99285759744842,1.302048089362564,31.710129607186843
LSO,1995,0.617635528382166,16.4690150432199,0.064106604517594,513.413448796175,-0.37089047,6.2430273172087345,-2.602250620859828,-18.164215342078474
LBR,1995,0.580697034735263,44.5277446289062,0.117234213027888,62.1438140627579,-0.056981724,4.1454148877476085,-2.061725693897122,32.41879305610491
LBY,1995,0.49007438057526,84.2900258432567,9.81142049990187,5205.25706378741,-0.33494797,8.55761646270413,2.2845657656628564,24.802608613293714
LTU,1995,0.301979000314627,67.3469740189134,4.16549328180911,2182.69156931505,-0.3382374,7.688772104050817,1.4292325026550232,17.18925578582372
LUX,1995,0.24451141341762,82.1888653313266,22.2171918017742,51032.349635318,-0.032404203,10.840234612415589,3.101316395289954,-1.80943241424022
MKD,1995,0.508760700210762,59.7277853696842,4.36169712399189,2355.24705371138,-1.0138934,7.7648254007812705,1.475151291608972,8.753402610723846
MDG,1995,0.68342509182689,23.4800566044183,0.100681254903914,273.149653945976,-0.17644088,5.613674139569399,-2.2011007860005285,-4.395144392047207
MWI,1995,0.850067418445388,13.6354392091488,0.205702062350611,200.362370007247,0.26187944,5.305106120758028,-1.533857164433796,-10.926341257046165
MYS,1995,0.38459210138382,55.9232917327627,4.47298675262839,4363.14458333034,-0.30027246,8.381177477323105,1.5002895101451554,-1.6695138690944802
MLI,1995,0.719279095255789,17.6234008749003,0.0357277328794795,331.193112410921,-0.49973345,5.805716463703935,-3.085050318760675,-12.31396126813959
MRT,1995,0.661802939907375,38.6515898670056,1.06084860102672,904.719170071042,-0.503074,6.808729291184334,0.06845141921973065,-2.0561797456751165
MUS,1995,0.464360573529443,43.2042800229269,1.39167914672901,3648.01649622256,-0.38953814,8.20221295717782,0.3376709084477297,-12.466794618205235
MEX,1995,0.445534840150888,73.2962313883119,3.59068330258081,4183.87847727479,0.1208446,8.339232944813752,1.28112363372358,16.15382850701031
MDA,1995,0.335840726473853,45.7191925048828,4.15193688202628,593.593177049161,-0.8320257,6.387877435639703,1.4259805625576207,9.530553499889834
MNG,1995,0.460396929557946,56.7918138357155,4.64905874077786,652.67456284915,0.076360784,6.482609617285694,1.5388134407779008,19.58593540081575
MAR,1995,0.525383113330817,51.7589098974736,1.10884974065159,1466.78820800781,-0.014075518,7.291511926291943,0.11230114028802972,5.86699352523663
MOZ,1995,0.515698865949713,27.6270913060259,0.0787881104198921,191.826096861406,0.06678486,5.261788730181459,-2.421502529616184,3.5304553865893276
MMR,1995,0.602907890657765,26.6474237802388,0.173689503413868,124.14348039051,0.03093338,4.82946092215814,-1.6945084282201206,7.193147883818778
NAM,1995,0.50518941037982,28.6711186131719,1.11735958106818,2483.20353415161,0.050013304,7.817707377760884,0.11987824456636997,-22.871113752758447
NPL,1995,0.826373838568149,24.1000758705435,0.0926751771453015,197.843001330326,-0.13982356,5.292515575310534,-2.2761848938397953,-0.3265066190959871
NLD,1995,0.218880971328311,70.6936274148982,11.4895679579916,29301.1940492376,-0.13639306,10.285417674428164,2.442309465793181,-7.347015224508169
NZL,1995,0.295649242319164,85.392759490696,7.84382316110415,17400.4201848172,-0.2478099,9.764307101688985,2.0610004401274615,12.947831134663076
NIC,1995,0.560651865868884,54.4454415882899,0.585664529582714,891.779352309996,-0.09113979,6.79433946446669,-0.5180776402151382,13.892190734412978
NER,1995,0.720581190474557,15.7991333007812,0.0568118124924018,237.01998956862,-0.2891868,5.472354659928648,-2.705875380354186,-10.558571271484045
NGA,1995,0.659103690016908,39.1364103583649,0.801782698246737,1271.61617353199,-0.35662317,7.148830039763972,-0.2085225876318362,-5.223379988820483
NOR,1995,0.228987086870483,73.9197422341132,9.32481858990123,34875.7043347536,-0.9500437,10.4595743877433,2.2337513434787963,-5.991004869150686
OMN,1995,0.4365132650847,71.6582885191073,9.50301057095214,7414.30279204109,-0.13513613,8.911301088807905,2.252660395434902,8.372986123054893
PAK,1995,0.626655828948729,31.9144613917436,0.682665046482763,450.550279346206,-0.62913436,6.112686727335097,-0.367208735046606,-1.3191644976692558
PAN,1995,0.478841084709017,58.2484116694001,1.60881200136389,3513.89737854631,-0.40670443,8.164765608525917,0.48169254773306663,2.979448738695311
PNG,1995,0.514805856472399,14.3541875157278,0.528262950667466,998.229967376131,-0.12317816,6.906984949730862,-0.619408082335124,-27.408656817584728
PRY,1995,0.496675261191545,54.1320651066411,0.842764955546152,1978.71514099575,-0.1472826,7.590708245154596,-0.15927131981764373,5.027362038881698
PER,1995,0.562087314144772,70.8898533910601,1.06322173891991,2189.53431515311,0.014386018,7.691900772574352,0.0706650955325628,20.698539341533504
PHL,1995,0.457653501901356,37.3960650120444,0.926297339762062,1199.84171414993,-0.37495676,7.0907780183484,-0.06582218226523039,-6.3403595037660665
POL,1995,0.264922641674694,61.5973714804995,9.23545325744025,3700.95956775144,-0.5504513,8.216617571342693,2.224131890942887,5.771619292133629
PRT,1995,0.322904436708011,51.008291015927,5.26690335378114,11781.3618502221,0.8947811,9.374358933732085,1.6633394396416679,-17.249352246767643
QAT,1995,0.359652191172287,95.0736862740883,40.7923005881495,15822.5090711554,-0.9364996,9.669252029060917,3.7087384667848795,23.649464569267764
ROU,1995,0.405056250927811,53.8985438392597,5.88105325849146,1650.04922365201,-0.74855167,7.409166257922694,1.773434803152471,6.743248717007489
RUS,1995,0.3637125010127,72.9352798461914,11.9194798272578,2665.77978515625,0.8131082,7.888626950527779,2.479012633085279,20.631509167544692
RWA,1995,0.814554517805158,8.81556593108499,0.082902752463026,227.971147849318,-0.2586193,5.433596003692215,-2.376202005366311,-17.12594603705299
VCT,1995,0.467656714947083,44.2664367297579,0.491830831424098,2795.36305613955,-0.03574546,7.93607494332883,-0.6894922052790501,-8.546833131833104
WSM,1995,0.469908585722424,21.5591351263865,0.754993670197226,1288.10473321401,-0.058518093,7.16170325116213,-0.2678877194418252,-22.938888480037733
STP,1995,0.660406690350326,48.5003270529522,0.394380814707736,768.710751184259,0.17893822,6.646014796461765,-0.9053982343367275,9.539794725143636
SAU,1995,0.395055456319402,78.9202387655061,16.3409960460508,10786.4008952769,-0.748334,9.286134148353135,2.794288815735455,11.609958150046864
SEN,1995,0.643532220094643,39.808479397638,0.31133234125605,714.994396357297,-0.22608726,6.5736723406133954,-1.1352793604219047,1.624764380131154
SYC,1995,0.427349830989046,46.8516399097002,4.51503240199724,7180.66832748656,0.026189804,8.879286992640084,1.5096247377886254,-16.089893342974598
SLE,1995,0.591886032390449,34.5015825546266,0.135792221390852,208.351997250955,-0.11441692,5.344017032667818,-1.9255728120595308,9.521974554424425
SVK,1995,0.382168106811088,56.6251654840935,8.53439174457138,4882.51158238228,-0.52195144,8.49361982662267,2.145275131420889,-2.1750523119249365
SVN,1995,0.338843559215067,50.2029106884133,7.52209187324612,10738.0887611468,-0.5127003,9.281645519132448,2.0191728084430474,-17.059170777082556
SLB,1995,0.472692951323721,14.620892263109,0.442644639269311,1220.17919311126,-0.049992878,7.107572222647493,-0.7926479221236121,-29.295869351563894
SOM,1995,0.902949608471535,31.0655148002693,0.0544405791236714,210.673254610492,-0.12699206,5.3550438338842925,-2.7420117336921543,5.967500395947145
ZAF,1995,0.457980306590355,53.2962166180026,7.30056477149405,3855.6340871567,-0.38417616,8.2575500839014,1.9893205308995825,-2.9690711644602104
ESP,1995,0.302361131288581,75.588297274636,6.4205210697298,15460.9110266653,0.5460693,9.64613492554135,1.8610555722492017,4.412308311812453
LKA,1995,0.487828483582024,15.8652068539762,0.355464349147362,741.838255293455,-0.08904616,6.610478329624467,-1.0065865445021323,-22.713732918500302
SDN,1995,0.719671507042081,32.1100625013715,0.186359976918097,462.585235595703,-0.57709485,6.138990263667052,-1.6278056873411972,-1.4060122226183935
SUR,1995,0.526008570808887,66.5632812810604,2.93571318836329,1609.82504373206,0.061763603,7.38450177624411,1.0803509570088448,19.672834733450195
SWZ,1995,0.522989626790858,23.0540254640177,1.46099730738753,1750.75400773784,-0.6472041,7.468372855096087,0.38594061115367545,-24.737033388246026
SWE,1995,0.264883336772998,83.9000015258789,7.09672968171639,30254.0273028727,-0.575252,10.317417641481157,1.9610421776234852,5.515741462314963
CHE,1995,0.203031701872524,71.5294706058473,6.33107252175818,50113.8321221345,-0.616369,10.822072293600707,1.847047921611676,-12.273799151173051
SYR,1995,0.440763159501247,50.0454433199127,2.7716598180409,779.699100153744,-0.7314472,6.660189800510933,1.0230478063842634,10.932699011050154
TJK,1995,0.421704204531068,28.4243889333252,0.512004201335982,207.034457343036,-0.674776,5.337703726284223,-0.6500796425955236,3.5125735678421712
TZA,1995,0.854413045415678,20.5123885728178,0.0967828028485332,258.418334960938,-0.15065272,5.55844195157776,-2.2369583874389587,-6.769726120251072
THA,1995,0.483490238820601,24.1089855182854,2.76739243231507,2864.36515719866,-0.20701234,7.960451075546805,1.0215125135422916,-28.966036605418687
TLS,1995,0.616380528075981,22.5638717902731,0.111501982385451,302.736982028369,-0.30673614,5.7161621362165755,-2.1078247004049993,-6.411851008500907
TGO,1995,0.56166216098787,30.8577053810879,0.167179343942367,419.220334892756,-0.24911404,6.040779180606842,-1.7305928167798719,-1.6037732763189148
TTO,1995,0.390713899224011,55.6994390265373,10.6682602810907,4114.68908475464,-0.061635494,8.322561555897346,2.3682099252342517,-1.2639455543048683
TUN,1995,0.3931447995134,61.623411363114,1.88688060089564,1968.16600944373,-0.4947649,7.585365386636011,0.6402107479575856,12.576080206980457
TUR,1995,0.440548878019733,55.0652399803539,2.9230143832552,3845.98997887841,-0.6906929,8.25504629783037,1.07603069392301,-1.1731620081659386
TKM,1995,0.29389961992235,44.7104145330766,8.26963046170753,592.247247321132,0.18239309,6.385611255307016,2.1137983371726508,8.546109898406726
UGA,1995,0.837789923647566,10.7273719125031,0.0489991443295781,278.520835668767,-0.08724705,5.633076836037714,-2.830232338070092,-17.356176316667757
UKR,1995,0.33405221603855,67.8409658081403,8.98455545000702,933.191772460938,-0.42965302,6.839681740986769,2.1966194442809184,26.800827069739356
ARE,1995,0.343592195551946,78.2578079598212,31.7918873338476,27003.2006807782,-1.0032,10.203747713654597,3.4595256381459762,1.094141896846594
GBR,1995,0.229888848310424,78.6591002712985,9.45102667176614,23252.6157127423,0.08719637,10.054215913450923,2.2471809048459246,3.1011149870115844
USA,1995,0.231752606863238,77.1977052961919,19.7968469043631,28690.8757013347,-0.30652964,10.264369285065419,2.9860276811749875,-0.6169185687727889
URY,1995,0.412054865043853,90.6034292163637,1.49461974515902,6050.48632253644,-0.42027727,8.7080591939987,0.40854020525275814,29.500549579046933
UZB,1995,0.307992286180195,43.4782464742032,4.57779393809707,582.54213674034,0.23107238,6.369116662898824,1.5233992850276905,7.491061689264605
VUT,1995,0.545097904454787,20.2407963936871,0.300352405511646,1491.78967004617,0.057280064,7.308401910217965,-1.170046835188615,-25.832485564367865
VEN,1995,0.48484208193605,86.352867491272,5.40329220461857,3486.98350635919,-0.17162578,8.157079056336265,1.6888574483675762,31.166443185050376
VNM,1995,0.498132218730037,21.4538464600183,0.477059384088314,287.802661028593,-0.438241,5.665743621064148,-0.7193692247537513,-6.98047952175785
YEM,1995,0.693053498440811,23.7984859251509,0.666449303819616,764.414656090937,-0.42058882,6.640417721084912,-0.39089777310083973,-15.101944696283248
ZMB,1995,0.646359402000208,38.4031143188477,0.268286317306761,433.312782642118,0.4507861,6.073764971854862,-1.2791047769239055,5.587432402303975
ZWE,1995,0.704738789277509,31.429986132892,1.48241407271464,648.315259628165,0.50523084,6.475918360898785,0.4003949919067382,-5.704041219153826
AFG,1996,0.748301713063324,17.9596489092802,0.0791295924972356,174.930991430166,-1.0373837,5.170091824002358,-2.4176638728545,-5.152340536855263
ALB,1996,0.436458194174615,38.8996042444751,0.648730616126789,1020.97618050188,-0.7006421,6.929493463742415,-0.41744060479397166,-3.104937762883658
DZA,1996,0.437316494995566,56.7789140999889,2.8074355551557,1616.83198721285,-0.44198847,7.388842252432429,1.0358270936110003,9.84185927790837
AGO,1996,0.504004256280219,45.4556005898678,1.10640250320144,531.115366543271,-0.057562828,6.276860320236771,0.11011146488590037,10.45906953826696
ATG,1996,0.459056787172655,34.1856194875816,2.62454749181176,9756.08717951992,-0.31482634,9.18574919014233,0.9687114373833546,-32.04672186914532
ARG,1996,0.434264304569832,88.3954731355194,3.56458686347583,7663.21271287469,-0.14694755,8.944317074076954,1.2738496068039884,24.75564325525466
ARM,1996,0.477454119112494,66.0590724916631,0.791189284891887,487.068624404558,-0.08237487,6.1904560197463825,-0.2216580491043089,31.990355619416775
AUS,1996,0.213115284285512,85.2405932056372,17.1567625528491,22055.838490507,0.047048014,10.001377968416781,2.8429751045888416,10.24998471084335
AUT,1996,0.234738663483186,66.1109299621598,8.54079090420337,29645.9451251491,-1.7395567,10.29711436792552,2.1460237820860906,-12.055312421898378
AZE,1996,0.411755555985477,52.1216049194336,3.65863712482288,409.185543774103,-0.23868418,6.0166096031208856,1.2998202374628074,19.919660527951116
BHS,1996,0.450135392627326,80.7886692099075,4.06572021889326,11783.797197226,-0.61750364,9.374565606671123,1.405047471908707,12.528806681710549
BHR,1996,0.378510679427058,88.1420275292704,27.5261767330322,12091.7802188235,0.092009544,9.400363877372499,3.3155006577022257,19.60514173691051
BGD,1996,0.733400436126598,21.9780786680138,0.176886229095842,371.917937677345,-0.059161823,5.921358389211938,-1.677255247835265,-9.201052896284445
BLR,1996,0.284828851825137,68.2737426757812,6.03949832911219,1427.26896385327,-1.6820685,7.264218475201193,1.7999753477967273,22.674904897801618
BEL,1996,0.283780527542006,80.6844777619461,12.5344048428628,27489.5551770488,-1.7605125,10.221597776555537,2.5292747369124227,3.3291367317780924
BLZ,1996,0.455605937073045,47.5323526855742,0.513527649660026,4043.26517997242,-0.6451737,8.305055151673098,-0.6471654331417143,-9.243047154038841
BEN,1996,0.615471159429337,37.126775626037,0.168354803877057,369.394384135736,-0.09138171,5.914568341036503,-1.7239804324289232,6.020555976306824
BTN,1996,0.711267545043198,24.7320934855918,0.652169159450713,552.873891403681,-0.21501273,6.316937027989654,-0.4122342278156472,-10.694783480551894
BOL,1996,0.547360215989719,59.9202441998117,1.04535975753877,922.113259069714,-0.5936045,6.82775193452605,0.053881711206340555,19.0082083860151
BIH,1996,0.428842783358744,41.2583401993513,1.13525696175159,718.933797141505,-1.5508798,6.57915925936801,0.13562903257138156,3.015706343400012
BWA,1996,0.611389703897788,50.354167296711,1.96117751384518,3156.26865681161,-0.60068136,8.057462583705625,0.6786310869488479,-3.762569791635748
BRA,1996,0.478712681742897,78.3021415455398,1.83087535382901,5179.13052009976,-0.4480176,8.552585531866548,0.6102411942711429,18.868746730433124
BRN,1996,0.376938839660748,69.3322406854373,20.4766726119433,25692.2357348562,-0.36108622,10.153983035261497,3.019774558236431,-7.2970494959888015
BGR,1996,0.381720426173751,67.6981964111328,7.37293828665095,1470.19259250682,-1.1881539,7.293828638276634,1.9991717011975787,21.781403056885935
BFA,1996,0.762012995645625,15.3191448028844,0.0481515383623522,242.733171352672,-0.1660881,5.496074066890122,-2.8447029452968478,-11.293260079201461
BDI,1996,0.639339682655101,7.33629447383088,0.0448727008918202,143.156741187159,-0.40328407,4.970901188077042,-2.9027393056523,-13.636774856555167
KHM,1996,0.59851924264133,17.8834321201168,0.154305928839849,324.655870983004,-0.5579378,5.785841213335976,-1.8060251691374591,-11.840508480187903
CMR,1996,0.577945028834198,43.9769773548092,0.394051118480939,826.965322327363,-0.34996414,6.7189712722610695,-0.9062138781319319,4.233034336350364
CAN,1996,0.252696449484039,77.8924633929695,16.5438869784748,21296.9723536904,-1.1263247,9.966367152503794,2.8066209369948565,3.277802984676896
CPV,1996,0.511012188764058,50.4962228454294,0.215235172622838,1179.51522705182,0.12334951,7.073706255257982,-1.4906102109740413,6.943115870203997
CAF,1996,0.705398650245332,37.5194864230787,0.0629808510855029,293.306575328658,-0.37531948,5.684621997255075,-2.6175581861412747,8.882443388867422
TCD,1996,0.717069106307824,21.5269357382438,0.0207419379042789,216.912541056484,-0.41340303,5.384093794477434,-3.4821275010799826,-3.883018756965434
CHL,1996,0.371983740923361,84.8148594016272,3.25049209158163,5333.50438729711,-0.23795839,8.581951261069477,1.1818781323249856,25.066133754757196
CHN,1996,0.511794325853272,30.4798641204834,2.74342450002053,713.337387811657,-0.69740766,6.57135538268062,1.0128454097042088,-7.678971274009363
COL,1996,0.498808607701064,72.3326212825811,1.73271101777993,2664.64056059983,-0.6582945,7.888199668168218,0.5554419569115219,20.033438785651484
COM,1996,0.560814089266518,28.286089746701,0.0839499345831655,786.380773511866,-0.46416712,6.668711960522755,-2.364993249417046,-10.918165989866186
COG,1996,0.645697507090622,56.8293178931295,1.16259283956863,898.794050151577,-0.56355476,6.802165903973092,0.15921739907242546,16.192026296989887
COD,1996,0.771870468300019,32.9262619269359,0.056534638592918,127.416132828292,-0.43678823,4.855276028443335,-2.710032585835286,13.194781984918503
CRI,1996,0.471625450963714,54.6783643677805,1.31115859489866,3226.96395598625,-0.55421925,8.079606863276151,0.2785090750324153,0.3238407750524175
CIV,1996,0.61164987783251,41.6377848898263,0.299961560160163,1170.23622049666,-0.49191347,7.065815068699358,-1.1713069886748617,-1.8305860856922607
HRV,1996,0.340372995885911,55.3155603054641,3.77527623397088,5299.6410536193,-1.5718905,8.575583045739002,1.3311188654604615,-4.364783091364366
CUB,1996,0.312784742169558,74.784049987793,2.36580700072341,2282.18809324202,-0.49932194,7.733328031765921,0.8653371695494093,24.14788772733727
CYP,1996,0.356711341662589,68.3349402485415,7.0699428597394,15139.220703125,-0.4531285,9.625110104370329,1.9572658370147835,-2.615283016392553
CZE,1996,0.247360592958317,74.5566488007996,13.3200281021064,6573.19643136362,-2.1925113,8.790907633814824,2.590019242373421,12.564138013614922
DNK,1996,0.227923824819247,85.0392028124808,14.0636251741853,35621.9878051732,-1.8637224,10.480746433313941,2.6443024906890167,4.901109107544386
DJI,1996,0.764033692544571,75.060192206982,1.72068086891608,761.943659476655,-0.35416207,6.637184187767338,0.5485148969304089,36.19448344596953
DOM,1996,0.450593481279633,57.8287488204273,1.60211251387109,2270.86558687203,-0.63621026,7.728356617383245,0.47754543933547183,7.245969883828316
ECU,1996,0.534376705681461,58.7951345734834,2.02946418366008,2135.8479374308,-0.7944767,7.667087095759196,0.712687118287653,8.870271164264722
EGY,1996,0.520024078351574,42.6396966117235,1.59521130616843,1008.97637629447,-0.23853047,6.917682219754304,0.4732554028498303,0.7619843985507941
SLV,1996,0.489151078724102,53.1766916094294,0.787179132948833,1651.31016800895,-0.7575924,7.409929689489581,-0.22667586641403645,6.013198716595113
GNQ,1996,0.561162566222851,38.8068320483764,2.3722307967083,391.686868235732,-0.5547984,5.973012521339926,0.8680373582243956,7.073035543344918
ERI,1996,0.520032902595225,29.1728047553789,0.430921077359072,325.838705371605,-0.41027403,5.789466793462293,-0.8188893824556612,-0.5900675257621906
EST,1996,0.250065402197361,68.4475740642067,15.2769084921242,3380.92630243199,-1.6726351,8.126200738101046,2.726996808007928,13.592722854817744
ETH,1996,0.802570801938972,14.102746963501,0.0535955398259911,147.327458851964,-0.4640986,4.999422389468715,-2.755211939617333,-7.176584612088492
FJI,1996,0.443757416681205,46.295551139339,1.44839006256617,2648.32766264,-0.1084218,7.882061174578559,0.3773331304302547,-5.937715872365487
FIN,1996,0.1959944178738,65.2098222301322,12.6716313729944,25756.6777073618,-0.9049709,10.156488025042703,2.5401545979096696,-11.446366670743629
FRA,1996,0.297429021286611,75.3592581297959,6.63417940846769,26757.6351494145,-0.96582985,10.19461250955634,1.8937411944670994,-1.7063136040127347
GAB,1996,0.499126824603002,75.9421043380347,5.49732425359045,4942.67870027615,-0.64127684,8.505865009217505,1.706078888806721,17.01039709096125
GMB,1996,0.647620095023695,40.9481646518734,0.119101589814125,651.784945724837,-0.11818393,6.4812477423007095,-2.0471556666110575,3.7569101062292134
GEO,1996,0.403629337555227,53.3941759015751,1.53623383935566,689.034634153312,-0.29134035,6.536741790756697,0.4358221931618818,15.607023180318947
DEU,1996,0.269159457435591,80.0543573168571,11.4674545321347,30599.7891048363,-2.1752608,10.328781075347722,2.440384635655258,1.548076069072934
GHA,1996,0.561479122334711,40.8143452217336,0.246521919120305,389.271267898831,-0.5505174,5.966842056049793,-1.360541163362296,9.146807515823316
GRC,1996,0.28470629522048,72.1791653357157,7.94151082120504,13432.5262183244,-0.8013155,9.505508817847778,2.0733619510140002,2.513227330599335
GTM,1996,0.522853072004085,36.8833711270944,0.630149158229497,1481.05986750672,-0.666899,7.301188201468404,-0.44605407004903114,-9.112449625608633
GIN,1996,0.609928100180439,29.7715516995972,0.117271029023679,726.025442583799,-0.056177616,6.588961473597627,-2.0614363796515605,-8.576338877370201
GNB,1996,0.773176136882399,35.3666984049549,0.180667841386578,614.729892454585,0.04818328,6.422808381095277,-1.6572224151710124,-1.1970310331299459
GUY,1996,0.422025257805861,29.2678028673613,2.07987629614241,927.523847211669,-0.14586703,6.83359606405117,0.7371048757764066,-11.706987533980328
HTI,1996,0.72138383493705,31.1210723005304,0.166148625303712,377.229465025972,-0.72758293,5.935501061772327,-1.736427178348465,-0.2099240674989602
HND,1996,0.502602311747091,43.3334870410143,0.678951766900623,812.817047602244,-0.64777595,6.701735583495445,-0.3725840149172779,3.7746218061487298
HUN,1996,0.297886731221885,62.9536297314429,6.16753293833388,4542.0120380978,-1.6659209,8.421345515568307,1.8209189908508534,4.92949750314196
ISL,1996,0.233510586833166,91.8401641845703,10.072290231894,28583.5208959793,-0.11245354,10.260620622878209,2.3107804423809912,14.065793662450403
IND,1996,0.720878288424587,26.7648638746349,0.850777408846526,401.046754673579,-0.24112003,5.996568387014257,-0.1499193342887487,-5.22187682478938
IDN,1996,0.478212882698788,37.5368685140699,1.24016834521671,1118.92133024129,-0.28495708,7.0210137209661445,0.2232782184195561,-5.450423100292426
IRN,1996,0.450203461437006,61.0621868466265,4.6780982581467,1914.78121294313,-0.8511775,7.557880762523806,1.5450270115573466,12.309987111276456
IRQ,1996,0.561135021657635,67.6058471597764,4.68179141179279,485.258492784825,0.15201871,6.186740360661518,1.5458144736633814,33.577029241228196
IRL,1996,0.335744294985231,58.1743161677665,9.92635071793617,20835.8977130847,-0.58576274,9.944480622650184,2.296199822267064,-16.20532546692578
ISR,1996,0.279673240537626,90.9329267580104,9.00643007730148,20224.2789080629,-0.21320684,9.914688532094297,2.1990484771638426,16.87319424697847
ITA,1996,0.318581505786811,66.8793923102889,7.55970235180512,23122.9337219116,-0.89381814,10.048623451994816,2.024153747231826,-8.618540812160902
JAM,1996,0.47493626134065,50.8002677601895,3.64018010959162,2928.89692611996,-0.82308215,7.982722522593676,1.2947765114705656,-2.513906399322437
JPN,1996,0.23109102946154,78.1374047267253,9.90822777260908,39150.0396308089,-0.9524564,10.57518225613173,2.2943742533818905,-3.014746090554752
JOR,1996,0.409795731438743,78.260589791547,2.87508478343887,1410.17424189419,0.04870534,7.252177432459947,1.0595542872020387,32.79104939953243
KAZ,1996,0.323587055630281,56.6232468416365,9.6265131630205,1281.39152895397,-1.6260523,7.156481995654351,2.265559338110532,12.18128936695173
KEN,1996,0.701239553838137,18.6611020359295,0.270656922593232,440.527078880876,-0.21326415,6.090239351981691,-1.270622271611901,-14.331482689745219
KIR,1996,0.512129749628253,37.0518305378991,0.21906732992024,985.885941426854,-0.47168955,6.894554471891428,-1.473739301523508,-4.5775346337267635
KOR,1996,0.301009221061461,78.7508147919442,9.58813088662829,13864.9376534518,-0.7892259,9.537190583130853,2.261568380207866,8.744676230955164
KWT,1996,0.333181950264132,98.1478003887634,22.9142561231178,18201.0958607918,-0.04894908,9.80929202362117,3.132195569333315,25.219821441626166
KGZ,1996,0.324940751029046,35.830952932877,1.27812017790883,394.856879614212,-0.9551465,5.981052730812671,0.2531839291592807,4.010820211807015
LAO,1996,0.576313471209339,17.9638238907301,0.0912860471873156,371.341879197673,-0.5979168,5.919812462324819,-2.2898066147530245,-13.198707424761384
LVA,1996,0.303274324112439,68.8495525824891,3.76469850912942,2360.1714816213,-1.7418896,7.766913165376138,1.3283205143803192,17.852751291311257
LBN,1996,0.590083136144638,85.3833099446618,3.73782368857194,3393.05090749359,-0.14943743,8.129779444943201,1.3211753218000912,30.490030382366093
LSO,1996,0.617635528382166,17.0902459734706,0.0656554543712337,479.671394625707,-1.2807698,6.175183865381614,-2.5815657412644564,-16.81447765667432
LBR,1996,0.580697034735263,42.9640007019043,0.12359510798109,71.4065248720036,-0.30074438,4.282296417872365,-2.012941635458016,29.385207653381354
LBY,1996,0.49007438057526,84.9199569276086,10.1498718869758,5591.02027544558,-0.13542938,8.629095909702063,2.318445832521209,24.66498942432932
LTU,1996,0.301623955449867,67.2663125852689,4.3306984953686,2340.67545970008,-1.905125,7.758621960558849,1.4680352787955944,16.358542712084777
LUX,1996,0.242876055252664,82.6176360369709,22.0843744341843,50444.3591236175,-1.7346659,10.82864603192939,3.0953230256308344,-1.2562228874647587
MKD,1996,0.509038280741392,59.6584367661814,5.10495872655279,2306.53366957635,-0.8659696,7.743934557636253,1.6321693302708957,8.908381041623393
MDG,1996,0.684312703988791,23.7907085718749,0.0936549559838935,339.877283663608,-0.3767015,5.8315225405598365,-2.2666876266376077,-6.423760658248934
MWI,1996,0.850067418445388,13.9614023621682,0.215460865042771,320.662735559137,-0.12152418,5.773503591536521,-1.4896086825826793,-15.630056169766295
MYS,1996,0.384475904882625,57.2317705759929,4.96064596756838,4837.16897250768,-0.39976454,8.484291616667486,1.6035498050165315,-1.468280383244327
MLI,1996,0.719171505902831,17.8491309532752,0.0380887298292599,359.662096047648,-0.08684826,5.887941497962033,-3.034707436408609,-12.971168176113647
MRT,1996,0.661802939907375,38.4770292471417,1.03011295113027,904.120879798142,-0.18936491,6.808068503618129,0.03932931411201256,-2.2236447919392432
MUS,1996,0.464360573529443,42.9662655387302,1.44303859978342,3951.94494649336,-0.5968248,8.282216136180569,0.37365694981231407,-13.563887683570982
MEX,1996,0.445615532165606,73.6269922663634,3.69826076040482,4674.36792733681,-0.107001305,8.450063139660635,1.310562968964781,15.294488594985978
MDA,1996,0.337538486463525,45.0867500305176,3.58362741675157,575.145455139019,-1.7674333,6.356360155099515,1.2791621148604577,9.236545335089268
MNG,1996,0.460396929557946,56.7421259611535,3.86933963913367,595.5810149554,-0.9913296,6.391215049508275,1.3556649430506127,20.517647472999435
MAR,1996,0.525383113330817,52.2102813479572,1.07893108603304,1596.83239746094,-0.6682276,7.376403238135371,0.08519656006877148,5.4067973525195825
MOZ,1996,0.515698865949713,28.1699399959342,0.0735729253574963,244.362651012498,-0.36894894,5.50273732433068,-2.4820356707053413,1.485984685235966
MMR,1996,0.602907890657765,26.823766962455,0.180315728054731,141.897267580367,-0.21236818,4.962125963551938,-1.659070859357832,5.944926480577678
NAM,1996,0.50518941037982,29.2771798908614,1.19166297613211,2423.3982907313,-0.6320999,7.79333864504937,0.18370641088415046,-22.003379669267364
NPL,1996,0.826373838568149,25.2906817030471,0.0962278286624024,198.821907435345,-0.12959652,5.297426507027228,-2.242169164365203,0.8113653557786513
NLD,1996,0.218880971328311,72.423330585432,12.0957550749499,29063.6236532536,-2.036327,10.277277031599997,2.4936809655574055,-5.529897378985211
NZL,1996,0.295571777985034,85.4708430476733,7.98609324758842,18794.436039393,-0.37378815,9.84136935548405,2.0789530783495977,12.198415928751487
NIC,1996,0.560651865868884,54.6219424540121,0.609855360727141,910.861645917295,-0.51851016,6.8154882745280565,-0.478269117308919,13.841594502652235
NER,1996,0.720581190474557,15.8138437271118,0.0635648987162777,239.494513213973,-0.22201188,5.482697275206457,-2.6095872866254304,-10.654920422650134
NGA,1996,0.659103690016908,39.9503563748504,0.911020186677168,1632.72469370276,-0.24206765,7.398617775118548,-0.08227332475077889,-7.0916685529691605
NOR,1996,0.228481416911582,74.1999969482422,9.3449577936958,37321.9741993473,-1.1966151,10.527364346302114,2.235906448085282,-6.438682496487942
OMN,1996,0.4365132650847,71.6407545318941,9.71683775892173,8068.00076784612,-0.52405614,8.995784933008512,2.2748888442911963,7.448259922828882
PAK,1996,0.62642343594634,32.1402116675762,0.694073458181412,456.996961832943,-0.6250308,6.126862550539657,-0.3508725842598645,-1.2456349990267412
PAN,1996,0.478363387981885,59.2406037081197,1.58749627278636,3308.18430390528,-0.6484887,8.10445700413582,0.4684375741127527,4.6192379221477395
PNG,1996,0.514805856472399,14.0420569362263,0.521859881276306,1071.04185150251,-0.027734915,6.977320381449384,-0.6313752053909505,-28.476053170769845
PRY,1996,0.496675261191545,54.9016155849672,0.813517870662733,2088.17109102236,-0.6367238,7.644522659123099,-0.19417002873441006,5.219050350044213
PER,1996,0.562087314144772,71.271133088093,1.14660448714815,2226.91682429265,-0.45117235,7.708822268345224,0.14548854633686745,20.898115076807585
PHL,1996,0.457653501901356,37.713489030079,0.951577361383551,1311.09249403865,-0.50871944,7.1793784655242,-0.03918025813270365,-6.974332010213502
POL,1996,0.264185654606934,61.6396786847836,9.64288349557546,4163.51195431959,-2.102829,8.334354369900652,2.2672566785483794,4.5496622119562105
PRT,1996,0.322479458763829,51.6932632041232,5.07822727568563,12185.0914010629,-0.26382303,9.40805053127784,1.6269294940035632,-16.92616230494859
QAT,1996,0.359652191172287,95.3885119686424,43.0680183509477,17124.7920861356,-0.2895306,9.748340915265779,3.7630128519485657,23.115029409515344
ROU,1996,0.404765759674825,53.677523113411,6.03747185331414,1633.01064354117,-1.3077556,7.398792789193819,1.7996403092231927,6.6336188747272615
RUS,1996,0.363951349376266,73.0623092651367,11.6575991912102,2643.92919921875,-0.910379,7.8803995761529455,2.4568157003021778,20.84688458964613
RWA,1996,0.814554517805158,10.2985679583814,0.070340825821269,206.04911417485,-0.482203,5.332956031667283,-2.521477371024057,-14.5622663985194
VCT,1996,0.467656714947083,44.3859599193481,0.438476294875308,2930.44394742606,-0.20500104,7.983250395438951,-0.8018994531157773,-8.933882568105417
WSM,1996,0.469908585722424,21.6634592335707,0.755377092195762,1419.35849045228,-0.21073835,7.258664576798117,-0.2673866356313124,-23.875740474777828
STP,1996,0.660406690350326,49.3645396106862,0.40230136826273,987.048712395264,-0.14135902,6.895732000576253,-0.8860007206652089,7.722530070618298
SAU,1996,0.395055456319402,79.164642592198,16.6669257463429,11471.5045960191,-0.21927102,9.347708546880728,2.8140260721706287,11.19317266422901
SEN,1996,0.643435389676981,39.9664704533115,0.327737444764065,723.469950081149,0.03142786,6.585440284131952,-1.085486475996158,1.6563906044664876
SYC,1996,0.427349830989046,45.4469524119701,4.60761348914509,7004.33603896356,-0.34032932,8.854427428921529,1.5298780108390526,-17.22763746427856
SLE,1996,0.591886032390449,34.6993438070346,0.152338177895366,224.258711163044,-0.17360528,5.417249569050505,-1.8180736017150168,8.933360762299653
SVK,1996,0.382168106811088,56.5346381613813,8.55870283050031,5247.70081044708,-1.4767929,8.565735860284487,2.1481163594847796,-3.0399656109194666
SVN,1996,0.337805321959026,50.2747487580715,7.90389152722379,10796.7399446283,-1.6701841,9.287092126827195,2.0686196364280285,-17.045818683468205
SLB,1996,0.472692951323721,14.8055435746538,0.4338285240992,1289.33036923435,-0.12142404,7.162653564749331,-0.8123169981308205,-29.702684551869933
SOM,1996,0.902949608471535,31.4324409964838,0.0543386607724112,237.241440951671,-0.32527065,5.473284617237048,-2.743594572240062,5.064750490971818
ZAF,1996,0.457980306590355,53.5749191516739,7.45379442483213,3617.55336002932,-1.0767763,8.193829600647453,2.0100639209406856,-2.006134541249466
ESP,1996,0.316950247549635,75.6972244638181,6.1368590688178,16100.6215831114,-0.45435742,9.686675265348605,1.8159412308388503,4.08591107969211
LKA,1996,0.490031375583831,15.5065242809941,0.492074344745144,776.192371057587,-0.254028,6.655687901523028,-0.6890070731538206,-23.55787838640739
SDN,1996,0.719671507042081,32.1664651904255,0.17960862298946,294.826965332031,-0.62839985,5.689774706811576,-1.6627932102931797,3.4740920747080395
SUR,1996,0.528687545697532,66.5963972897263,2.83731741220974,1962.88495820295,-0.19854482,7.582679911945734,1.0463772921444785,17.577902910023965
SWZ,1996,0.522989626790858,23.0616648391073,1.1471539368444,1619.19119707662,-0.66152644,7.390299444149079,0.14596348762795527,-23.891037388589297
SWE,1996,0.264896247495353,83.9365712484942,7.66378411125079,33022.2444768661,-1.1858369,10.404966970577656,2.0378098589363045,4.612201624784674
CHE,1996,0.202773487425426,72.0359167090865,6.38096113463945,48092.6433036512,-1.247458,10.780905291511251,1.8548846693852898,-11.325299492227302
SYR,1996,0.440763159501247,50.3656541639413,2.89835521181635,918.195857362788,-0.26035535,6.8234992197389115,1.067587702079656,9.499284237813058
TJK,1996,0.422704785513574,27.769317170259,0.44516438823359,172.035088688368,-1.1800476,5.153494398719867,-0.7870966324606451,4.8355517989725065
TZA,1996,0.854413045415678,20.8213839786497,0.113366088707074,313.658386230469,-0.37106815,5.751487562185603,-2.092599013161783,-8.533665206887285
THA,1996,0.483490238820601,25.6410878617897,3.0689653468995,3054.65690806473,-0.5361698,8.024749875680428,1.1245936142182626,-28.12437835023951
TLS,1996,0.616380528075981,22.8577751812964,0.134262486523319,344.013327625123,-0.14793253,5.843583047082667,-1.9361208156533878,-7.486200437960516
TGO,1996,0.56166216098787,31.3030262756242,0.246774693852586,452.068436882428,-0.27542353,6.116043188868033,-1.3595562562098777,-1.9666414842168756
TTO,1996,0.396284875920157,55.7836876407195,11.4320700300093,4427.27832448289,-0.27463308,8.395766147427473,2.4372969162619107,-1.9657719112760006
TUN,1996,0.393074866433977,62.0784646432836,1.91840663313261,2107.40815649257,-0.63019747,7.65368851354337,0.6566940832512602,12.297475954333883
TUR,1996,0.440755449577411,55.7904438860013,3.14001031845519,4041.36210281686,-0.2556738,8.304584479012139,1.1474057285322368,-0.979901844427431
TKM,1996,0.293563941141122,44.8415980584705,7.39180063694073,557.894220051334,-1.024747,6.3259602245713165,2.0017232999266623,9.317829506097247
UGA,1996,0.837789923647566,10.8839298766407,0.0520640273555157,284.698259285733,-0.4196631,5.654936216413591,-2.7795887275216087,-17.434345593530146
UKR,1996,0.341664162760302,67.7194202781316,7.76230925522764,869.846069335938,-1.5386046,6.769465232572773,2.0505673216689537,27.433270308362815
ARE,1996,0.343818133193157,78.2689693716933,31.1410228968372,28323.1650870532,-0.4494311,10.25147060927654,3.4388470824739996,0.5928522040098443
GBR,1996,0.229668290136861,78.8961449050823,9.75853126216864,24503.3829602903,-0.8778939,10.106607276871156,2.2791661233483316,2.7755782494848944
USA,1996,0.213699113436948,77.6523401060025,20.1432633985909,29967.7127181749,-1.0040851,10.307909207041714,3.003366230544411,-0.6298178602548603
URY,1996,0.411131748395477,90.7987169022654,1.7429929102611,6398.43575184095,-0.23964882,8.763965101686258,0.5613245615847126,29.095516522024845
UZB,1996,0.305978213492828,44.2710582086815,4.63040373319934,597.33228695111,-1.3268391,6.394146263424512,1.5348013739182609,8.01510418263441
VUT,1996,0.545097904454787,20.5187038440851,0.296060522728204,1529.27573115021,0.08744415,7.3332032145874955,-1.1839724098934885,-25.82089589826923
VEN,1996,0.48484208193605,86.8229097584563,5.88855063956305,3112.825848106,-0.53690434,8.043607425366345,1.7747066664223636,32.8549501301599
VNM,1996,0.498132218730037,22.072511130796,0.529093491924232,337.051231790277,-0.6252096,5.823197457340955,-0.6178662687097326,-8.052562893175523
YEM,1996,0.693144949390825,24.3989541605814,0.659838457147409,375.214994663363,-0.49303308,5.930160774295268,-0.40071870440371987,-6.874697903808858
ZMB,1996,0.646359402000208,37.9842763417749,0.220389640087636,399.511304742449,0.097496666,5.992741992682958,-1.4679833160687652,6.038623677277492
ZWE,1996,0.704738789277509,31.6769076006021,1.40881814173409,766.913775859535,-0.5422847,6.64367745582858,0.34982423051029893,-7.258526233622895
AFG,1997,0.748301713063324,18.0928569001719,0.0744360083634966,174.930991430166,-0.9220831,5.170091824002358,-2.4717613289870055,-5.019132545963565
ALB,1997,0.436253774403996,39.5368247261567,0.502051754592427,728.545523729675,-0.50424504,6.592421770031795,-0.6693295758628565,1.1517772938225121
DZA,1997,0.437316494995566,57.5455892957581,2.6918452197366,1628.76100561506,-0.36278597,7.396188660728655,0.9939349543060477,10.52964833322065
AGO,1997,0.504004256280219,46.7206500231881,1.11880886302453,521.70291489053,-0.18669319,6.259013262306598,0.12116297324829504,11.915761671237583
ATG,1997,0.459056787172655,33.7221431953478,2.72050441219934,10336.2591617838,0.012431462,9.243510041530572,1.0044863585030488,-33.13043739282293
ARG,1997,0.434264304569832,88.5972452835983,3.64279129140369,8146.78710021431,0.16950536,9.00550164792019,1.2954916127026441,24.300412049943404
ARM,1997,0.477454119112494,65.7324526103198,1.02837424517657,505.035887057966,-0.76351315,6.226607589812004,0.03765626424925045,31.275538170100063
AUS,1997,0.218613100221647,85.1953612480762,17.4985372932812,23683.4948964934,-0.2390337,10.072575889248814,2.8626886073019766,9.440225523577311
AUT,1997,0.23363587261537,66.3274969714236,8.47511954318508,26571.7523626508,-0.5565782,10.187641622498806,2.1383139873536003,-10.663220989853443
AZE,1997,0.414386115665291,51.9270782470703,3.49828086626479,505.516204188336,-0.54335797,6.227556315651493,1.2551261358046006,17.459976336074206
BHS,1997,0.450135392627326,80.8349403006729,4.03886730309034,20367.5732702056,0.0923028,9.921748466031783,1.3984371637518938,6.699397826764937
BHR,1997,0.378510679427058,88.043906178822,27.6000441339976,12254.6662583128,-0.550622,9.413743660727818,3.3181796244195105,19.363347529401764
BGD,1997,0.733405815594246,22.2953437419401,0.188351129764399,379.284917709635,-0.6193215,5.940920755219655,-1.6177164362255714,-9.093849595448958
BLR,1997,0.28414834916768,68.6145935058594,6.10897052641713,1396.44201900881,-0.97583026,7.242398715087206,1.8113938677368417,23.2500575243063
BEL,1997,0.28341472374195,81.0242671318444,12.2128973421227,24820.9380503896,-0.17268927,10.119483139932166,2.5033110240134517,4.765438743305111
BLZ,1997,0.455605937073045,47.5923402322735,0.854465016601823,4014.40380600241,0.027506351,8.297893195670403,-0.14564444130358792,-9.106154125858872
BEN,1997,0.615471159429337,37.4033808120677,0.20731039521582,344.550491498963,-0.2682004,5.845138772903526,-1.52642855477919,7.042699722509099
BTN,1997,0.711267545043198,25.4604387250299,0.677111206969073,630.447410148304,-1.2517589,6.448014660647873,-0.3752591265424315,-11.373957143370806
BOL,1997,0.547360215989719,60.4239436835356,1.24482425103148,970.351843368594,-0.06405783,6.8786887542218,0.22699552375862725,18.964945469757545
BIH,1997,0.428842783358744,41.5832598072054,2.17093260286191,913.813399054859,-0.85867786,6.818720109018687,0.7797525847988304,0.7682082375219537
BWA,1997,0.611389703897788,51.0524097340465,2.04607648704485,3194.18106145858,-0.4289361,8.069399035459014,0.7207995487710094,-3.192501636426485
BRA,1997,0.477389332701518,79.0008493879259,1.91554735453581,5299.39794248133,-0.13212554,8.575537180208633,0.6552102673413883,19.32099849771086
BRN,1997,0.376938839660748,69.8314191908431,21.2919326261459,25522.3975038009,-0.12785514,10.14735085962426,3.0587978022212066,-6.726654320101602
BGR,1997,0.385128856875448,67.6594467163086,7.13748973179719,1361.40938439884,-1.2698439,7.217010017462483,1.966761208598704,22.56753598046513
BFA,1997,0.761996857242681,15.8141283865811,0.0744634529586602,223.853958525611,-0.4056387,5.415451118245696,-2.47143634754313,-9.932542793488508
BDI,1997,0.639339682655101,7.50554699685361,0.0445631183441564,160.278342046962,-0.13546371,5.083131704863411,-2.9083971126784873,-14.672659858397417
KHM,1997,0.59851924264133,18.1846372155166,0.153798528076528,297.59041960803,-0.22492202,5.69907280022343,-1.809118093705326,-10.607579343866494
CMR,1997,0.577945028834198,44.5716175641045,0.386331566246448,783.251601945462,-0.27281094,6.66472988971513,-0.9255041295570041,5.410121525116466
CAN,1997,0.2535571643077,78.0903398790871,16.9077703204727,21901.5628548392,-0.4706738,9.994358934292785,2.8283645677447864,3.175102162699602
CPV,1997,0.511012188764058,51.3661010794665,0.210259751662438,1133.57422614008,0.34265184,7.034012728382096,-1.5129477397206048,8.239225401236943
CAF,1997,0.705398650245332,37.5623675900822,0.0608771979499958,265.5212823896,-0.38844284,5.5854540992901445,-2.6468065057749195,9.990194954062247
TCD,1997,0.717069106307824,21.5618719838381,0.0206900166171992,201.384076969355,-0.59361345,5.310167263218553,-3.4838178688974226,-3.054255311298906
CHL,1997,0.371983740923361,85.2214501061097,3.64026387124832,5741.95842989596,0.06703138,8.655729762442828,1.2947994584740419,24.680486812302952
CHN,1997,0.511561932850883,31.9099540710449,2.79439822775034,786.743548510999,-0.35803643,6.669172590836788,1.031188980397238,-7.299247939427346
COL,1997,0.498518116448078,72.8506360383423,1.84164288664664,2873.2814350993,-0.11308543,7.963557986374704,0.6160732918459543,19.7422517335459
COM,1997,0.560814089266518,28.2209336527364,0.0821226640828553,714.519968676115,-0.012387116,6.573009507308833,-2.384634284746828,-9.955663823918535
COG,1997,0.645697507090622,57.2976513812709,1.17193965639632,804.304050086499,-0.24721272,6.691219908077936,0.16715686556253015,17.851704053297482
COD,1997,0.771870468300019,33.4063254647945,0.0557854761454847,132.323520768553,-0.2203296,4.892778661495831,-2.721356192286984,13.272140165384549
CRI,1997,0.471421031193095,55.7720794004588,1.26449633696418,3407.776128985,-0.14226039,8.134108599399214,0.24255107073353563,0.832313137083311
CIV,1997,0.61164987783251,41.9897649794856,0.351401524380934,1124.65674867927,-0.31861338,7.0261219209110415,-1.0177656828447086,-1.0523787697005105
HRV,1997,0.338358923198544,55.4504271499415,4.03768974976405,5331.02343858808,-0.7632062,8.581486077123161,1.3981462862031022,-4.293303325866994
CUB,1997,0.311660433431151,75.0676345825195,2.5807756256766,2306.42483397336,0.4624219,7.743887391187009,0.9519573002526485,24.318085333914084
CYP,1997,0.356698430940234,68.4827583308314,7.03255909301579,14234.2412109375,-0.87659246,9.563475944488665,1.9519716116477472,-1.8056339008524986
CZE,1997,0.246833405128824,74.4028023190951,13.0058905501104,6069.38762357837,-0.82998663,8.711177740923773,2.566170961008487,13.266435551628064
DNK,1997,0.226159359430742,85.0706527086185,12.1573338535487,32779.879045297,-0.2236619,10.397600668451291,2.498754807694803,5.825382846419217
DJI,1997,0.764033692544571,74.6714241043403,1.66354825793334,748.232840194914,0.0017579397,6.6190498032917455,0.5149460777837096,36.00044337138696
DOM,1997,0.447064550502623,58.6073675691044,1.79168831029016,2448.89393535363,0.24837828,7.8038000109092645,0.5887241754629272,7.21447328113063
ECU,1997,0.534215321652025,59.3379890323065,2.07677136148592,2340.76600026857,-0.0338157,7.75866062467765,0.7356180684213265,8.429803981666481
EGY,1997,0.522283454763684,42.6357980293511,1.66267144456651,1146.20172117634,-0.6932443,7.045080970172282,0.5144220157287033,-0.6099290441814134
SLV,1997,0.488111765574531,53.9885835355981,0.958529426761008,1748.92111971129,0.21315844,7.467325991450985,-0.03197641274430906,6.208765963320026
GNQ,1997,0.561162566222851,38.808691785582,3.13863182107756,717.041481576821,-0.361344,6.576527341163256,1.1469680159684488,0.5943196135447408
ERI,1997,0.520032902595225,30.9261031643271,0.399045598905273,318.980960831984,-0.41905165,5.768261496623682,-0.8939286403877972,1.3909345388214582
EST,1997,0.2504742417386,68.0003912958243,15.1335264927279,3682.95230146695,-0.40915322,8.211741449806837,2.7175731464298143,12.226999171431487
ETH,1997,0.802581560874268,14.3073453903198,0.0542842606472463,143.369531498844,-0.2608808,4.97237620349442,-2.74444045768269,-6.681562737571028
FJI,1997,0.443757416681205,46.8061521189816,1.48078099931169,2573.72338605678,-0.5189174,7.853497384437014,0.3993001432450513,-5.120395327157041
FIN,1997,0.184842781439741,65.6793976054672,12.2072984833171,24682.29083271,-0.41387355,10.113881809191511,2.5028528559248215,-10.519283382364733
FRA,1997,0.297319280146594,75.6252262826369,6.47243151046425,24169.4008102822,0.123204745,10.092884056525785,1.8690956730781858,-0.34797967041933475
GAB,1997,0.499126824603002,76.8793794878098,5.12019664155322,4508.75340541142,-0.36324787,8.413997753709499,1.6351439901348255,18.934147934595984
GMB,1997,0.647620095023695,42.4301869523111,0.115020737342677,600.224023405754,-0.016845385,6.398967616171883,-2.0792756566980946,6.1224609725846975
GEO,1997,0.399395696516345,53.1079276912372,1.39117724883233,807.032285752352,-1.0004464,6.694602015337108,0.33731277529268167,13.625663107602328
DEU,1997,0.269062627017929,80.0628737777848,11.0621677727363,27046.9565464237,-0.45909587,10.20536673785078,2.40443455164493,2.8818225430373587
GHA,1997,0.561479122334711,41.6484565039731,0.253161392224271,377.841935501461,-0.28983513,5.937119061365705,-1.3349877763684277,10.300085966412755
GRC,1997,0.284087656440973,72.2800514373571,7.99168278343111,13015.9175046854,-0.8623972,9.474005136940455,2.079651867488701,2.952401708192056
GTM,1997,0.52393111732072,38.3195642319091,0.64214017005727,1638.46281851789,-0.026188532,7.402123917477915,-0.4274957554109799,-8.760109847369286
GIN,1997,0.609928100180439,30.0528319349072,0.115465550087816,695.58174225826,-0.1837066,6.5461851477955095,-2.075724059384977,-7.835724078911834
GNB,1997,0.773176136882399,35.771503413285,0.184634655890592,598.953470198484,0.042346638,6.396852102539822,-1.6366310372617727,-0.5135060635207793
GUY,1997,0.422826798485396,29.1553112711205,2.26173999173494,982.804753805587,0.19409864,6.8914274564349345,0.82054605405261,-12.440475834794182
HTI,1997,0.72138383493705,32.4720093703197,0.190430767969333,425.111085879256,0.27085972,6.054700077250873,-1.6072863887752757,-0.13895264870632928
HND,1997,0.501623248635177,43.8126442443997,0.67822304179526,917.272651200904,-0.07096577,6.822494352188512,-0.37364230493067996,2.9570646418588566
HUN,1997,0.298193360877814,63.2809526136067,6.05455369163322,4606.0569733295,-1.1041518,8.43534453154699,1.8024609521587587,5.106498173930667
ISL,1997,0.227771770746406,92.0188980102539,9.68066743383199,28461.7664095122,-0.19137448,10.256352070346185,2.271163302151084,14.290363442386905
IND,1997,0.720878288424587,26.9696862023486,0.878441939789039,416.228116203753,-0.672651,6.033633113482281,-0.11828597984894418,-5.415057589233751
IDN,1997,0.478212882698788,38.746630876665,1.33400750120699,1044.60674832472,-0.095236935,6.952352616310532,0.2956558233405836,-3.5033739810421096
IRN,1997,0.450203461437006,62.1140785217285,4.82861483278707,1790.06617575598,-0.7402258,7.490566350432261,1.5766284881949975,14.084704683457439
IRQ,1997,0.561135021657635,67.4895351063262,5.46166401665035,936.341170908421,-1.1545161,6.843047325794083,1.6995827779692187,26.413256531269873
IRL,1997,0.332193846337629,58.4058211904851,10.169151081972,22551.1139134126,0.5183444,10.023584083925773,2.3203416168762145,-16.82323780643297
ISR,1997,0.279522615443485,91.0183078868813,9.07027073337903,20469.4699017497,-0.787061,9.926738634022035,2.206104008620135,16.829180711836486
ITA,1997,0.31794888039142,66.950870776995,7.6163994849603,21883.9872666651,-0.05887528,9.993556167795496,2.0316158446634387,-7.955746788142278
JAM,1997,0.47493626134065,51.0332754966239,3.69072252347864,3296.91634805083,-0.24142218,8.101046138349963,1.308528077202031,-3.551464223029221
JPN,1997,0.23109102946154,78.2318902291629,9.77095123634546,35638.2319556941,-0.25489667,10.48120233128784,2.2804367427469514,-1.9110989335472652
JOR,1997,0.409795731438743,78.2689390880147,2.897042081452,1435.87593846863,-1.0501987,7.270226548648946,1.0671360973756447,32.60558628354002
KAZ,1997,0.332508364777528,56.4887303910647,8.55873289023528,1381.63593295187,0.35457525,7.23174705257882,2.148119867563288,11.238572553341122
KEN,1997,0.701239553838137,18.7575952945971,0.253179799932873,466.723814611399,-0.33899513,6.147877981997431,-1.334917830451658,-14.853916242632803
KIR,1997,0.512129749628253,38.6030123331399,0.221041748368926,953.162998384941,0.28379092,6.860834514699597,-1.4651568559200288,-2.664266064653596
KOR,1997,0.292380554954259,78.9918025094803,9.98535261017749,12821.6893313675,-0.17455596,9.458971484712418,2.3021202459871635,9.825584973221083
KWT,1997,0.332491226618144,98.325317830217,23.3538608355061,16977.3895620399,-1.0654379,9.73969661214246,3.1511904197960927,26.144658278312207
KGZ,1997,0.328356712985451,35.5531340123269,1.24284002647974,376.427930059811,0.49780428,5.933379636713885,0.2254129953606741,4.244917624443087
LAO,1997,0.576313471209339,18.8482710950308,0.0987575531185784,339.09319241187,-0.26308647,5.8292196753819745,-2.2186341574612194,-11.34146984086421
LVA,1997,0.303828409280171,68.5431100935952,3.62319763931289,2609.89308697195,-0.5074734,7.8674476207033415,1.2901131528914689,16.466764235342986
LBN,1997,0.590083136144638,85.5958792159991,4.03119945574986,3834.0590787531,-0.9858732,8.251940118833442,1.3965415428960524,29.390831550129953
LSO,1997,0.617635528382166,17.6629117791702,0.0647341974619366,501.981388900965,-0.96073407,6.220553169218326,-2.593817494252052,-16.7289899563264
LBR,1997,0.580697034735263,43.0233158123711,0.112308841855475,122.627993745516,-0.19126892,4.817277005993576,-2.1012059424552163,23.699871484673828
LBY,1997,0.49007438057526,85.5043894073521,9.25534870303688,6061.81366033598,-0.3793665,8.709929271694763,2.2262814956223793,24.381428771832063
LTU,1997,0.302553527459421,67.1859759231267,4.21432801036716,2844.16286797492,-0.5534523,7.95337559201324,1.4408601973585449,14.186930734725294
LUX,1997,0.241579603549524,83.0703531966602,20.3802598641078,46641.6408754876,-0.28292257,10.750270441966139,3.015057329189202,0.038095711857380365
MKD,1997,0.508947905684908,59.5653457641602,4.63315320133669,1959.56073782188,-0.9287519,7.580985802033864,1.535393704689134,10.56504283081756
MDG,1997,0.684312703988791,24.0990589894502,0.0994675806130341,284.371843967244,-0.22759263,5.6537930455413035,-2.2121268410230805,-4.206941048378578
MWI,1997,0.850067418445388,14.2291934921491,0.237908698465779,366.954461274104,-0.16379578,5.907959183973936,-1.3946947519491646,-16.80605666183343
MYS,1997,0.383430136371877,58.5008138949148,5.29808397743593,4678.56390058182,-0.20604913,8.450960200933464,1.6692309372634118,0.15867752974833138
MLI,1997,0.719171505902831,18.0945692720314,0.0369980918602789,320.75152297828,-0.4131155,5.773779579886261,-3.057648276813699,-11.499852838136725
MRT,1997,0.661802939907375,38.3206912812037,0.99000292787394,859.28395817576,-0.26362357,6.757262518674139,2.927869653747318e-06,-1.8344252687294755
MUS,1997,0.464360573529443,42.7217837556441,1.43117904629865,3695.73668844327,-0.42983308,8.215205733366142,0.36546156072050284,-13.088808038086768
MEX,1997,0.445545599086184,73.9513082519844,3.83666208411896,5567.35599516667,-0.5071818,8.624855135883996,1.3472057811075708,13.741878413584146
MDA,1997,0.335020895604316,44.9134635925293,3.28043092030992,657.29213459795,-1.5289458,6.489648806351336,1.1910185350179088,7.6319979543399725
MNG,1997,0.460396929557946,56.6994985490115,3.73919493836588,515.298004947316,0.4930582,6.246684127743557,1.3215411338321714,22.02700112901502
MAR,1997,0.525383113330817,52.6042202331149,1.11951356792443,1426.30114746094,-0.07683762,7.263540630573563,0.12178706918173267,7.01266118840838
MOZ,1997,0.515698865949713,28.5523811697494,0.0791387271089727,287.532091475389,-0.36089167,5.664806315378532,-2.417561391249633,0.1281200285028099
MMR,1997,0.602907890657765,27.001252468839,0.177232052915296,108.039770292032,-0.49872446,4.691712680746586,-1.6754065067574828,9.02612484209341
NAM,1997,0.50518941037982,29.9386684524006,1.20111480502751,2459.64511763936,-0.514499,7.808178837489567,0.191541261916942,-21.501245918683395
NPL,1997,0.826373838568149,26.5867669012845,0.104115241597103,211.834869589153,-1.128739,5.360516604895049,-2.170546449991413,1.4299855777775186
NLD,1997,0.218880971328311,75.5542374231759,11.5376617885866,26744.9601318097,-0.34768686,10.194138717809096,2.4464829739269294,-1.5062467085266036
NZL,1997,0.299432083969154,85.5395698424773,8.28789040806072,17474.187029724,-0.59352434,9.768537269747112,2.1160013147929395,13.049217706804853
NIC,1997,0.560419472866496,54.7838878574412,0.642156798534922,912.757429788533,-0.19727547,6.817565142126453,-0.42747025741772626,13.98123838641741
NER,1997,0.72052201633043,15.8930797576904,0.0618260705516359,220.562957209,-0.25665316,5.400706780291031,-2.6335077692277107,-9.69526590221538
NGA,1997,0.659103690016908,40.7720171281134,0.863537147151956,1720.27540949396,-0.2708907,7.450820812167142,-0.13520462352124415,-6.830566911974444
NOR,1997,0.228330791817441,74.7024361307612,9.83031932800579,36629.0309036621,-0.418789,10.508623699443323,2.286488162570715,-5.735005206754636
OMN,1997,0.44041068939559,71.6180309794696,10.0376132047911,8234.64063759005,-0.07967695,9.016226434071644,2.3073351142387923,7.206034396243098
PAK,1997,0.626210409027485,32.3647607033211,0.695324111662826,438.030942680153,-1.1217076,6.084569895056299,-0.34909784895956736,-0.5669450788894181
PAN,1997,0.478202003952448,60.1745220874573,1.63574159365036,3545.97670392453,0.032532692,8.173850886927,0.4981910994386976,4.808000932496704
PNG,1997,0.514805856472399,13.7491727353146,0.528260185734108,989.721550965343,-0.32444653,6.898433517013147,-0.6194132191190248,-27.921845838350983
PRY,1997,0.494695617097124,55.6410278886419,0.880316501794172,2078.50841313824,0.2477444,7.639886804925318,-0.1161782594803025,6.008242713666263
PER,1997,0.56234552859187,71.6470953159639,1.12253046561769,2300.67200774461,0.22467296,7.741391097698851,0.12445447922089432,20.92435140553028
PHL,1997,0.457599707224877,38.0456239750098,1.04000862684706,1273.27604875636,-0.47900692,7.150133491433307,0.048798380180499625,-6.328162908621664
POL,1997,0.263846748145117,61.6758780811754,9.38347969943332,4137.00831823145,-0.82056266,8.327969868509232,2.2400157995937304,4.654418739016833
PRT,1997,0.322258900590266,52.3795796967868,5.30168384001665,11575.5071124358,0.6323223,9.356733074576741,1.6699088923337073,-15.68879611099161
QAT,1997,0.359652191172287,95.6663501954995,50.6770208900999,20522.8012995179,-0.87025595,9.929340530642836,3.9256698796011174,21.449283709977166
ROU,1997,0.404849679370132,53.4454304223393,5.5121717330752,1577.33656023974,-1.2998904,7.364126761452454,1.7087712128206798,6.7737719156132385
RUS,1997,0.363886795764491,73.1156616210938,10.8668977253823,2737.57202148438,-0.44129196,7.915191903488822,2.386641065234216,20.5266350015824
RWA,1997,0.814554517805158,11.8344861701004,0.0621386474535017,238.749371368214,-0.16055314,5.47959409172972,-2.6291653525943217,-14.600955823073106
VCT,1997,0.46423537352303,44.5111967229227,0.528544029131791,3073.7784743848,-0.101538815,8.03098813679508,-0.6188860231806388,-9.3212562835582
WSM,1997,0.469908585722424,21.7585739054982,0.771626667868226,1607.88744330521,-0.29200283,7.3832981901049415,-0.24637805924986905,-25.118948467277445
STP,1997,0.660406690350326,50.2308830666086,0.393746130922388,661.668232822488,-0.18747361,6.4962744619598345,-0.9069689873459531,12.87827077036875
SAU,1997,0.395055456319402,79.3866214749866,16.2238417223637,11545.3455998551,-0.87736773,9.354124267604499,2.7870980585294554,11.34625918142342
SEN,1997,0.643435389676981,40.1278066029348,0.352130312990959,650.776321407448,0.1378336,6.479701437740282,-1.0157511512958424,2.9531563615743437
SYC,1997,0.427349830989046,44.3776725669881,4.79959647693322,7746.69851330444,0.09353431,8.955151112219017,1.5706131880690186,-19.378493816793508
SLE,1997,0.591886032390449,34.8989639771697,0.145590349708349,199.880001395777,-0.072364174,5.302707721797642,-1.8605286890303798,10.362937652268233
SVK,1997,0.382168106811088,56.4343476181338,8.46391175955377,5172.41757491248,-0.97605234,8.551288788746922,2.1369922390694063,-2.985122697306295
SVN,1997,0.336573423867661,50.3755853554947,8.16417886398289,10436.7260661871,-0.5889989,9.253182027960447,2.100980266965668,-16.580853560342966
SLB,1997,0.472692951323721,15.006256870651,0.434628957921242,1292.23951946469,-0.43408346,7.164905604821937,-0.8105151470466615,-29.52615378729744
SOM,1997,0.902949608471535,31.8140050754292,0.0521565206833642,280.112724233259,-0.4181293,5.638755742748065,-2.7780995480516752,3.6694764304782126
ZAF,1997,0.457980306590355,54.0040163031993,7.69045800806266,3700.23554789867,-0.6419282,8.216421974753985,2.041279808657259,-1.8196355581295123
ESP,1997,0.315684996758854,75.804258976453,6.59031471072665,14722.3717633536,0.46525368,9.597191426063063,1.8871173313389924,5.153828030365389
LKA,1997,0.489910337561754,15.1948401614719,0.481570785063732,827.035756058631,0.016822973,6.7190563370985625,-0.7101493313236155,-24.5500162879382
SDN,1997,0.719671507042081,32.2179601401085,0.212389070451303,373.09375,-0.7345856,5.924506434451644,-1.5033268614675117,1.005024691118507
SUR,1997,0.528687545697532,66.6271812628574,2.86073288146639,2067.59814938391,0.025336107,7.6346264343208095,1.0545673565688234,17.050882239703178
SWZ,1997,0.522989626790858,23.0630430265279,1.14897654065277,1705.39874942229,-0.7200925,7.442140434281984,0.14753732312840526,-24.44633063354071
SWE,1997,0.265412676389549,83.96246905017,6.98574122586977,30324.1845796306,0.08787968,10.319733820508668,1.9453015676028638,5.55333772751996
CHE,1997,0.202488375640088,72.4834259015645,6.18350701786707,41584.441782159,-0.081312545,10.635505427840418,1.8235014881134486,-9.316478485124762
SYR,1997,0.440763159501247,50.7142395730045,2.81075932856223,940.826589804978,-1.3130163,6.847821170374362,1.0370061141521871,9.58669918960669
TJK,1997,0.423537527105466,27.2166948515698,0.484801775424039,150.088550171239,-0.04284978,5.017866089910084,-0.7035980503052477,5.739313795894848
TZA,1997,0.854413045415678,21.1392073338172,0.10378715444117,363.597686767578,-0.11763573,5.898794517648402,-2.1734256420339966,-9.797632123965915
THA,1997,0.483253542244094,27.1975244444636,3.08630521042351,2473.14096982086,-0.046342373,7.813648531854917,1.1302095330467132,-24.301123808615902
TLS,1997,0.616380528075981,23.1554302535899,0.134433221687251,348.86424098109,-0.46779552,5.857545196326253,-1.9349380118985589,-7.338471699992283
TGO,1997,0.56166216098787,31.750270422516,0.179787218282212,448.001096915436,-0.19458818,6.107025330758058,-1.6618517381603004,-1.4225630759011132
TTO,1997,0.39620095622485,55.8490234420447,11.3719486979988,4393.94496943068,-0.27300325,8.388210288864705,2.432028652878453,-1.819300880894552
TUN,1997,0.392961897613372,62.5006240305309,1.9501723228397,2202.06090620956,-0.11450831,7.697602993360509,0.6730323891938789,12.248079217382816
TUR,1997,0.440355217184409,56.5266669756207,3.25282819588816,4197.37636165642,-1.2688878,8.342453148971938,1.1825943640301444,-0.6503146368484849
TKM,1997,0.293893164561173,45.0827873053312,7.26455186280907,565.022638048501,0.03863579,6.338634073955464,1.9843822115463485,9.42292625410225
UGA,1997,0.837789923647566,11.0460796171733,0.0531523405468674,286.846637912964,0.008656979,5.662427831056956,-2.7622053675808185,-17.352641227277807
UKR,1997,0.341782511048556,67.6298703351538,7.52630723463351,987.489807128906,-1.5130063,6.896178331104707,2.019732305369984,25.983068073072886
ARE,1997,0.344231276308515,78.3820753836003,29.9216656432681,27982.7957040564,-1.0000366,10.239380896776346,3.398916971611424,0.8357782204575557
GBR,1997,0.229361660480932,79.1448635770901,9.37530790788559,26910.1381529902,0.36195266,10.20029553762366,2.2391454780123348,2.018267172141222
USA,1997,0.21450603358413,78.0855804195199,20.9036173654078,31459.1389804773,-0.70338845,10.356476594290918,3.0404004953892443,-0.7180968494604087
URY,1997,0.411131748395477,90.9527192912429,1.75950759226828,7436.29342620682,0.2968031,8.914262274840508,0.5707013114233257,27.635619515046642
UZB,1997,0.305726454406907,45.1051737362168,4.54625539165014,620.59129581366,0.22261111,6.432282796081619,1.5165011001266995,8.439707503602897
VUT,1997,0.545097904454787,20.7971872722147,0.298351906359878,1562.03090670153,-0.33287892,7.354382104187286,-1.1765135951091397,-25.769832563377413
VEN,1997,0.48484208193605,87.2585953115854,5.78525083667705,3710.82688355096,-0.33894762,8.219279455844136,1.7570387608725557,31.40425965954671
VNM,1997,0.498132218730037,22.6883281488073,0.60145320114386,361.643884085566,-0.19428904,5.893421317157538,-0.49191685802828483,-8.190813583565802
YEM,1997,0.69318260566436,24.9808729368956,0.687515049846883,382.584928722421,0.0307525,5.949561053192665,-0.36023118867798365,-6.50110040018917
ZMB,1997,0.646359402000208,37.3758882162063,0.270692102024204,465.871942164799,-0.07555294,6.14605500628555,-1.2704969327247726,3.7839518934564964
ZWE,1997,0.704738789277509,31.8999718540415,1.29812881057909,750.583100340929,-0.57943535,6.62218178237557,0.26859772722226655,-6.8046402443290965
AFG,1998,0.748301713063324,18.2358143638901,0.0735542951052808,174.930991430166,0.11704131,5.170091824002358,-2.48225861765846,-4.876175082245364
ALB,1998,0.438599222298472,40.2038749364394,0.612076598274589,831.175344077295,-0.19825058,6.72404316870943,-0.474692045473664,0.4054696121196386
DZA,1998,0.436488056977792,58.3146995318038,2.70979701859974,1603.36623200836,-0.26315188,7.380484086559196,1.0005572520084822,11.4673951592561
AGO,1998,0.504004256280219,47.993006712291,1.12382638592501,429.188126933192,0.40755287,6.064222617506217,0.12559809475317701,15.279791126923499
ATG,1998,0.459056787172655,33.2309527532477,2.73297243550793,10906.8785406961,0.39019585,9.297240609020474,1.0090421628739608,-34.198589653940836
ARG,1998,0.434264304569832,88.793030675725,3.79486518244647,8218.99212764682,-0.074077524,9.014324530342567,1.3362805590030071,24.401456840412564
ARM,1998,0.477454119112494,65.4304988457517,1.08237717168147,590.239947333459,0.615123,6.38222193726576,0.08835621300018524,29.302588896521925
AUS,1998,0.219253256871745,85.1552971935996,18.3860838677391,21516.0403147759,0.28332654,9.97660047297608,2.9121378086876755,10.430750821504503
AUT,1998,0.232490046006371,66.5106754931446,8.53656778435533,27212.4642905708,-0.48004937,10.211467140489468,2.145529773624216,-10.735882204080085
AZE,1998,0.416909085992148,51.4672050476074,3.45974977884494,561.906807871869,0.42469397,6.33311408667979,1.2440824815157714,15.86661792643934
BHS,1998,0.45440400020592,80.8883035965274,4.57465564039471,21667.448821694,0.24391603,9.983612510136,1.5227149971942249,6.088461579814961
BHR,1998,0.378510679427058,87.9541250246595,28.4942183247856,11625.0343768343,0.653477,9.361002205149605,3.3500520877179847,19.839907055593528
BGD,1998,0.733405815594246,22.6195132518384,0.188857889086581,385.616881752796,-0.04564317,5.957434233055185,-1.615164834559561,-8.947002728049984
BLR,1998,0.276627853395941,69.0234222412109,5.98767092373155,1511.32531567314,-0.81770414,7.321403689465253,1.7913712144888623,22.810526455209796
BEL,1998,0.28313499142426,81.3594119449727,12.4775458374628,25338.4432934904,-0.33382988,10.14011748415828,2.5247318146356266,4.879010821673532
BLZ,1998,0.455605937073045,47.6419509742997,0.838910526572902,4125.92539958166,0.22390938,8.325287953403516,-0.1638014850642999,-9.350709814444436
BEN,1998,0.615471159429337,37.679598833816,0.193755376877406,361.601983057505,0.235871,5.8933057673005695,-1.5908351376270031,6.80169788222706
BTN,1998,0.711267545043198,26.1800723075463,0.695250555375065,638.278962310609,0.22419375,6.460340919849099,-0.34920214161354246,-10.786683617013512
BOL,1998,0.547360215989719,60.9098755943764,1.22391648946267,1022.14506519545,-0.07998625,6.930636559608548,0.21019324852757906,18.893058960095836
BIH,1998,0.428842783358744,41.9075231102159,2.70235704595051,1006.70479669823,-0.56209546,6.915430545320905,0.9978180155240521,0.05398950221377419
BWA,1998,0.611389703897788,51.7387899315932,2.38185474009256,2981.19639702109,0.35156307,8.000415353994683,0.8720691068583493,-1.7653708345299322
BRA,1998,0.476286541833702,79.789068166086,1.94230001237588,5105.89246192003,0.35807672,8.538346369429668,0.6690081710457477,20.508574268365244
BRN,1998,0.376938839660748,70.3122205685247,18.385005682091,17769.2463451942,0.37470865,9.785280784034835,2.9120791974499216,-2.357924353851729
BGR,1998,0.384767356649511,67.8654022216797,6.88582700338848,1820.44866449942,-0.40481827,7.50738743296029,1.9309164465311284,19.655402664630515
BFA,1998,0.761996857242681,16.4430937418116,0.0686792168149497,249.53173292493,-0.040889103,5.52358559084493,-2.5423762395658573,-10.464731413062207
BDI,1998,0.639339682655101,7.67835128653415,0.0463382892297985,144.456948255536,0.2726628,4.97988015454987,-2.8763808821032377,-13.391134684715334
KHM,1998,0.598535381044274,18.3715559169572,0.165381604659346,258.780953189377,0.59366673,5.559838788190118,-1.7407910810585414,-8.925558085264477
CMR,1998,0.577945028834198,45.1484656467721,0.391612218148501,798.745621406677,0.4050654,6.684293703862063,-0.912268287390862,5.776892284493897
CAN,1998,0.256025802011312,78.2693823081821,17.0401244257494,21024.5850687045,1.1859754,9.953495311740754,2.83615750140081,3.7929404411722913
CPV,1998,0.511012188764058,52.2194567928358,0.211922216360759,1186.74294773086,0.49096236,7.079810102546444,-1.5054283352594717,8.600806366292488
CAF,1998,0.705398650245332,37.6060609272702,0.0606256512090546,266.570544600384,0.23700237,5.589383249700823,-2.650361868898862,9.99169685583379
TCD,1998,0.71705296790488,21.5945561484855,0.0203808113024069,219.779530915601,-0.16828918,5.397164605919052,-3.4939440770227357,-3.9557534462080604
CHL,1998,0.371983740923361,85.6144109902521,3.62656193409233,5419.82417297191,0.5117602,8.598003144307455,1.2910387117041477,25.69331932931783
CHN,1998,0.511510289961464,33.3501663208008,2.83592410230809,835.095348597432,0.4067932,6.728742659927324,1.0458878311139166,-6.49870240132401
COL,1998,0.498125415309783,73.3667607289768,1.81889553033016,2604.87166959518,0.107918896,7.865522512264726,0.6037122493138533,21.311086792098926
COM,1998,0.560814089266518,28.1550746063967,0.10240090438001,704.479817408486,0.23098087,6.558878163383292,-2.185683295469418,-9.869779714037545
COG,1998,0.642579567641909,57.8079287900723,1.36399620468547,660.379775085784,0.402963,6.494328221135158,0.3177234315586933,20.476215335942456
COD,1998,0.771870468300019,33.8958139811728,0.0540534826291397,131.461338858019,0.3308021,4.886290820645937,-2.7480368785166527,13.831295477278395
CRI,1998,0.470872325493011,56.8692582794794,1.36923653616676,3617.45756666726,0.19225042,8.193803127463141,0.3215301114165837,1.28848885708004
CIV,1998,0.61164987783251,42.3472061187643,0.327935492837592,1177.37133815342,0.23668592,7.071888542172222,-1.0849002513061423,-1.1863821523526923
HRV,1998,0.337222779631311,55.5584318277687,4.19835243213188,5712.58985659548,-0.45169592,8.65060280152978,1.4370712248113833,-4.927477874895892
CUB,1998,0.311337665372278,75.3100128173828,2.52503191746191,2332.30656133119,0.64163715,7.755041665588313,0.9302062276786414,24.440688350516197
CYP,1998,0.356801716719073,68.6080447821551,7.23537747608655,15092.828125,0.3296658,9.622041205805024,1.9803636760146524,-2.3092244794743664
CZE,1998,0.247349834023021,74.2547289190302,12.4309173565015,6526.59635780951,-0.19398974,8.783794062288843,2.5209908270762336,12.338604058126947
DNK,1998,0.225142640045292,85.0920806648854,11.3599193396804,33346.4884298957,-0.4897455,10.414737739059467,2.430971213601872,5.662791986346846
DJI,1998,0.764033692544571,74.2489779796812,1.63565700820188,735.349107889529,0.31583133,6.601704337640954,0.49813970156276055,35.76425382061333
DOM,1998,0.447064550502623,59.4555813779028,2.020874662259,2607.85457321405,0.15838385,7.866666543151609,0.7084665683645691,7.387622773798348
ECU,1998,0.534645679063855,59.8393139134949,2.00228810537822,2284.01572847769,0.018628439,7.7341281866646545,0.6992724355142204,9.194559545279354
EGY,1998,0.522283454763684,42.6559554142127,1.71747844761215,1212.82259820477,0.013417959,7.101529830961821,0.5466628005252188,-1.1959226628195765
SLV,1998,0.488111765574531,54.8269693353978,0.997809644671345,1859.73085887742,0.09126934,7.528724624408887,0.0077793072437170345,6.387849831062979
GNQ,1998,0.561162566222851,38.810342340543,3.66998506564568,577.868525342745,0.24823634,6.361075379841357,1.3029086939241483,2.90950529985529
ERI,1998,0.520032902595225,32.4002451026521,0.293246389799392,341.91736400208,-0.022732258,5.837489496863013,-1.193209636259702,2.121702364216123
EST,1998,0.252088082032965,67.6521763500664,13.7120930111762,4093.39247738765,-0.8239963,8.317373628110863,2.6190071624978914,10.744500026040711
ETH,1998,0.802592319809563,14.5135431289673,0.0558980905165565,126.465095781244,0.1910038,4.8478425685412825,-2.719645813363025,-5.1381159076131695
FJI,1998,0.444397573331303,47.2625624522263,1.44978826597005,2010.49636073149,0.07479445,7.6066341821570305,0.3782914018951634,-2.0131542119224264
FIN,1998,0.174067707741034,66.1787142075127,11.5538028733105,25999.9861694953,-1.4132757,10.165889745880284,2.447879777425486,-10.578430894083837
FRA,1998,0.297241815812464,75.8918556090764,6.81353446656297,24869.4030795939,-0.3338383,10.121433744128673,1.920377587839275,-0.38791847570203686
GAB,1998,0.499126824603002,77.7979485501723,5.71362078868664,3699.99513906504,0.31542793,8.216357018974064,1.744601610143686,21.974994187617263
GMB,1998,0.647620095023695,43.96201460512,0.12186026447599,610.234711461724,0.42926836,6.415481028552718,-2.0260125195657173,7.476966685750433
GEO,1998,0.398319802986768,52.8545115995706,1.29312162978334,851.515542450841,0.514657,6.748191440605368,0.264762639744296,12.796800789935894
DEU,1998,0.268785046487299,80.0722584625357,11.0498012759607,27395.9440608051,-0.3110502,10.218186755528608,2.4033170281172773,2.753545165673799
GHA,1998,0.561479122334711,42.4529260811866,0.335514122511322,400.366799508524,0.33839163,5.994875721203825,-1.0627217610343342,10.484361321280534
GRC,1998,0.283366807776157,72.3911938989336,8.26968197125715,13022.9648774809,-0.14528315,9.474546391485068,2.1138045583910534,3.057732148395985
GTM,1998,0.52393111732072,39.9406715289323,0.781208970706459,1741.20114182856,0.334524,7.462904616779228,-0.23419316063571255,-7.791669076465503
GIN,1998,0.609928100180439,30.3398459469057,0.11776802495425,647.379920832778,0.2651596,6.4744768221284446,-2.0575389643190722,-6.778702081731222
GNB,1998,0.773176136882399,36.1495398230088,0.185435795171764,497.724279563733,0.5782121,6.212053397077279,-1.6325233669398838,1.8489091130165818
GUY,1998,0.422826798485396,29.0315973956489,2.29103205139958,939.685488169724,0.46903658,6.846608852229514,0.8333577402911057,-12.082925048152205
HTI,1998,0.720854495320498,33.8786759252981,0.191536192242503,465.363306259051,0.22604306,6.144964957539598,-1.601786299617367,0.29844460654626914
HND,1998,0.501623248635177,44.3018421264124,0.764801150257337,988.655986927253,0.35491833,6.897357394788438,-0.2551488628642638,2.642379012985913
HUN,1998,0.297429476471815,63.6080202030422,6.05920964840253,4751.7732430202,-0.64051443,8.466483567295883,1.8032283903998627,5.099193067386018
ISL,1998,0.224757117076533,91.6760097262822,9.88224647596945,31519.1647473126,-0.88491225,10.358382770712998,2.2917512660460297,12.85186382897298
IND,1998,0.720878288424587,27.1832515534447,0.884093818156602,413.630864056851,0.005665938,6.02738864020453,-0.11194456730502841,-5.134438737133465
IDN,1998,0.478212882698788,39.9075139498987,1.32606233289908,454.877800792123,0.3237481,6.1222247928821085,0.28972673038766655,6.571467782699855
IRN,1998,0.448597690344113,62.9052391052246,4.75902620927922,1709.19334096046,0.10346508,7.444361707994511,1.5621421350609395,15.372013284615214
IRQ,1998,0.561135021657635,67.4917273345237,4.11929979021953,900.937142559106,0.4619834,6.804544830892822,1.418107850279291,26.828890688945044
IRL,1998,0.33013458612202,58.6407683900153,10.7156632269381,24294.8547674007,0.23942082,10.09806102907357,2.372639302243655,-17.388028181895585
ISR,1998,0.278516654993331,91.1059081529216,8.96062636074359,20188.8141481667,0.28332916,9.912933506121707,2.1939555020323236,17.065021208293928
ITA,1998,0.317464728303111,67.0286199053679,7.7754334354466,22365.1837644545,-0.1865182,10.015305443795752,2.0522544794518107,-8.11154259386646
JAM,1998,0.47493626134065,51.2645934193083,3.85354760177699,3419.49352868739,0.23556757,8.13754012627919,1.3515858292103817,-3.7120207703626065
JPN,1998,0.228427117082309,78.3266396189341,9.37017721518987,32423.7556133801,0.34415945,10.386677472174902,2.23859865571705,-0.8013363547482157
JOR,1998,0.413297764877514,78.2751272220723,2.87288615420841,1532.11380395602,0.39129135,7.335056112226052,1.0587919292218364,31.915630961926738
KAZ,1998,0.334096383627182,56.3528764778678,9.04827104922518,1414.59289652597,-0.5639794,7.255303730463501,2.20367826842502,10.849765724191563
KEN,1998,0.701239553838137,18.8798697768976,0.269419296701055,487.883239905452,-0.4705124,6.1921236877645285,-1.275041769758687,-15.206754607184486
KIR,1998,0.512129749628253,40.5328905371864,0.224149806787536,874.484349123221,-0.6143236,6.774777275064944,-1.4517941685182651,0.1896995599955531
KOR,1998,0.291960956477724,79.1812369650495,8.50386342645069,8583.43557499234,0.6915061,9.057706025683041,2.1416958262214747,14.32383022246212
KWT,1998,0.332491226618144,98.5480279188186,25.1193134313144,14066.9509572183,0.35961476,9.55165450746456,3.2240350305023955,28.386574934707582
KGZ,1998,0.329706959365069,35.377704663362,1.29104228021929,345.137046084246,0.44578156,5.846834783584684,0.26316569724926786,4.99881171687748
LAO,1998,0.576313471209339,19.8765944516706,0.103996253238689,243.923962451418,0.57972336,5.500947805032769,-2.171589697455041,-6.788144901379614
LVA,1998,0.305614392539268,68.2946532826521,3.49279404021296,2893.79998716563,-0.7528612,7.970671298558377,1.2535609472293359,15.109885836406384
LBN,1998,0.590083136144638,85.7699966430664,3.93314871686452,4124.85527892575,0.36134794,8.32502861762238,1.371979570863037,28.780120616349002
LSO,1998,0.617635528382166,18.2204915806807,0.0633117606224872,464.683745548265,0.017902473,6.143506746111569,-2.613034237905067,-15.34408138273762
LBR,1998,0.580697034735263,43.189424629289,0.108272125189692,134.675393352518,0.2818451,4.910265219171491,-2.1347671639138484,22.867467701991362
LBY,1998,0.49007438057526,86.0399388978625,9.0292107851376,5301.08354775559,-0.17671521,8.575855144505956,2.201571868063971,26.356673689356462
LTU,1998,0.303263617188941,67.1089563241809,4.48670467758572,3180.64498555255,-0.6540057,8.06515363307959,1.5033448346483076,12.909632320335966
LUX,1998,0.241738835791902,83.5316200221732,18.3807393454203,47445.3810812051,-0.46893445,10.767355533083261,2.911847241474223,0.3159018796940529
MKD,1998,0.508954361046085,59.3418252359274,5.06479875946627,1875.81662735988,-0.38430133,7.537332337280192,1.6242868708344989,10.810275632529425
MDG,1998,0.684312703988791,24.405035318938,0.10746083570636,284.192923139852,0.07634592,5.653165874557144,-2.1416503140964553,-3.8942301220167685
MWI,1998,0.850067418445388,14.4227423983849,0.247116709207073,236.045479450504,0.18119828,5.468252019140998,-1.358225175740547,-11.890907789156712
MYS,1998,0.383430136371877,59.7202602034782,5.05105900643332,3294.30978444095,0.48377466,8.100255459039623,1.621575751210274,5.144010842190248
MLI,1998,0.719171505902831,18.3643952818488,0.0374739928017332,356.647044025322,0.15393972,5.879546589527429,-3.0475732378488423,-12.365758854341767
MRT,1998,0.661802939907375,38.1919255436732,0.985997621482787,821.266378551937,0.2563119,6.7120644040583,-0.0040104094698811925,-1.4778511402734438
MUS,1998,0.464360573529443,42.4821872861094,1.55331556392034,3641.62142564086,-0.1496679,8.200458873310813,0.44680892736322486,-13.17005190500057
MEX,1998,0.445319661444973,74.2716464717421,4.01785211222843,5832.69342004468,0.13149627,8.671405598488846,1.3932332592439816,13.562355179511826
MDA,1998,0.336731566316343,40.7304458618164,2.99394220617349,578.734627562193,-0.66585517,6.3625704601518285,1.099925494759923,4.813554565687049
MNG,1998,0.460396929557946,56.6674861290427,3.69922829285884,483.878066074871,0.7103908,6.183897449173747,1.310823847667145,22.669195552004503
MAR,1998,0.525383113330817,52.9553071144083,1.12986017344077,1668.49755859375,0.16746743,7.420277997024898,0.1309056000071621,5.680693520299933
MOZ,1998,0.515698865949713,28.8204506770301,0.0747615519400173,320.125121723292,0.07061402,5.771830834482656,-2.4679132359335063,-0.7530456967203385
MMR,1998,0.602907890657765,27.1792847331724,0.190370992968402,145.950830383757,0.5349267,4.990098043640094,-1.607584665914749,6.000078501158395
NAM,1998,0.50518941037982,30.6417040777766,1.20837168769784,2235.24515468625,0.5993154,7.712553468106775,0.1975152850486546,-19.771379763856654
NPL,1998,0.826373838568149,27.9874840142543,0.108300732121564,205.075246306069,0.20723708,5.328241375423951,-2.1345253193308595,3.177275898044293
NLD,1998,0.218880971328311,76.75231877333,11.5143371429004,27924.281808994,-0.21883406,10.237287715524584,2.444461072512877,-0.7715016932325796
NZL,1998,0.294971429395531,85.6005599181034,7.981625163827,14738.4455703918,0.62170666,9.598282551086909,2.078394138823298,14.938412410886002
NIC,1998,0.560419472866496,54.9348900789023,0.73545326195237,949.155373494771,0.23639345,6.8566255222687,-0.29376284030085625,13.712808075686603
NER,1998,0.720532775265726,15.9723119735718,0.0646190589636578,246.090855923026,-0.16625531,5.509756106737304,-2.595359322315847,-10.78701141257765
NGA,1998,0.659103690016908,41.6009143497997,0.762241596637639,1822.46998452473,0.34672007,7.50849654974843,-0.25845782890320323,-6.620994964943904
NOR,1998,0.227841260261484,75.3306335451989,10.1779682741415,34803.4634058738,-1.0448657,10.457500916327588,2.321207443070499,-4.5578485067994166
OMN,1998,0.438167451386423,71.5922539210329,9.96558363168502,7219.02932432025,0.53150576,8.884614293418824,2.300140470506424,8.593515816607116
PAK,1998,0.625990926747451,32.5871723893723,0.682884187311321,424.453697798497,0.11354836,6.053156123757377,-0.3668924116348639,-0.007210571257346032
PAN,1998,0.478337566537175,61.0086248345759,1.97638907030409,3807.83868807701,0.22198232,8.245079615378872,0.6863184529333366,4.877245635976713
PNG,1998,0.514805856472399,13.4991868296818,0.63698249648207,733.479860137662,0.3707981,6.5991625754118095,-0.4354360381979269,-24.95824374534727
PRY,1998,0.494695617097124,56.3338701365719,0.902383151106372,1889.88455618586,-0.70199174,7.544800017712845,-0.09169525530710847,7.722132165778092
PER,1998,0.56234552859187,72.0206806682894,1.05969381183806,2156.39377651613,0.5681489,7.676656187222293,0.0673724503623506,21.993063823273978
PHL,1998,0.457599707224877,38.3932821236964,0.997227587266798,982.865943728564,0.35310268,6.891489651723073,0.007201593431277193,-3.2031728386779292
POL,1998,0.264594494148173,61.7057783335144,8.64038341503705,4533.5356551781,-0.4468681,8.419477965945935,2.157603645399254,3.70169995682096
PRT,1998,0.321957650401984,53.063097347651,5.71047054604065,12199.206385024,0.10229969,9.409208147383506,1.7440510653020873,-15.568758707481443
QAT,1998,0.359652191172287,95.9063773884453,51.7469941778344,17665.4408438222,0.5158594,9.779422121359294,3.9465595762079757,23.299143111390592
ROU,1998,0.404514000588904,53.2201892003114,4.84219728458409,1852.5549693339,-0.66574305,7.524860679196561,1.5794316507218196,4.82256095435028
RUS,1998,0.364177287017477,73.1912078857422,10.9244418990828,1834.86181640625,-1.3768448,7.5152693049527155,2.391917614790837,24.896572349315548
RWA,1998,0.814554517805158,13.3253915215227,0.0615218541786047,246.154673288384,0.10695442,5.510014348287063,-2.6377522231368724,-13.436704876736165
VCT,1998,0.46423537352303,44.6390594079879,0.590210284502562,3301.10018129103,0.36867347,8.102313963599192,-0.5104752109967803,-9.95929428963278
WSM,1998,0.469998960778908,21.8409099914022,0.787568821441547,1506.30359215846,-0.19087219,7.318077632987836,-0.2261871515680354,-24.336270415346164
STP,1998,0.660406690350326,51.1117219088898,0.397865734524089,513.569380269738,0.6987543,6.243330396075265,-0.8968172407861564,16.47523704588332
SAU,1998,0.395055456319402,79.5914231760733,16.7202591309517,9836.05729768574,0.2622057,9.193911890207163,2.8172190038776854,13.271430292524386
SEN,1998,0.643424630741686,40.2959748402772,0.385859046746737,684.588105785786,0.60105497,6.5302770185125825,-0.9266970736489901,2.578241202566012
SYC,1998,0.427349830989046,43.9534538495124,4.81571671359359,8209.51444287,0.35329866,9.013170861003482,1.5739592654371546,-20.425731820338214
SLE,1998,0.591886032390449,35.1028239380579,0.152288813336794,156.51811883387,0.36707368,5.059540491864118,-1.8183777326732289,13.17794083873904
SVK,1998,0.382168106811088,56.3273931206821,8.28618262147817,5560.916177503,-0.43012717,8.623697964112747,2.11579548388144,-3.869610942945137
SVN,1998,0.336648736414732,50.4899621472228,8.0904145024119,11131.5666628231,-0.37706295,9.317630025304863,2.091915233506364,-17.15852294487901
SLB,1998,0.472692951323721,15.2278000948096,0.434771196288934,1091.89096889326,-0.055723507,6.99658172921474,-0.8101952946872227,-27.49713943466608
SOM,1998,0.902949608471535,32.2115159455126,0.0512542767586256,363.200013489992,0.24849796,5.897703204333573,-2.792721607364305,1.286395070738319
ZAF,1998,0.457980306590355,54.6562438276427,7.72882761031744,3309.60933087472,-0.043634575,8.104887539306572,2.04625020459345,0.03025493108633981
ESP,1998,0.31543969303411,75.9145056905294,6.77741218450136,15382.3348573373,-0.060970146,9.641040050331398,1.915069747349672,4.793225780785463
LKA,1998,0.489264801444008,14.9379455930521,0.487991962573893,847.533577843861,0.5559928,6.743509657072027,-0.6971713414975792,-25.069491964878146
SDN,1998,0.719671507042081,32.2646062997555,0.186035004574436,350.702880859375,-0.10639191,5.862786730687148,-1.629462040930236,1.7144204589823886
SUR,1998,0.528687545697532,66.6552313249677,2.84779823614032,2428.58641994202,0.43972525,7.795476324294622,1.050051480843612,15.351717246332335
SWZ,1998,0.522989626790858,23.0294921563872,1.15598149566568,1546.51519325373,0.07263088,7.344405822445115,0.153563217875854,-23.43040181156767
SWE,1998,0.263798836095185,83.9840819295031,7.11836911960198,30605.3669074811,-0.8549587,10.328963335169078,1.964082473283685,5.475843565630726
CHE,1998,0.202138710242976,72.8556433017258,6.370871115208,42680.5867322391,-0.5324574,10.661522882143537,1.8533046264700306,-9.223637954819921
SYR,1998,0.439601194489305,51.085856389276,2.90859031303418,960.837504927725,0.39473546,6.868845522601621,1.0711007302006292,9.73255534353288
TJK,1998,0.425183644205717,26.8051784145572,0.52059477394345,213.749145581577,0.31496114,5.369470582190917,-0.63375668666087,1.552248785357392
TZA,1998,0.854413045415678,21.4707357691933,0.087932132235763,386.378448486328,-0.044506866,5.9594021182595185,-2.323480568426492,-10.116911471356413
THA,1998,0.482570349852813,28.7216489344742,2.71491319535592,1847.70379269771,0.68548983,7.522240019904794,1.00243657269257,-19.647838526406108
TLS,1998,0.616380528075981,23.461140722988,0.201054608341379,345.59090957317,0.4362429,5.8481451495087375,-1.55563837168579,-6.9318230055939445
TGO,1998,0.56166216098787,32.199032024664,0.215288773940204,461.158245854911,0.32500792,6.135907355929437,-1.4903722599482288,-1.2839382647506739
TTO,1998,0.392424569936037,55.8952417414289,13.7026083306302,4612.70900312686,0.23360841,8.436787368501827,2.6183157257072587,-2.2947059616332908
TUN,1998,0.392805893051583,62.8945821796079,2.01021477693573,2285.01933541864,-0.38026556,7.734567302507367,0.703203830976696,12.2451125610757
TUR,1998,0.439961440152584,57.2901857314518,3.23222867004141,4331.02761275037,0.30969703,8.373790982235,1.176260954460099,-0.22330327575002684
TKM,1998,0.293893164561173,45.3928311026819,7.39325433561266,590.791293266381,-0.08208392,6.383154027567212,2.001919678620196,9.254912316007491
UGA,1998,0.837789923647566,11.2213607656387,0.0602865382656077,292.453037058835,0.17435248,5.6817176164441765,-2.655174988322693,-17.384494866055547
UKR,1998,0.341674921695598,67.5546753434196,7.23726373211481,831.336791992188,-0.6119428,6.724237156980108,1.9806239813671154,27.754186962271177
ARE,1998,0.339370389341889,78.5955507596055,28.4428044668814,24889.4269192279,0.5177199,10.122238547453508,3.3482467309999295,2.307134652009509
GBR,1998,0.229124963904425,79.391563988228,9.35942825449444,28396.3523548013,0.07764193,10.25405119285978,2.2374520756580294,1.6877363706485227
USA,1998,0.214129470848778,78.4785364495296,20.8257864667542,32853.6769523009,0.2708753,10.399849386755882,3.036672011546413,-0.7908802747648735
URY,1998,0.411131748395477,91.0763563098556,1.82271986367341,7836.89183322307,-0.614806,8.966725178361095,0.6058011277581096,27.195906960776426
UZB,1998,0.306933606947091,45.9623687995325,5.11435935858771,621.048904301242,-0.4091568,6.433018713926977,1.6340055140085223,9.289000240206995
VUT,1998,0.545097904454787,21.0789121810505,0.301155832721114,1470.97189048658,0.379189,7.294358202969653,-1.1674614224536672,-24.843567668293023
VEN,1998,0.48484208193605,87.6459206250794,5.74365765803861,3869.98258848894,0.17217366,8.261263652631325,1.7498357670157236,31.340756335265944
VNM,1998,0.498610991350699,23.2768490668943,0.662583337029676,361.350928411167,0.58054763,5.89261315774648,-0.39662925395002574,-7.59361460482091
YEM,1998,0.69318260566436,25.5432575968119,0.709313172445449,342.73940747773,0.30544505,5.839883833895762,-0.3294584494092049,-4.760995665712926
ZMB,1998,0.646359402000208,36.7233466797411,0.247226231986643,373.084763057408,0.41634002,5.9244824109266805,-1.357799301202554,5.510669196696924
ZWE,1998,0.704738789277509,32.0964924488698,1.29139351872735,552.448328691252,0.09770664,6.316168394026282,0.2634356278353248,-3.3221308830693133
AFG,1999,0.748301713063324,18.3903267537499,0.068549614750964,174.930991430166,0.03511409,5.170091824002358,-2.544024818799676,-4.721662692385564
ALB,1999,0.438443217736683,40.8972844798541,0.992962508098037,1056.34481153033,0.13750525,6.9635161498256215,0.0029581285184826518,-1.4725950209924648
DZA,1999,0.436488056977792,59.0844647469391,2.78775720725696,1596.11822239025,0.05894764,7.375956173271114,1.0288180988030968,12.285781358853129
AGO,1999,0.504004256280219,49.2595265298203,1.15090505759312,392.725539027496,-0.40603796,5.975654065105351,0.1491999229663004,17.4973649810695
ATG,1999,0.466948466212097,32.7288426074498,2.72174408818179,11342.3349230913,-0.112672806,9.336385618975934,1.0049402653524526,-35.121041091567015
ARG,1999,0.434264304569832,88.9851757922053,3.80302240416156,7705.54288252851,-0.3622938,8.949824972033566,1.3384221565889698,25.28620179765946
ARM,1999,0.477454119112494,65.1678732605826,0.980113573576873,582.669886150895,0.53566074,6.36933555956637,-0.009935621648707213,29.178337951065828
AUS,1999,0.219656716945336,85.1245230581889,18.5055078963383,20749.6443779096,-0.416468,9.940332579533758,2.9186086456036113,10.789423340949241
AUT,1999,0.231715402665077,66.6585047330725,8.28616307346899,27078.7081612201,-0.49985728,10.206539950056031,2.1157931276131294,-10.535144519519491
AZE,1999,0.417560001577542,50.998251151426,3.4314991700855,573.893528734031,0.29640856,6.354184856232671,1.2359071817071898,15.1714049360911
BHS,1999,0.45440400020592,80.9534267622834,4.05645559956698,24041.0933188158,-0.29835573,10.087561461348049,1.4027717599783343,5.0373751319731355
BHR,1999,0.378510679427058,87.8816934803747,27.9004942116527,12123.3534715368,0.86935836,9.40297139244891,3.3290027547240517,19.316808046248795
BGD,1999,0.733405815594246,22.957073677202,0.197803215117866,388.095684268235,0.15695143,5.96382528835417,-1.5711637282621793,-8.678069809578776
BLR,1999,0.275093091276001,69.4807636785987,5.80063027477132,1210.6117195862,0.44482645,7.099706751924227,1.7596890460079446,25.648461925563772
BEL,1999,0.288186311545621,81.6897832361771,12.0249522340127,25252.8019066564,0.21407133,10.136731993929546,2.4878151023042427,5.245735695054492
BLZ,1999,0.455605937073045,47.6748311644458,0.846566749192265,4289.5277590653,-0.72266895,8.364165025116773,-0.15482303174751968,-9.73529378039499
BEN,1999,0.615471159429337,37.9666992766374,0.205845703829516,525.130597245974,-0.3129902,6.265549465657997,-1.5331914606787695,3.0916248099431343
BTN,1999,0.711971179411541,26.8905741047879,0.687632063634288,685.419830628567,0.3529376,6.531489438532306,-0.3600634446651142,-10.84017856645806
BOL,1999,0.547360215989719,61.3856107973717,1.04933848364844,979.344494964572,-0.5394518,6.8879040353680665,0.05764464128019689,19.827658382636997
BIH,1999,0.428842783358744,42.231107373121,2.63714180914,1134.60298042083,-0.2434843,7.034919049129389,0.9734804953422544,-0.9055004276488674
BWA,1999,0.608684907564433,52.4455101724909,2.45627732571984,3339.99596033431,0.13064408,8.114024233237291,0.9027098581594355,-2.2785890511351923
BRA,1999,0.474328415609873,80.5466061325216,1.95707166300643,3493.57192043228,-0.4174614,8.158966163741963,0.6765459713850742,25.339917962128474
BRN,1999,0.376938839660748,70.7761419705137,18.8108737645228,19752.2013255542,-0.27095127,9.891070849626834,2.934966560524933,-3.029982553966178
BGR,1999,0.386290821887391,68.0479965209961,6.10426199031888,1660.9089125393,0.24784307,7.415722167980461,1.8106240734368766,20.82230367229222
BFA,1999,0.761996857242681,17.1834171163423,0.0698146891280879,292.836958697313,-0.5523462,5.683025051258124,-2.528047717179151,-11.436477823026184
BDI,1999,0.639339682655101,7.85700717598833,0.0471820556700917,127.51419578119,-0.4892613,4.856039371238951,-2.8615151418756413,-11.882669583380299
KHM,1999,0.598535381044274,18.5111858410878,0.158384363720352,286.753596443196,-0.87833136,5.662104546023264,-1.7815060335018382,-9.884063550709563
CMR,1999,0.577945028834198,45.7065709798209,0.36724602998663,796.262649784591,-0.49076667,6.681184172537061,-0.9748577049505062,6.368387937678499
CAN,1999,0.255176384069712,78.4439309329358,17.2178440083094,22315.2466731545,0.47182083,10.013070242549896,2.8465269126064903,3.3277701488689218
CPV,1999,0.511012188764058,53.070640362009,0.217683905948011,1326.74466945164,-0.46886906,7.191237044571527,-1.4797969893590275,8.255481241034623
CAF,1999,0.705398650245332,37.6519674007269,0.0614835967770047,267.995954011083,-0.52799016,5.594696338637732,-2.638287271308212,9.980551085086702
TCD,1999,0.716988414293105,21.6248884424631,0.0203582640992228,186.638531146223,-0.38116488,5.234517405387745,-3.4946865053218388,-2.178906476123
CHL,1999,0.371983740923361,85.9716540411206,3.74659751387024,4933.55581516755,-0.06658939,8.504017940758457,1.3235136311938012,27.05978071778494
CHN,1999,0.511226254069655,34.7797050476074,2.75219491752047,881.146614068925,0.24381173,6.7823582712953545,1.0160256236485836,-5.64489108831151
COL,1999,0.497818785653854,73.8699996302493,1.5665300900955,2241.22911801216,-0.770438,7.715225791993284,0.45522628646561347,23.428220226246367
COM,1999,0.560814089266518,28.0922134983353,0.104775559722069,707.228776682623,-0.25472197,6.562767172405831,-2.1647767121689667,-9.97440121705927
COG,1999,0.642579567641909,58.345204994721,1.37460375867906,776.416349733937,-0.49219465,6.655976049498662,0.32541400388980934,19.27770817834744
COD,1999,0.771870468300019,34.3941798041357,0.0483000715699727,96.3192243479286,-0.5769391,4.577996547763632,-2.8421519580111316,17.640142331515992
CRI,1999,0.466267501186424,57.962918759456,1.3384424695263,3690.96154778297,-0.91166705,8.213913180558476,0.2989502001190167,2.1662064695890706
CIV,1999,0.61164987783251,42.710690759617,0.423863124483219,1096.13520587572,-0.58327323,7.000457703250895,-0.8350261759999684,-0.05586919441098104
HRV,1999,0.335996261007594,55.6365686493584,4.4183205369325,5269.03394637289,-0.24865322,8.569792082951643,1.4880204008742681,-3.981591067309111
CUB,1999,0.310772821269251,75.3816833496094,2.5868772595945,2561.77980406838,-0.36789846,7.848847809317233,0.9543096691819231,23.5050632994409
CYP,1999,0.357085752610881,68.706218074521,7.38568394195229,15287.91796875,0.550606,9.634883529169151,2.000896578965514,-2.348952768921734
CZE,1999,0.246865681934712,74.1194096710694,11.6412903326183,6377.6211077224,-0.06375267,8.760707225663722,2.455416932043138,12.451192544568912
DNK,1999,0.225228711527659,85.0999984741211,10.7626950961508,33426.2381077405,0.16911273,10.417126358823188,2.3770147009171545,5.645060663846181
DJI,1999,0.764104701517523,73.8042499581697,1.64812252664253,740.21930978973,0.085083805,6.608296546135712,0.5056859542495189,35.248738298017
DOM,1999,0.447064550502623,60.3614054332546,2.15563007683448,2620.8896817272,-0.5681596,7.871650589345141,0.7727113476748169,8.2399278642066
ECU,1999,0.534177665378489,60.2913906089831,1.74101971847023,1575.30234730971,-1.0694885,7.362837096757639,0.5601983145025746,13.633580593404709
EGY,1999,0.522283454763684,42.6900387539957,1.80938162541848,1268.30949160496,0.080197096,7.146228324192502,0.5984966771014903,-1.6418142268299363
SLV,1999,0.487104729230848,55.6870076151174,0.985187439760564,1908.0804545224,-1.0149235,7.554376967689643,-0.004824177896234229,6.972431823370108
GNQ,1999,0.561162566222851,38.8123944156763,3.85603419592515,930.912549299779,-0.52730066,6.837238979059753,1.3522292260458169,-2.2015138094306295
ERI,1999,0.520032902595225,33.4920561707444,0.306989397951898,311.336209255125,-0.046408337,5.744080201388512,-1.148886950610845,4.216547637005178
EST,1999,0.252297881271232,67.43756162347,12.5302464891055,4140.93660232167,0.2230589,8.328918735783748,2.5289431912401024,10.405913291797894
ETH,1999,0.802597699277211,14.713321685791,0.053477988173412,120.734631499865,-0.21834056,4.8018435240144495,-2.757062076116436,-4.444397054918403
FJI,1999,0.444548198425444,47.6792097632103,1.53361031367061,2327.95720514091,-0.12436215,7.753175894937038,0.43412403222845963,-3.170079954739272
FIN,1999,0.164029621110087,66.6718213970733,11.402244982745,26180.4128562349,-0.30072448,10.172805005014405,2.434686900238346,-10.159580141322493
FRA,1999,0.295795814908714,76.1682703613968,6.67500237099655,24576.3152254528,-0.056382935,10.10957915117611,1.8998665652279723,0.015791554393189244
GAB,1999,0.499126824603002,78.6945795382183,5.3019430160191,3751.35318950625,-0.4720966,8.230138439359532,1.6699576847105508,22.723639517857904
GMB,1999,0.647620095023695,45.4929344401818,0.123677494863252,575.459893151216,-0.5549901,6.3569057677334735,-2.0123251346727153,9.636870925975366
GEO,1999,0.397469847098403,52.645783673319,1.17598609830867,673.537782887275,0.05066624,6.514027690220217,0.17057457901330364,15.102536225636278
DEU,1999,0.268559108846088,80.0826572678738,10.604888221829,26965.4922773722,0.12159258,10.202350347511045,2.362257564890544,2.933996200187366
GHA,1999,0.561479122334711,43.2178251472243,0.357323686476311,403.037326127273,-0.62005585,6.001507265097469,-1.001511840143458,11.178050500534667
GRC,1999,0.282807343140777,72.5179414727182,8.2611684512983,12742.5404388143,0.24253654,9.452779789955231,2.11277578699957,3.4182106987769316
GTM,1999,0.524344260436077,41.6231547208891,0.756835024881894,1603.64776144934,-0.81618947,7.380659548207089,-0.26548359216900946,-5.226033768582461
GIN,1999,0.609928100180439,30.63021654503,0.120494274555866,610.614842942762,-0.43169832,6.416102742796982,-2.0364259263169693,-5.861507376437384
GNB,1999,0.773176136882399,36.5047822821727,0.189802397277819,478.733190989909,-0.24965668,6.173230097254528,-1.6104264144521814,2.6210383227292695
GUY,1999,0.422826798485396,28.899295303666,2.27290861928911,908.790631391797,-0.3233215,6.813214497645863,0.8254503401539799,-11.856636705200096
HTI,1999,0.720854495320498,35.3364850413145,0.196655844665683,509.578585275375,-0.6453493,6.235544563613283,-1.5767004555030675,0.783604879871568
HND,1999,0.501623248635177,44.8043245652756,0.754851641201582,999.004383328908,-0.80071896,6.907759662301438,-0.2680733970328781,3.033161325336607
HUN,1999,0.297827557077758,63.9345437336226,6.11620185728393,4801.95949584162,-0.40038756,8.476987568533621,1.8125749587792275,5.3129240490652805
ISL,1999,0.225047608329519,91.8121341861987,9.88171504176566,32834.4215745364,-0.6727419,10.399263137724512,2.2916975423058736,12.549012636575526
IND,1999,0.720878288424587,27.4081672842903,0.926189927757172,441.927991436397,-0.10824426,6.093407209285215,-0.06593690881837813,-5.618434069118216
IDN,1999,0.478212882698788,40.9953940804992,1.38611985724181,657.268934667018,-0.32878765,6.48961356312339,0.33369685827769907,3.7143068860497053
IRN,1999,0.448597690344113,63.7097473144531,5.1318541285818,1739.59462001458,0.14492743,7.461982069470814,1.6374137398263262,15.987313073310474
IRQ,1999,0.561135021657635,67.5442299364519,3.1435540424361,1560.36466710272,0.5983138,7.353315504445087,1.1485300842622173,20.98866330815261
IRL,1999,0.326551860668531,58.8800098607384,10.978175587104,26338.1077543817,0.20702057,10.17881010055427,2.3968197480019646,-18.015874727212136
ISR,1999,0.278231543207993,91.1940273629403,8.97057959183674,19823.2138876277,0.16383632,9.894659393138186,2.1950644227521243,17.34936885885331
ITA,1999,0.317167781688948,67.1102142532851,7.89504352504046,22049.9990620261,-0.13897051,10.001113188783997,2.067500976660251,-7.877551023100551
JAM,1999,0.47493626134065,51.4928203415923,3.92309043766012,3431.56813468335,-0.5812432,8.141063987316453,1.3694254877594483,-3.5216332636851533
JPN,1999,0.228427117082309,78.448341899402,9.67513168181567,36610.1683163197,0.07776689,10.50810861809675,2.270591893236912,-1.9835684659960293
JOR,1999,0.40767084171783,78.280105381644,2.81699189833153,1544.58750592979,0.15656145,7.343159379788022,1.0392132128889986,31.833595784194294
KAZ,1999,0.337104581935878,56.2102542327601,8.38873298268348,1091.54727722159,0.17375952,6.996267200378143,2.128080859077642,13.488692131407255
KEN,1999,0.701239553838137,19.0288523643308,0.26866412353404,433.721235701305,-0.33619055,6.074704988196323,-1.2777480806812072,-13.796923499915554
KIR,1999,0.512129749628253,42.2976634213444,0.220370497899594,887.496019475758,-1.0646206,6.789530167534877,-1.4680664056699475,1.7960550651294866
KOR,1999,0.290933478156978,79.3623394908518,9.23725644365427,11062.5019301357,0.07111294,9.311406855170743,2.224326906843626,11.780679145414254
KWT,1999,0.332491226618144,98.7836741452018,26.2574275143024,15853.6264423466,0.39502612,9.67121662582113,3.2683296740567576,27.33835649121562
KGZ,1999,0.330766714491702,35.3281527012343,1.01518008140613,258.048055936976,-0.06555843,5.557013588646558,0.02486828633554774,8.06137584868161
LAO,1999,0.576313471209339,21.0036006639099,0.0989742329965039,272.325307005412,-0.42743668,5.6106626865446945,-2.216643819226071,-6.839263182657707
LVA,1999,0.304855887600917,68.1257188379637,3.29071710224131,3063.89794599707,0.3621755,8.027769551240787,1.1941397485748912,14.327827181991871
LBN,1999,0.590083136144638,85.9041501933228,3.98249044656787,4086.93872789633,0.48935065,8.315796143487539,1.3844152082595513,29.013412986828612
LSO,1999,0.617635528382166,18.7718543941527,0.0658435310103562,455.650054387377,0.27860764,6.1239173522384736,-2.5790828634383356,-14.582366569454681
LBR,1999,0.580697034735263,43.4445723809339,0.107666202168634,156.573166945696,-0.33287016,5.059889902430962,-2.13990345830009,21.515937291534744
LBY,1999,0.49007438057526,86.5232210145148,9.15167731626332,6894.51875534758,0.117300905,8.838627023850883,2.2150292750520597,24.018296765797274
LTU,1999,0.308557013354457,67.0382460801258,3.7828602949063,3127.51176667183,0.3594903,8.048312696553873,1.3331204296810313,13.019760988389265
LUX,1999,0.241037353210618,83.9860397252884,18.9702073291132,50872.4492684624,0.08310244,10.83709644107075,2.943396716679191,0.021439837981660048
MKD,1999,0.50934813807791,58.9458313681452,4.64355013182017,1915.39281060996,-0.12878935,7.558199953493873,1.5376303975135408,10.190204142424072
MDG,1999,0.684312703988791,24.7085650221322,0.106721624928612,267.360530991414,-0.2895805,5.592331341346084,-2.147963453269138,-2.937455821189232
MWI,1999,0.850067418445388,14.5596934738978,0.248338945911785,233.935986197873,-0.5046814,5.459313077878782,-1.353482812422773,-11.657969865715762
MYS,1999,0.383268752342441,60.8799480156331,5.334257522142,3527.81581379249,-0.37667957,8.168717630131995,1.6760226240968688,5.5685480573449055
MLI,1999,0.719171505902831,18.6591231019948,0.0379606525633906,364.415678427556,-0.7988345,5.901035550597448,-3.037374342506078,-12.301780692108665
MRT,1999,0.661802939907375,38.1000816090317,0.990597624107978,781.337033563197,-0.6088874,6.662285636907387,0.0005974456018068917,-1.0351679075022417
MUS,1999,0.464360573529443,42.2588287425674,1.87965798410063,3745.69625069831,-0.42997757,8.228629730842254,0.6363958519028536,-13.695910681909474
MEX,1999,0.445045308594931,74.5904740522037,3.84179255370092,6499.97182950425,-0.20713647,8.779706956939313,1.3485386383062825,12.718236755626393
MDA,1999,0.344916964289359,40.5269088745117,2.54198596748404,399.499818596336,0.23692484,5.99271331356533,0.9368718668326452,8.581564167972804
MNG,1999,0.459821326519623,56.6496432310004,3.67186535376375,448.660368337533,0.27101377,6.108492560779283,1.3034195133654123,23.461054535094966
MAR,1999,0.525383113330817,53.2781225532994,1.17224427046332,1635.65673828125,-0.2894919,7.400410865878788,0.16741455623136933,6.216843317270893
MOZ,1999,0.515698865949713,29.0471155729086,0.0727395507943666,354.406245723711,-0.5591464,5.873261489352602,-2.492057547086566,-1.6155488083997263
MMR,1999,0.602886372787174,27.3572681892371,0.20641370389797,189.490155849067,0.12319422,5.249600517898558,-1.5305634073144454,3.3915099704806764
NAM,1999,0.50518941037982,31.3724065469765,1.12178332417607,2177.78733370092,-0.015124719,7.686523732063633,0.12379455172135517,-18.76116854279354
NPL,1999,0.826373838568149,29.4919855909549,0.138286942213409,208.646667913743,0.43827406,5.345423579923775,-1.908606083523298,4.49727400816942
NLD,1999,0.218880971328311,77.06074312186,11.1402681290415,28318.7466538357,0.3531556,10.251314601928508,2.411463545064661,-0.6136988302524031
NZL,1999,0.295216733120274,85.6555096232176,8.35222028108785,15322.2238340267,0.5075806,9.637124854187121,2.1237239756976423,14.576271307202177
NIC,1999,0.560419472866496,55.0779505708784,0.731325562402074,980.219744675246,-0.78256243,6.8887964351692785,-0.2993153947060172,13.510415517495879
NER,1999,0.720532775265726,16.0515403747559,0.0612102943751922,228.271656116064,-0.5651695,5.43490757173965,-2.642117887094216,-9.904055283947162
NGA,1999,0.659103690016908,42.4365697715547,0.73132271389576,480.669363941805,-0.164258,6.177257911741924,-0.2993192371632737,8.509574916357181
NOR,1999,0.227190344676091,75.8399963378906,10.4707330689774,36393.2927471088,-0.14011155,10.502167248669732,2.3495386257764603,-4.528115272493096
OMN,1999,0.438078690170233,71.5655594157832,11.1940606566888,7915.44169380534,0.17571671,8.9766971027663,2.416276271225478,7.578030988393223
PAK,1999,0.625823087356837,32.8015812487933,0.727785512070282,418.249257055367,0.18614753,6.038465628621526,-0.3041021306750337,0.36494564114752137
PAN,1999,0.477763039392381,61.7013699766382,1.695901717651,3950.34144236614,-0.8661787,8.281810405904531,0.5340938375922759,5.1755735085837955
PNG,1999,0.514805856472399,13.3157511360166,0.501613939532274,649.994719718763,-0.07725207,6.478501531144588,-0.6701849627129994,-23.84601444165157
PRY,1999,0.494695617097124,56.9637104476634,0.883126279822551,1766.30657288259,-0.4288187,7.477211956355128,-0.1130272973276662,9.077736834972903
PER,1999,0.56125349665935,72.3948297386861,1.11945450984981,1916.53397367908,-0.52384377,7.55879525077889,0.1217347815241829,23.632810177643293
PHL,1999,0.457599707224877,38.757275752998,0.951638591808443,1101.43515975318,-0.46000814,7.00527679357625,-0.03911658309422334,-4.0610318606959765
POL,1999,0.267407955728015,61.7291881056396,8.39754589407819,4415.50067547826,0.23143892,8.39310295912942,2.1291296233242805,4.0083260175573585
PRT,1999,0.321839302113731,53.7396730104491,6.33573984608079,12475.2917701476,-0.36592278,9.431585463968148,1.8477836973759654,-15.132471913469978
QAT,1999,0.359652191172287,96.1111838707823,53.1144489795918,20233.6846826643,0.5644738,9.915153474419307,3.9726372550419295,22.046458783231856
ROU,1999,0.404171866446499,53.0197228815939,4.14686428112446,1599.90622808339,0.062286478,7.37832514044027,1.4247610114634082,6.195601392423917
RUS,1999,0.363828697513894,72.96533203125,11.2822316151199,1330.75720214844,-0.8876036,7.194254553815854,2.4241150216155214,28.11777072835492
RWA,1999,0.814554517805158,14.6733549679289,0.0630468272116832,264.74368682977,-0.5658024,5.582532260890094,-2.616654574833626,-12.867442805011743
VCT,1999,0.46423537352303,44.7664602420497,0.596298713900111,3446.52293031878,-0.08194908,8.145411260934324,-0.500382487133634,-10.294674628874276
WSM,1999,0.467875146951524,21.9068983405159,0.780474275412564,1416.76915966987,-0.26004124,7.256839900941331,-0.2351221650347129,-23.61270789710207
STP,1999,0.660406690350326,52.0194206257004,0.409991435110431,542.692548018387,0.0168492,6.298383918003848,-0.8675209605068667,16.79176798540921
SAU,1999,0.395055456319402,79.7842954576591,16.4371876428986,10452.1899400479,0.2566669,9.254662468232242,2.8001544986378457,12.81195949192852
SEN,1999,0.643424630741686,40.474462159108,0.415809987311537,677.516338727268,-0.65822345,6.519908559644191,-0.8537620713926249,2.8680656088050753
SYC,1999,0.427349830989046,43.6406066285756,4.92724785474443,8243.23610099084,-0.37165627,9.017269580730636,1.5968080615297233,-20.782591321433188
SLE,1999,0.591886032390449,35.3133045627252,0.157571381294721,155.020833269007,-0.20411937,5.049989544929183,-1.7863458615127044,13.490980062251552
SVK,1999,0.383467248248052,56.2168739353574,8.13349468682473,5651.62327514236,-0.2135732,8.639875012873599,2.0972194105875657,-4.153840176673015
SVN,1999,0.336218379002901,50.6024207997953,7.80264693942901,11401.4906790909,-0.53199524,9.34158709114118,2.0557438231325604,-17.303316596329694
SLB,1999,0.472781712539911,15.4759628886412,0.42253193960511,1133.62256531791,-0.27785555,7.034055333041171,-0.8380991065389491,-27.65137028078466
SOM,1999,0.902949608471535,32.6262825151413,0.0513303075261253,358.658780828071,-0.24492534,5.885155750941145,-2.791481145071388,1.8358968920409708
ZAF,1999,0.458001824460946,55.4408521794673,7.29218825416081,3242.36830483958,0.414258,8.084367669035386,1.9881740640789867,1.0352067899825599
ESP,1999,0.314310004828055,76.0330694840356,7.29748464074034,15707.9473068138,-0.21936882,9.661985721163282,1.988899116152316,4.686873797141473
LKA,1999,0.489313216652839,14.7436316733772,0.529334515227479,829.356379527539,-0.42878404,6.721854981561213,-0.6174192786359185,-25.031276775767658
SDN,1999,0.719671507042081,32.3064626187016,0.20064050893358,324.659606933594,0.051901657,5.785852685351356,-1.557602347667207,2.5823988312583523
SUR,1999,0.528687545697532,66.680145600571,2.7317547481774,1898.1801816053,-0.429917,7.5491775886731665,1.0085981344620614,18.021401029584077
SWZ,1999,0.522989626790858,22.9514828473263,1.22761165794513,1501.66426653189,-0.008994818,7.314994989239986,0.21318344003287845,-23.192595959583617
SWE,1999,0.262811165835034,84.00779688509,6.9638944965801,30968.8710702052,-0.14365195,10.340770109904183,1.9421738200317873,5.372776718118686
CHE,1999,0.201961187810596,73.1362140280151,6.37807354460553,41695.6912912021,-0.48593387,10.638177059104148,1.8544327432178531,-8.692378483621965
SYR,1999,0.442974120704527,51.4751614549293,2.78581033186898,978.17453169496,0.35115036,6.886709902121367,1.0281219865445146,9.930031709344618
TJK,1999,0.425112635232765,26.5734242965209,0.482542116529782,175.023764735625,-0.48153356,5.1706190128298,-0.708175306229749,3.4557738674653535
TZA,1999,0.854413045415678,21.8208464156511,0.0800232310010141,392.621765136719,-0.38443533,5.975390461252695,-2.407687519726194,-9.938484540283849
THA,1999,0.482263720196884,30.1568149999886,2.80177979620008,2033.24490520569,-0.5670344,7.617879975066166,1.0338176622761934,-19.239659613243237
TLS,1999,0.616380528075981,23.7792103053254,0.363964408641699,269.987312761397,-0.44339547,5.602072003405171,-0.9835946501556199,-3.9714063083851094
TGO,1999,0.56166216098787,32.6489052849687,0.27080543066783,445.291484100954,-0.51515645,6.100972290343955,-1.2700932670323464,-0.45893032917022936
TTO,1999,0.391559551538258,55.9221378497883,14.0348275054233,5179.08350809274,-0.23943138,8.552576456377007,2.642254178916053,-3.511159512207449
TUN,1999,0.392671406360386,63.2650317452664,2.08828472105786,2376.06566791596,0.60628384,7.773622093363094,0.7411202114706544,12.19618961261149
TUR,1999,0.439651582816066,58.0972766357343,3.16718237356086,3973.77763854116,0.5219397,8.287724085534087,1.1559947579712142,1.5079787472491901
TKM,1999,0.293893164561173,45.735276090984,8.58413639733136,545.519003106054,0.18773156,6.303569079392751,2.151080156454616,10.451944899607263
UGA,1999,0.837789923647566,11.4173129535746,0.0600887094239434,257.921949601357,-0.51601535,5.556526663393118,-2.657993561766216,-15.84423526855272
UKR,1999,0.34169643956619,67.4811633424084,7.29072251356169,631.910461425781,0.4579676,6.450328960994914,1.987973317717202,30.621916388296874
ARE,1999,0.344024704750836,78.9002662187301,27.2970466401042,25855.8605046587,0.3187283,10.160331241423696,3.307144787569153,2.2028086468231436
GBR,1999,0.229049651357355,79.6225538394017,9.27036024696031,28858.0065333126,0.26691926,10.270177408080212,2.227900365760194,1.7455620268004424
USA,1999,0.218809607702435,78.812318408817,20.6489080418578,34515.3902272076,-0.21258712,10.449189569254624,3.0281466085607933,-0.9869159365270548
URY,1999,0.410860623226023,91.1807813592588,2.11670812826616,7370.56995453931,-0.40046763,8.905385982109774,0.7545753045484617,27.958995707578758
UZB,1999,0.306804499723542,46.8244191413524,5.07541099022357,697.763539790812,0.28227657,6.5493124014419495,1.626375850270537,8.902282504125303
VUT,1999,0.545097904454787,21.3677585605054,0.294427843206187,1472.17751741462,0.039664585,7.295176923400033,-1.1893211880377483,-24.563512754308277
VEN,1999,0.48484208193605,87.9708821733583,5.48198076894391,4070.90619189484,-0.6883006,8.311866520611074,1.7032889862506335,31.122341475644426
VNM,1999,0.498422709983023,23.8212278892522,0.66988474067793,375.994455900496,-0.34830046,5.932230481505651,-0.3858319941816082,-7.47464880615766
YEM,1999,0.69318260566436,26.0851234830484,0.774616357198485,401.448141660801,-0.032875378,5.997566247963673,-0.24256039760538303,-5.912332302692622
ZMB,1999,0.646359402000208,36.1720484699782,0.198049179646212,349.515723095687,-0.32525906,5.859405564514691,-1.5699807866217057,5.658169779425101
ZWE,1999,0.704738789277509,32.2637829407466,1.43037807747098,582.299355588147,-0.59821683,6.368700528989819,0.364905632925984,-3.7189333751563822
AFG,2000,0.748301713063324,18.5581995230666,0.0501382814099344,174.930991430166,0.056163114,5.170091824002358,-2.811108678319355,-4.553789923068862
ALB,2000,0.43842707933374,41.6135829609314,1.04657550743325,1160.42047054038,-0.05555145,7.057399078527736,0.05503302493165777,-1.764416644525454
DZA,2000,0.436488056977792,59.8521239445692,2.84556706172908,1772.92869122761,-0.3802545,7.48095196545937,1.0492704439561253,11.925989906319593
AGO,2000,0.504004256280219,50.5070653484197,1.0195821898899,563.733795571487,-0.37275887,6.336354461835948,0.029153079063433538,14.8716828987871
ATG,2000,0.466948466212097,32.2326072041227,1.81145877829987,12027.4949768222,-0.30060515,9.39503369530877,0.5996377065762406,-36.247042797087886
ARG,2000,0.434264304569832,89.1760271133454,3.67485781688948,7637.01489203628,-0.842931,8.94089301751337,1.3042319406063996,25.572964942703628
ARM,2000,0.477454119112494,64.959237917436,1.10822389866816,593.450581742282,-0.09786647,6.387637586926805,0.11174162182716448,28.773174421248306
AUS,2000,0.220011761810096,85.1071608578257,18.5978917642845,21908.9968019784,-0.87973803,9.994698286627766,2.923585779136676,10.188279157210502
AUT,2000,0.230558817120782,66.7690238969566,8.32478943567338,24487.2974685956,0.31254652,10.105950628076606,2.1204382532169896,-9.344491627401027
AZE,2000,0.418684310315949,51.1320838928223,3.57759113386179,655.097249579917,-0.017532548,6.486309024267539,1.277480983930134,13.886481020209622
BHS,2000,0.45440400020592,81.0361161567684,3.07965476245619,24940.0775086078,-0.43470225,10.124271422334754,1.1280593573072313,4.725870925749504
BHR,2000,0.378814081402398,87.8356209595597,27.8732774764658,14214.4836839343,-0.080129944,9.562087049811833,3.3280271355277784,17.562142756083674
BGD,2000,0.733405815594246,23.3145114975244,0.200508674079581,396.670730249751,-0.3854375,5.98562435194361,-1.5582284196797989,-8.554711545252353
BLR,2000,0.274982812189219,69.9172295434732,5.63748483157157,1276.2880341,0.5929778,7.152494385884596,1.7312102834903798,25.518091244050694
BEL,2000,0.288057204322072,82.0152520403035,12.1836556517498,23098.8865077401,0.31326365,10.04758298341297,2.5009157879323736,6.5284915272947615
BLZ,2000,0.452404077929026,47.6836847507377,0.580151910929863,4726.50675459616,-0.8421952,8.46115322931978,-0.5273752990713577,-10.767904919573454
BEN,2000,0.615471159429337,38.2759517258875,0.214093266343738,487.424141384242,-0.24857982,6.191184170548615,-1.4956929461780624,4.1994159298701845
BTN,2000,0.711971179411541,27.5915239884015,0.679217843960842,771.924911410619,-0.4526902,6.650181904684913,-0.37219788383235486,-11.41375497903493
BOL,2000,0.547360215989719,61.8587201575591,0.953345248599693,975.777060358751,-0.5523546,6.884258438039517,-0.03734341783165302,20.33991436949053
BIH,2000,0.429154792482321,42.5539898606589,3.43316975862373,1338.48059636261,0.69941044,7.20003720314821,1.2363924885791155,-2.3556658520554095
BWA,2000,0.611660829067241,53.2047727398794,2.44404673473305,3450.81180622992,-1.1451802,8.146654533402572,0.8977383904158754,-1.8697124598857826
BRA,2000,0.467749326676514,81.1484365423806,2.00787868943563,3766.54786339835,-0.5304143,8.234179634706177,0.7020468058705831,25.134101941856038
BRN,2000,0.3756639058282,71.2246805488418,18.6101512143715,20130.2572346624,-0.13490756,9.910028972454167,2.9242443928885287,-2.7850173518857275
BGR,2000,0.398439811623367,68.2631454467773,5.89680364134317,1621.26210738992,0.4115605,7.39157681680517,1.7761048460835966,21.2967267205278
BFA,2000,0.761996857242681,18.0003503329444,0.0731706539893436,248.908526921752,-0.36269316,5.52109495859433,-2.486860709848296,-8.880730274441039
BDI,2000,0.639359048738633,8.04381449833197,0.0452072998120304,134.537861752389,-0.07735872,4.909251023815408,-2.896660091470853,-12.267251942882583
KHM,2000,0.598868908038443,18.6242216655572,0.160595894702245,296.426687526334,-0.43030772,5.695167766134285,-1.768457708093084,-10.12606242080999
CMR,2000,0.577945028834198,46.2449829402599,0.383989921027349,708.565731625965,-0.54942876,6.564653137306651,-0.9314299511602667,8.158116628974675
CAN,2000,0.254971964299092,78.6292995508947,17.6990281801997,24271.0020563821,-0.34686947,10.09707878631071,2.874074576217942,2.611050356345544
CPV,2000,0.511012188764058,53.9332149202283,0.618110505452035,1189.51479345891,-0.1653711,7.082141092106672,-0.4650391638982067,10.289534198275717
CAF,2000,0.705398650245332,37.7014879765364,0.0668855141210868,239.154133726071,-0.5178811,5.481280941063131,-2.565437793152702,11.247932501498095
TCD,2000,0.716633369428345,21.6527690760484,0.0282421726360368,163.121663683369,-0.8324995,5.100608004516081,-3.2638163766169512,-0.713099255869512
CHL,2000,0.371983740923361,86.2710912457813,3.47382404191017,5052.99245766325,-0.5600953,8.527933795597056,1.248130553096649,27.102408144405672
CHN,2000,0.511006771789622,36.4320234662299,2.88907594771294,969.199513696287,-0.39957717,6.877501734570306,1.0643920474966493,-5.014228464578686
COL,2000,0.49744760238615,74.3493570179247,1.62232046746357,2555.00751039968,-0.5721858,7.8462017538341415,0.49000260213224184,22.50115045855049
COM,2000,0.560814089266518,28.0360512192055,0.168071929562752,633.309032776244,-0.17152357,6.452536269081171,-1.725567711648783,-8.846897931775967
COG,2000,0.642579567641909,58.8947380255871,1.43173787700172,1024.30159109181,-0.56716806,6.93274208350534,0.36584924494792725,16.855312158718277
COD,2000,0.771870468300019,34.9008752617485,0.0371727398112935,377.925421481395,-0.4598945,5.937339408625329,-3.0539390996056763,3.5501386230716605
CRI,2000,0.467935136157267,59.0462378975394,1.30313360027163,3812.75388284924,-0.6384616,8.246369254148812,0.2724163420647939,2.901010486175288
CIV,2000,0.61164987783251,43.0840065011913,0.393649269755518,936.636541348798,-0.4286777,6.843362391344877,-0.9072089222458878,2.00434473474526
HRV,2000,0.334795563828587,55.6818319251231,4.33677043315335,4953.65158789022,0.82640535,8.508082129032566,1.469433140203429,-3.2736828777093407
CUB,2000,0.310320945986828,75.635383605957,2.6101013141558,2751.3817714814,-0.33096346,7.92022191453405,0.963212986550473,22.992344448370694
CYP,2000,0.357473074281529,68.7726966799379,7.52680002574744,14388.3525390625,-0.07124368,9.574243805058355,2.0197976921685505,-1.631321436813863
CZE,2000,0.244073738225461,74.0038256456769,12.902573099746,6062.92152842793,0.68084025,8.710111986675802,2.558201495591088,12.878903006538692
DNK,2000,0.224104402789251,85.0999984741211,9.95378693898587,30722.0251837567,0.4830596,10.332767658446908,2.2989572140908097,6.550909075520281
DJI,2000,0.764104701517523,73.3486361649708,0.981643691172968,737.612183644052,-0.1791749,6.604772997874142,-0.008391418503986222,34.830960561821854
DOM,2000,0.448791359617593,61.3128549215919,2.21497893219978,2831.45883638033,-0.37314066,7.948900460185911,0.799747446899119,8.361863947394077
ECU,2000,0.537335412887796,60.6865005107058,1.73867458688905,1382.23421759909,-0.9500287,7.232179672061287,0.5588581220585663,15.431697180942827
EGY,2000,0.519496890522082,42.7339398932519,1.75027301728806,1366.09274372613,-0.74034697,7.220441679138132,0.5654689204787858,-2.394820216330409
SLV,2000,0.487104729230848,56.5638569810457,0.975676073120854,1982.87093542615,-0.59415454,7.592805233020205,-0.014427504602669465,7.43663634107515
GNQ,2000,0.561162566222851,38.8154587133988,3.90257636016432,1487.3165506701,-0.53940517,7.305400928433404,1.3641960726507238,-7.225598535516717
ERI,2000,0.519936072177563,34.0983619689941,0.298304740789068,314.357396753501,-0.22503679,5.753706588529842,-1.1766665670137484,4.719484755281879
EST,2000,0.253287703318442,67.385529072627,12.7571162181412,4070.60902410208,0.753022,8.311793537928533,2.546872819807763,10.537772067013215
ETH,2000,0.802592319809563,14.9193096160889,0.0575065136518114,122.269202606069,-0.5337551,4.814370602864555,-2.6955311872139838,-4.3729255933269755
FJI,2000,0.444548198425444,48.0649880871211,1.71635694230886,1995.72071163264,0.059226673,7.599261469670711,0.5460133744720956,-1.1315599807160055
FIN,2000,0.155556959564674,67.1227685349539,11.1139059493154,24335.9225082659,0.9269629,10.099749920925008,2.4090964815818774,-8.924163451493854
FRA,2000,0.294336903282608,76.5143983146093,6.58034817935345,22340.5939516217,0.06130278,10.014205419747652,1.8856061816184877,1.3860479347216028
GAB,2000,0.499126824603002,79.5660404650438,5.17720677468618,3982.906200928,-0.5456454,8.290018074483552,1.646195358597498,22.95210959576356
GMB,2000,0.647620095023695,46.9722332873784,0.182944764700869,538.054072348854,-0.1778264,6.289815885633994,-1.645351324298104,11.836584654721108
GEO,2000,0.39890078549274,52.4935999592259,1.27849706080084,749.908534993961,-0.5671719,6.6212838533935665,0.2534764700062762,13.798629872153676
DEU,2000,0.268204063981328,80.0942160905637,10.5993032021746,23925.8559901991,0.5071702,10.082756788660268,2.361731276781684,4.229757302526096
GHA,2000,0.561479122334711,43.9373786640616,0.306420193585739,253.746936203344,-0.31069818,5.5402706453508035,-1.15068422216146,16.85038846686939
GRC,2000,0.281763726417088,72.665642910984,8.89024680060945,11638.2010697215,-0.17079867,9.362134082307964,2.1860790067591696,4.539270782103614
GTM,2000,0.524344260436077,43.2434755105047,0.827443802109015,1648.96578971559,-0.67672396,7.408509833173981,-0.17740111949373777,-3.9047708863243713
GIN,2000,0.610173403905182,30.9231105645224,0.173226848037783,518.157066924026,-0.39892945,6.25220647114651,-1.6970302870549918,-3.808686085760595
GNB,2000,0.773176136882399,36.8412054388232,0.16286816425469,316.945495037639,-0.14164384,5.761879968836938,-1.7552260313281565,7.3745620132541525
GUY,2000,0.421207578723383,28.7610390578913,2.17315698087946,931.796651718955,-0.51534206,6.838187226094669,0.7807719856005298,-12.263051496561882
HTI,2000,0.720854495320498,36.8408497942176,0.20415141191579,820.600046761464,-0.4149882,6.711253715529469,-1.541071981826498,-2.8202216712639796
HND,2000,0.503129499576583,45.3233354392127,0.760181295401954,1092.56400746252,-0.78683203,6.997197372891647,-0.26112934327410675,2.5917850937287525
HUN,2000,0.300673295463487,64.2602344392211,5.82337370265766,4629.91760812548,0.7545697,8.440510314943836,1.7635955126930112,6.0303095304148755
ISL,2000,0.225693144447264,91.9674192031642,10.1434896250067,32503.578963236,-0.36012426,10.389136249570091,2.3178174518196353,12.813040741200808
IND,2000,0.720878288424587,27.6470407512523,0.942309744278839,442.750218937263,-0.22410996,6.095261834169252,-0.04886493547195526,-5.399475667205376
IDN,2000,0.478212882698788,41.9861540600656,1.38408579613851,763.711124950924,-0.294511,6.639498148069012,0.33223885717217905,3.095597864768365
IRN,2000,0.448597690344113,64.4780120849609,5.32891818848676,1650.01385833785,0.029194355,7.40914483779032,1.6750230460230013,17.32294697328023
IRQ,2000,0.561135021657635,67.6331913847871,3.6362101364327,1980.18916038782,-0.06585479,7.591452529463409,1.2936883093824583,18.520496150766654
IRL,2000,0.324279573534066,59.1247997891425,11.5177387420391,26334.5672050501,-0.14546597,10.178675669754663,2.4447561955361024,-17.769641273412773
ISR,2000,0.276816743216601,91.2809653237465,9.42660200349817,21706.5194056329,-0.46799755,9.985413995894225,2.2445959581006956,16.46177885287034
ITA,2000,0.321512239761377,67.1932283786243,7.97861399862471,20190.0035636084,0.2334833,9.912992416045252,2.078017277725374,-6.8482911440354854
JAM,2000,0.47493626134065,51.7165550768252,3.9283295741357,3453.09252800226,-0.54912025,8.147315046999308,1.3707566674554603,-3.3650227546403784
JPN,2000,0.225826144474558,78.6126803295375,9.80406329083986,39169.3595701504,-0.12416919,10.575675606350968,2.2838163866829735,-2.5447681098076202
JOR,2000,0.407396488867788,78.2848247546539,3.05659330102683,1570.61002940477,-0.38302383,7.3598558693162515,1.120567271522504,31.659027324980393
KAZ,2000,0.34085514677998,56.0239607657944,8.52997364123056,1180.0444563226,-0.003687203,7.074154458437741,2.144757921288755,12.466040959922239
KEN,2000,0.701239553838137,19.4553832211834,0.290677543795641,414.626365130846,-0.1289727,6.029786695930069,-1.2017168715380786,-12.888057525013405
KIR,2000,0.512129749628253,43.3274808848011,0.365634839131956,845.367240231973,-0.842885,6.740953355525084,-0.9791377800072207,3.3474930349119916
KOR,2000,0.290594571695162,79.579960745642,9.9217579706617,12710.2995795579,-0.3026724,9.450246607544816,2.295737498708414,10.507431425169315
KWT,2000,0.332491226618144,99.0,28.6596112260188,19296.3471698729,-0.19476135,9.867722913107347,3.3558377194970515,25.4445869150955
KGZ,2000,0.333547899265657,35.3216067847574,0.979490695052754,279.621738464365,-0.2948748,5.637007636030279,-0.010564917669680027,7.195849406868138
LAO,2000,0.577868137359576,22.1840964350091,0.172061042728584,318.749852236965,-0.40174246,5.7675389783383295,-1.7034132485316122,-7.343313749004764
LVA,2000,0.304527740074396,68.0520561441955,3.05416992249372,3278.17896440803,0.7527824,8.09534835431472,1.119776708073559,13.528499546086046
LBN,2000,0.590083136144638,86.0,3.53598931938817,3986.83513941026,-0.24354438,8.291003791062312,1.2658171956306075,29.375484451329868
LSO,2000,0.617635528382166,19.3273988558381,0.175057500001248,442.779545779081,-0.6841416,6.095327920610505,-1.6870886913779315,-13.719827202497573
LBR,2000,0.580697034735263,43.7710042955819,0.136333350067637,298.485340578945,-0.39842415,5.7020654700435545,-1.9218680402176536,14.946652281395298
LBY,2000,0.49007438057526,86.9508513726842,9.29018000117247,7214.10040377084,-0.7571444,8.8839313870877,2.230033754936687,23.959446354384824
LTU,2000,0.310932586267761,66.9768374826555,3.33092730007635,3300.63634928559,0.7454929,8.102173487974808,1.206248403208611,12.379992220094387
LUX,2000,0.242483892061133,84.4182155177842,20.1714416685767,48659.5988753233,0.3785794,10.792624923605045,3.0047634528383678,0.9311532558955662
MKD,2000,0.509302950549668,58.4918382392587,4.4599896365386,1861.89899780644,0.00013038516,7.529889154320554,1.4973860901750493,10.040213948030228
MDG,2000,0.684312703988791,25.0095755608264,0.10257721778278,280.282905559649,-0.25221524,5.639360944220369,-2.1841159124975036,-3.1414517711596517
MWI,2000,0.850067418445388,14.6770603287659,0.273808402340698,224.22415918428,-0.48625183,5.4170961693050055,-1.2594559081380896,-11.087275500978865
MYS,2000,0.383281663064796,61.9694564490726,5.69323613529471,4083.52874483605,-0.24594815,8.31496163829812,1.7410337567695624,5.0876802056681285
MLI,2000,0.719273715788141,18.977631037325,0.0688623609235515,304.652870194271,-0.32789865,5.722450046891207,-2.5400512128175743,-10.065611695634303
MRT,2000,0.661802939907375,38.0555858542174,0.404906787641274,680.911061879778,-0.115381084,6.524899241538714,-0.8797013920729299,0.3955990844449957
MUS,2000,0.464053943873513,42.063123063288,2.05860273171603,3981.98343249582,-0.62562674,8.289786423618843,0.7268733705234081,-14.548320326136285
MEX,2000,0.440445863755992,74.9203113970256,4.02272121123337,7524.0271380091,-0.068119206,8.92598969599052,1.3944413866070815,11.477281920936079
MDA,2000,0.371474320173421,40.4185981750488,2.3577376987747,440.538683980372,0.52313334,6.090265635640248,0.8619349417878875,7.425731213988165
MNG,2000,0.459224205610708,56.7305447074496,3.78533006126955,476.02755082717,-0.43224978,6.167574247767907,1.3337713797322381,22.90753357403682
MAR,2000,0.525383113330817,53.58724711125,1.18101840963276,1499.107421875,-0.0050236383,7.313291999109433,0.1748087475440111,7.46145510698139
MOZ,2000,0.515673044505003,29.2423697311441,0.0866536165915586,327.12623979157,-0.59937525,5.793398411751154,-2.3366216545601324,-0.5627204856264783
MMR,2000,0.602859475448934,27.5346072708149,0.221722533260091,196.619580625284,-0.4224685,5.286343872637675,-1.4622146003946432,3.1742968673810807
NAM,2000,0.50518941037982,32.1168956399877,1.05320053864219,2156.67590512714,-0.5835747,7.676786951558551,0.06128373504035005,-17.912125359735825
NPL,2000,0.826373838568149,31.0994241803849,0.139302904539297,223.830289183078,-0.38583222,5.415345847302026,-1.901778120243795,5.353883405557351
NLD,2000,0.217659832172241,78.4826828427081,11.1051053739996,26225.1697734149,0.3570334,10.174513037547687,2.408305027713066,1.6329403560703497
NZL,2000,0.295307108176759,85.7059660456056,8.55385333229644,13641.1027183822,0.026988307,9.520916077755457,2.147550244506103,15.874584027561497
NIC,2000,0.560419472866496,55.2160707858522,0.750642143274255,1017.3124434882,-0.59197015,6.925902068967634,-0.27359227708939465,13.250093375125672
NER,2000,0.720532775265726,16.1307678222656,0.0609576502459245,194.771959898935,-0.744065,5.276950511970576,-2.645672055312563,-8.12867615242265
NGA,2000,0.659103690016908,43.2785051250243,0.792790969926579,547.318298903379,-0.39900604,6.30685595574218,-0.2196609103462114,7.95987927278604
NOR,2000,0.226690054184838,76.1338922449534,9.30078087859475,38178.2368777076,0.45755085,10.550047109591972,2.2311729630234964,-4.748355972254828
OMN,2000,0.42996107348958,71.5400835229196,11.5318533423366,9753.84755185404,-0.1455609,9.185519625242021,2.445979849773859,5.310207246847
PAK,2000,0.625745623022708,33.0046884491535,0.722433695019472,642.338346499898,0.1719029,6.466670785687349,-0.31138246093273164,-4.0300379264696105
PAN,2000,0.477763039392381,62.2165370013582,1.72414079469992,3975.09310275544,-0.6979389,8.288054983688285,0.5505120715441704,5.62368591010835
PNG,2000,0.514991448106251,13.2228772276955,0.526361985340968,635.957919047725,-0.05087964,6.456703592240461,-0.6229460000692906,-23.704820870910076
PRY,2000,0.494308295426477,57.5141169408231,0.714113754757033,1736.11729210765,-0.47310606,7.459982289642206,-0.32280677910829236,9.813156446589353
PER,2000,0.56125349665935,72.7724831207703,1.08978642306542,1945.41338451698,-0.40905428,7.5737436679957,0.09511600010304867,23.849946625107954
PHL,2000,0.457712676045483,39.1384171397742,0.932672272893032,1050.79273107952,-0.3397819,6.958251350197269,-0.059036593452353306,-3.174928650146846
POL,2000,0.269075590698858,61.7459160613903,8.18187708712719,4520.64100449111,0.8251705,8.416630261029042,2.1031430641717965,3.772416498315117
PRT,2000,0.321403565234252,54.4051635389142,6.24348268563984,11526.3720667968,-0.20226116,9.352479665931815,1.833138538255864,-13.617538930512374
QAT,2000,0.359652191172287,96.2942718926638,49.2290566195703,27535.182940934,-0.07080952,10.223256162129644,3.896687142310021,18.921123026059874
ROU,2000,0.403810366220562,52.8619549004535,4.34452283523425,1659.92904910528,0.4929247,7.415132392930499,1.4712150371911614,5.642595089004473
RUS,2000,0.358012417093005,73.1568222045898,11.4678581573253,1771.59411621094,-0.66286576,7.480199354999985,2.4404198018232033,25.238769739268683
RWA,2000,0.814554517805158,15.7804474645996,0.0828470558128623,251.86926386091,-0.23796988,5.53287261153675,-2.3768017007560385,-11.227102234456915
VCT,2000,0.452849730246288,44.8903114926141,0.369016689418292,3768.95536604022,-0.35402855,8.234818441125347,-0.9701750394647762,-11.130882646732076
WSM,2000,0.467875146951524,21.9529698020724,1.02374989679941,1424.75240002471,-0.29740238,7.262454953377128,0.033192867524474964,-23.62693118057776
STP,2000,0.660406690350326,52.9663437052108,0.37981363440681,529.089383412262,-0.16148026,6.273045640274365,-0.9420865145655167,18.0107748989928
SAU,2000,0.401291335216826,79.9704860819453,16.3953985610582,11714.5623675159,-0.17302132,9.368673353845725,2.7976104612144512,11.773894891965526
SEN,2000,0.643424630741686,40.6667555531967,0.400180171865501,603.233162455158,-0.27828708,6.403960153999088,-0.8911587722364407,4.305419424892577
SYC,2000,0.427349830989046,43.3974230710038,9.29977443887047,8063.65500575169,-0.39739704,8.995246212924172,2.231064863162015,-20.789286731864095
SLE,2000,0.591886032390449,35.5327867241975,0.0975673493894468,143.743743239644,-0.35394272,4.974964890922307,-2.2296381216389975,14.516081126876575
SVK,2000,0.382548973120558,56.1058893284907,7.73551047373031,5421.6448441887,0.5912894,8.59833895404344,2.047113381797607,-3.8188082760464184
SVN,2000,0.336003200296986,50.6975029797519,7.58902422162726,10135.7219109212,0.4861007,9.22391994193135,2.0280198471581907,-15.944718030481525
SLB,2000,0.472781712539911,15.7523593692696,0.528527546774007,953.17190137706,-0.2431105,6.8608438453387,-0.6189166290533662,-25.51501922144501
SOM,2000,0.902949608471535,33.0596136927225,0.0707455938438096,386.119274401275,-0.30600628,5.958732848132395,-2.5164518837698555,1.479153111982999
ZAF,2000,0.458098654878608,56.2589954883628,7.36397941641679,3217.84693448467,-0.6746382,8.076778479526634,1.9979575084352321,1.9348432374841806
ESP,2000,0.312715530617223,76.1650552349602,7.64971752025199,14743.2671031455,-0.053623796,9.598609615242639,2.035975105820819,5.499395694666646
LKA,2000,0.48537544633459,14.6196895000898,0.594343435725624,860.199884304769,-0.45631185,6.758326631148314,-0.5036126404455565,-25.546853548713976
SDN,2000,0.719232542482014,32.3435880462815,0.215697415351796,362.116882324219,-0.5115364,5.894724772311118,-1.4885600469220648,1.4504497400482919
SUR,2000,0.527896763953293,66.7015222141811,3.10546887293005,1988.22172925433,-0.59123725,7.595498750395605,1.136379661917098,17.545378434979618
SWZ,2000,0.522989626790858,22.8409330761997,1.05395164651138,1629.67038842815,-0.7781019,7.396746490492124,0.061989944878695545,-24.18099789333132
SWE,2000,0.262055888577271,84.0400009155273,6.53554865027019,29632.5890811623,0.7950751,10.296663763207071,1.8787852232389473,5.878597149971753
CHE,2000,0.201170406066357,73.302430524727,6.23089396944705,38865.021939688,0.11737716,10.56787567592014,1.8311234364544446,-7.771261828281823
SYR,2000,0.442352792191196,51.876811612138,2.75886578873472,1138.1884854278,-0.20683129,7.03807143301165,1.0184377737959238,8.706353338091567
TJK,2000,0.425829180323463,26.5355104669232,0.443073574303451,136.925716400723,-0.52766496,4.92671525327749,-0.7917007510061944,6.036912159418918
TZA,2000,0.854413045415678,22.1944164040635,0.090834424226942,401.698150634766,-0.24643786,5.998187275432575,-2.294275471458283,-9.809708009143353
THA,2000,0.482263720196884,31.4626212652205,2.77493831519154,2005.97694514234,-0.4587296,7.604384861506812,1.024225724190164,-17.78894206881221
TLS,2000,0.616380528075981,24.1139427164365,0.469206321937811,492.457637913906,-0.3570145,6.201437015095663,-0.735624039576328,-10.072688693982865
TGO,2000,0.56166216098787,33.0994844063309,0.243402917138534,409.889802792768,-0.21441714,6.018325058820089,-1.3727744991703033,0.8791193562383413
TTO,2000,0.392863534496104,55.9291468285602,14.5243806894211,6178.58975559687,-0.45852375,8.729007165658812,2.6765169248761205,-5.398673292328098
TUN,2000,0.392553058072133,63.6166653822584,2.16396729727336,2199.04465936314,-0.0017561117,7.696232938850889,0.7765537459333275,13.378832290555884
TUR,2000,0.439225528978354,58.9706120006403,3.47043278431936,4199.3798635759,-0.4812794,8.342930243890223,1.2471566493640684,1.7885073164308167
TKM,2000,0.296830353896916,46.0736689106993,8.58454567057639,633.835487638011,0.2283724,6.4533658907412645,2.151127777702538,9.181811236237337
UGA,2000,0.837789923647566,11.6414758125187,0.0589121317991763,258.050338731086,-0.24540965,5.557022400849543,-2.674923038099999,-15.62539566595926
UKR,2000,0.341475881392626,67.403857296906,7.28514189616492,653.294311523438,0.21341616,6.483557267849574,1.9872086329390966,30.18780293759911
ARE,2000,0.345522348544006,79.287092479995,25.3198800655489,29865.502347066,-0.16683562,10.304492808507433,3.2319847291247155,1.0416199910164465
GBR,2000,0.228613914477876,79.8241408315172,9.37230154582975,28383.8761094996,-8.189678e-05,10.253611750948467,2.2388251002797346,2.125031965597131
USA,2000,0.219110857890716,79.0740897861327,21.0118753202743,36329.9560727102,-0.15495859,10.500425441211126,3.0455635774671204,-1.275318198984337
URY,2000,0.410860623226023,91.2769768173566,1.70552622829056,6987.70098766257,-0.25383353,8.852049979282826,0.5397198722059389,28.627916127421237
UZB,2000,0.307533955536595,47.6731005044,5.30608034339216,555.149231099186,0.22183667,6.321036659494937,1.670736254241712,12.202201467373932
VUT,2000,0.545097904454787,21.6572490599483,0.450931657012793,1460.23817692229,0.029395899,7.287039421682401,-0.7745054964054716,-24.186641309295652
VEN,2000,0.48484208193605,88.219476430842,5.61613486816086,4776.2816763938,-0.66850567,8.471626976774845,1.7274226820805225,29.655419078428977
VNM,2000,0.498422709983023,24.3672526919772,0.732762940866418,404.029784055118,-0.34715953,6.003960605279376,-0.29737834188117623,-7.698866057895209
YEM,2000,0.69318260566436,26.6054859383233,0.802338303623073,493.235182634814,-0.11651913,6.203011482106773,-0.207838395508995,-7.598052186339952
ZMB,2000,0.646359402000208,35.8735460960387,0.194876413395542,359.429500988221,-0.33428526,5.8872963786222705,-1.5853483431229431,5.060174293963545
ZWE,2000,0.704851758098115,32.3991568853313,1.23243627783423,562.833757496076,-0.93032956,6.334759451836277,0.21707419222821556,-3.219098258304861
AFG,2001,0.747669087667933,18.7412381251552,0.0463511028500998,138.706821676113,0.8838558,4.9395460959663104,-2.8761534672575273,-1.8951384840330192
ALB,2001,0.451480413578828,42.354513990929,1.12398874181296,1326.41652388077,-0.108230315,7.190989868939882,0.12574127740174618,-2.4579909443795103
DZA,2001,0.435881036234822,60.6177172788536,2.73923253741053,1896.30020878013,0.42927194,7.548187211910735,1.0113217954239002,11.969607428567755
AGO,2001,0.510066694307924,51.7224790407329,0.966865641126569,533.586202412447,-0.35725722,6.281492994191896,-0.023406158272947213,16.676202078807037
ATG,2001,0.464669497701954,31.7554348168059,1.74315424154386,11539.1825063308,-0.04581642,9.353590355043687,0.5614165892583318,-36.27919429401469
ARG,2001,0.435027802630767,89.3682951289372,3.49042420795313,7141.47507662826,-0.1406668,8.873814644652324,1.2528841634232888,26.4855242530028
ARM,2001,0.508678862388858,64.8228123790872,1.13126595678436,659.588988535629,0.6257909,6.493131843934367,0.13213813467758515,27.50394568981107
AUS,2001,0.216745671288632,85.1481094164726,18.6995326153179,19733.6510102645,-0.7090957,9.890131304143502,2.9290331594992565,11.35207378359459
AUT,2001,0.229706927574082,66.8408161285718,8.87460827403329,24430.495982841,-0.50530356,10.103628397859614,2.1843203721747337,-9.247763158690887
AZE,2001,0.407467575455617,51.1584815979004,3.41713926422724,703.670998584686,0.37200913,6.55773102521435,1.2317258794251975,13.145945310860114
BHS,2001,0.454088423025123,81.152720524793,3.02803840944863,25371.9237667614,-0.21864145,10.141437890996935,1.1112120470984745,4.658140799497545
BHR,2001,0.376599333548048,87.8397146150894,27.8270902261551,13573.2339887597,0.3719244,9.515928715126012,3.326369312265178,18.061887174061937
BGD,2001,0.742577494661572,23.6999214768623,0.238535190866528,394.65641001891,-0.17403586,5.980546183159677,-1.3921708303266667,-8.114771907365661
BLR,2001,0.273428639530417,70.3147201538086,5.53944992364947,1244.37318523431,-0.19977725,7.1271905111597516,1.713698809990388,26.187296267084015
BEL,2001,0.287965614820737,82.3356893921976,12.225212096938,23015.0712632462,-0.12416489,10.043948001474687,2.504318032006988,6.887961517204516
BLZ,2001,0.453128687707748,47.6257993221451,0.573720000483133,4718.77715104739,-0.5206151,8.45951686370385,-0.5383338623549127,-10.80821896326448
BEN,2001,0.658623384291581,38.6186257669218,0.249449473218799,492.401499509072,-0.109492145,6.20132324322536,-1.3491933035470192,4.433216045167001
BTN,2001,0.783926271090764,28.282501830034,0.719064037957151,812.238210772056,0.077452675,6.701024068810706,-0.31599370726887727,-11.268723120614546
BOL,2001,0.540593949878761,62.3374810379005,0.906722195208447,930.168227214313,-0.26603985,6.8364399561355205,-0.08695080223328427,21.332152765348305
BIH,2001,0.39986332447398,42.8761478375679,3.3728936761354,1387.89362942121,-0.23326404,7.23626275913162,1.2187314604354456,-2.4224999080157374
BWA,2001,0.597534861074844,54.0489894446035,2.31028807641857,3206.07123689853,-0.4172164,8.073113412386435,0.8416913488397274,-0.23580711168974489
BRA,2001,0.468229387048508,81.5960450621957,1.9928207750233,3176.28975052524,-0.20988162,8.063783832668335,0.6945565744093183,27.411430051273967
BRN,2001,0.3756639058282,71.657883335906,17.5847845325414,18287.8272281914,-0.08430687,9.814045618399136,2.867602524750365,-1.3211399760703841
BGR,2001,0.399368562517588,69.196711983564,6.2958054683011,1770.90704918691,0.122355305,7.47981167447707,1.8414707119792781,21.282822453237763
BFA,2001,0.747774644529881,18.8591452143893,0.0829849464835342,259.485223380436,-0.08343967,5.562546135517127,-2.3753176646990077,-8.467040433852077
BDI,2001,0.780994317022886,8.24107308668089,0.0355422108973504,132.159554541932,-0.6537468,4.891548067416849,-3.0891156710543983,-11.879898025136205
KHM,2001,0.621707803238084,18.7186818716995,0.172816902877153,327.500984314444,-0.012455463,5.794539834311178,-1.6992701577316378,-11.098665003938926
CMR,2001,0.571620177581455,46.7627509050978,0.372337680745734,715.470296470585,-0.4179276,6.574336789982626,-0.9614510798468983,8.571900993346844
CAN,2001,0.256775122484545,78.8414764949736,17.2263337035681,23822.096210932,0.6702458,10.078410818128477,2.847019580413707,3.0236849799718044
CPV,2001,0.513182666983,54.7762172320995,0.705637496116604,1223.33055331575,0.18077564,7.110149486511149,-0.3345815305696597,10.831780814863912
CAF,2001,0.678290005356374,37.7560236207831,0.0697029993976253,237.951702544735,-0.430041,5.476261450107531,-2.5294480602977916,11.356367718512768
TCD,2001,0.715630992197559,21.6780982595188,0.0276234182980612,194.32295331156,-0.37812343,5.274654359453713,-3.280128595386479,-2.5566895018673854
CHL,2001,0.371380925871445,86.4906345913002,3.29401921683893,4563.5952986689,-0.22755794,8.426085136014574,1.1951396718763603,28.415608055310322
CHN,2001,0.511383440955269,37.6597442626953,3.00747564571294,1065.40597574519,-0.005411625,6.9720493725108295,1.1044206029422114,-4.801765457457378
COL,2001,0.495909324630223,74.7938371677676,1.58737525769177,2472.99084035833,-0.3697141,7.813587850584355,0.46836181826874246,23.295840513542892
COM,2001,0.574528559991241,27.9902886596605,0.177442344943533,681.163857619963,-0.08539835,6.525269889425373,-1.6742839744920235,-9.67367814771233
COG,2001,0.624229554154953,59.4417859130405,1.34418648284191,854.598314408095,-0.4626206,6.751801007136295,0.3032008923639343,19.345315377446433
COD,2001,0.717353030540583,35.4153526820763,0.0350106917650027,142.678142604412,-0.40313515,4.967575677162508,-3.1008552226551487,14.47799287265844
CRI,2001,0.467787886359296,60.1427600448608,1.379963366939,3985.12984506207,-0.37862778,8.290576075521171,0.3292773920751647,3.522837329435646
CIV,2001,0.609853193692011,43.4670149035012,0.384346412791568,924.727294962066,-0.28839812,6.830579693392025,-0.930525535688784,2.524614457889321
HRV,2001,0.334066952540531,55.6913829056559,4.77793267439475,5364.83824691607,-0.09904021,8.587807886460425,1.5660987262758022,-4.120231510060663
CUB,2001,0.310068844009415,75.887565612793,2.49667717503705,2842.96704310394,-0.31616434,7.9529552026365575,0.9189580414538874,22.89303458887555
CYP,2001,0.357197875036324,68.8024068077544,7.25889846462136,14821.44921875,0.5152466,9.603898149618495,1.9836047621316382,-1.9200413085021069
CZE,2001,0.24242944110687,73.9131752504002,12.9423815445542,6669.07494847497,-0.63991964,8.805386375499458,2.5612796742918316,11.765190930556003
DNK,2001,0.223824670258456,85.188307882087,10.2155097528674,30768.4775471112,-0.5030801,10.334278488877533,2.3248855542673805,6.6229951023792495
DJI,2001,0.75545658127305,72.8935327252495,0.978850349987618,742.133791107063,-0.24287462,6.6108760972920635,-0.011212273280183815,34.310321701458065
DOM,2001,0.45223129716795,62.2979450293469,2.19583469940138,2935.89367312668,-0.14491129,7.98510772799875,0.791105985748761,8.95815840167144
ECU,2001,0.533077189219852,61.0123544006659,1.88347840635006,1791.30359685037,-0.7965906,7.491256997070538,0.6384155642017675,12.975564360420172
EGY,2001,0.514893065808,42.7835506765333,1.89148509278964,1295.1374184163,-0.0483706,7.167143904019774,0.6426352086445026,-1.7728949625631216
SLV,2001,0.493949337286333,57.4526760394716,1.01143420139878,2058.04459070452,-0.3422227,7.629997363279216,0.02120771949435825,7.926084238356715
GNQ,2001,0.6551180745939,38.8638365386531,4.80185000453432,1948.61145907844,-0.48009172,7.5753853799498785,1.5710816264990717,-10.076328751187987
ERI,2001,0.628707934599346,34.3253211975098,0.318025465392835,325.409161513593,-0.09897534,5.788151691058767,-1.1146640352189077,4.576570559045869
EST,2001,0.254743687033719,67.3926456349791,13.1461730476221,4502.66614992392,-0.24172437,8.412647044053612,2.5768910817536894,9.461918077096648
ETH,2001,0.80402531492913,15.1177673339844,0.0688999021151379,118.457204255261,-0.4342874,4.782958183843133,-2.53957529175037,-3.8371595746815323
FJI,2001,0.454039541785756,48.4287914591462,1.84040414502893,1944.997414609,0.006307284,7.573529934178264,0.6154040720044219,-0.4914499509093133
FIN,2001,0.150405181064244,67.4982392821958,12.2543758606386,24965.202996776,-0.626869,10.125278309107044,2.5066987885753127,-8.822817954927345
FRA,2001,0.293002027316631,76.9074413607811,6.59967427030181,22331.7948343036,-0.23624384,10.013811497517443,1.8885343743289262,1.783320939688025
GAB,2001,0.491961724461076,80.4090993437448,5.14741647952144,3835.75718279727,-0.51323223,8.252382805158037,1.6404357718469669,24.199298087526152
GMB,2001,0.648137250984048,48.3491979765917,0.199463415319352,459.803068381399,-0.13834397,6.132970768173312,-1.5632061834165305,14.897760929661338
GEO,2001,0.400849347891595,52.4098165040349,0.966228100876525,801.98383707929,0.060742825,6.688334585573938,-0.024059009960479927,12.994851929420122
DEU,2001,0.267155140780805,80.1070808273695,10.7525841705381,23878.3641471651,-0.3571038,10.080769940148897,2.3760756904469003,4.263956929037803
GHA,2001,0.586384172891191,44.6410507317701,0.322486128251954,263.542156494853,-0.1429642,5.578000620431512,-1.101157139299508,17.148913965855108
GRC,2001,0.279238333695086,72.8460703788502,9.03332789548129,12156.9572824221,0.10030619,9.405739154765902,2.2020272366919666,4.25146455918545
GTM,2001,0.516849908799117,44.678095600504,0.849690152122634,1537.68663578252,-0.6057598,7.338684497630489,-0.15118324288347673,-1.7203624637102521
GIN,2001,0.615798966542749,31.2176948406254,0.184473931962211,483.085120214741,-0.10975313,6.182260759465906,-1.6374571508071385,-2.763020871394268
GNB,2001,0.810415312643378,37.1627839410066,0.167687725020674,327.138431972397,0.011277676,5.793435568042976,-1.7277276231873433,7.357294737910006
GUY,2001,0.424842444387012,28.6194627210441,2.1525827461127,931.574723847673,-0.25306144,6.837949281120026,0.7713032231902036,-12.40207276705096
HTI,2001,0.71953700793402,38.3871832598564,0.204353921123644,748.821159844528,-0.18930213,6.619834724555161,-1.5401267930163889,-0.29222600123431874
HND,2001,0.496935031272749,45.8623033555915,0.871087022434027,1132.1648753329,-0.5547972,7.0327697714760635,-0.12659888104095454,2.748774617678542
HUN,2001,0.298747126846042,64.646880283041,5.9881860022443,5280.94887987063,-0.50096935,8.572050414633535,1.7914570905569487,5.004470475298703
ISL,2001,0.226003001783782,92.0452304560359,10.3787091884001,29208.1981853568,-0.120460086,10.282238945000126,2.3407195614355683,14.038721189840416
IND,2001,0.716071937858417,27.9028652096636,0.939789720011458,450.357900514128,-0.1476841,6.1122605957764735,-0.05151466624485216,-5.326184855396566
IDN,2001,0.483897951529599,42.9018895186157,1.45853518944239,732.307093405708,-0.19341993,6.597564568318627,0.38426543421750264,4.461618432539709
IRN,2001,0.449274995905801,65.2168655395508,5.45816095459282,1881.02266635283,0.6844127,7.540102363830945,1.6989423541623538,16.655571237146056
IRQ,2001,0.560747222213933,67.751941516652,3.99450111596867,1435.695683789,0.41569534,7.270101091758663,1.387419007460215,22.089935875235646
IRL,2001,0.315244633484091,59.3763923617156,11.9109688656404,28282.409882073,-0.24639833,10.250030688486994,2.478298939008639,-18.28426285652661
ISR,2001,0.273343834342763,91.365021842149,9.19913029973598,20966.3052667971,0.1615525,9.950719611432445,2.2201954158123294,16.91838559926984
ITA,2001,0.320781156785016,67.27519882288,7.96252086434695,20570.4385917862,0.026538512,9.931658916603423,2.076000736938093,-6.966762619898404
JAM,2001,0.477222921400672,51.934190578424,3.92801715285343,3503.55026688858,-0.23097546,8.161817479364,1.3706773359345756,-3.303115177539823
JPN,2001,0.225576804119625,79.1577482060887,9.67360734256659,34406.1824638092,-0.48546186,10.446020614119952,2.270434491224287,-0.6074577229497038
JOR,2001,0.405168528307625,78.2902365290261,3.00198549017311,1632.29454010563,0.22218426,7.3983544441928135,1.1025994925864386,31.25103926331795
KAZ,2001,0.335502400470008,55.7813717131331,8.37700755350533,1422.27331810957,0.06440455,7.260714651402984,2.1266837886225116,10.220158189773805
KEN,2001,0.701661055190655,20.4416297068833,0.26100621869581,410.700452474814,-0.262849,6.020296027815367,-1.3056135111487084,-11.799899717789085
KIR,2001,0.510644291753635,43.4777440627131,0.32324126861128,718.833787096781,-0.19405334,6.579020334105378,-1.098888520982903,5.2366019939507495
KOR,2001,0.286851166671848,79.8787704357425,10.0719727295012,11981.4828218758,-0.076653875,9.39120109743174,2.3107489507868344,11.440275083477516
KWT,2001,0.332491226618144,99.2347539628831,29.3184026261366,17374.2318664227,0.3509694,9.762801015174034,3.3785564193902067,26.80599804752704
KGZ,2001,0.333064083677835,35.3160273737858,0.815154801557025,308.41129550148,0.1262229,5.734671445234306,-0.19218427199837143,6.141550586388103
LAO,2001,0.629451808629175,23.3728884682287,0.186381120141295,320.316005439568,-0.08682728,5.772425079507834,-1.6276980173093278,-6.206988941618807
LVA,2001,0.305887649657756,68.0163660524785,3.28140443356709,3504.61829462397,-0.23670465,8.162122187513107,1.191314353193821,12.775788323479745
LBN,2001,0.588058036509664,86.1451238111303,3.7525460492449,4009.55929751102,0.6096164,8.296685986263318,1.3250958690020649,29.45959253468468
LSO,2001,0.629833892007829,19.8975236019886,0.182472175617099,412.677473676821,-0.50903076,6.02508662111907,-1.647803677950372,-12.395447479747961
LBR,2001,0.644139815746794,44.1509656015089,0.152619706314848,300.463828598983,-0.29267216,5.70865003749076,-1.8163408941636876,15.25590813623062
LBY,2001,0.490489559452953,87.3194455877457,9.0214945891093,6312.80030498965,0.019940695,8.750493041280064,2.200717867477114,25.760908940664798
LTU,2001,0.310530731762783,66.9286097501613,3.57013822101879,3532.52787363242,-0.25256768,8.170052048491595,1.2754014088904178,11.602880733386435
LUX,2001,0.24167897178748,84.8173254067976,21.1410452409263,48440.1420151355,-0.15170364,10.788104773258972,3.0516893246459067,1.3788007704680894
MKD,2001,0.498978245121496,58.0943199277127,4.53166326106379,1823.02267682636,-0.19565393,7.508799603027587,1.5132933020234027,9.869156410019635
MDG,2001,0.718149481072711,25.3079943968146,0.100417197525336,319.283278235657,-0.061424095,5.76920584868239,-2.203489382584744,-4.237314733566368
MWI,2001,0.847097480440655,14.780400724713,0.273146222506607,215.474524898357,-0.11626673,5.377472872613161,-1.261791827473324,-10.558457943654213
MYS,2001,0.382935531274024,63.0180877676224,5.88304152527669,3943.79943910239,-0.17031574,8.28015339272333,1.7737722523737443,6.510084399172655
MLI,2001,0.720851844894569,19.3181950112665,0.069953739700229,346.224554251022,0.049244404,5.849971701054672,-2.5263070653085706,-11.094382329300284
MRT,2001,0.655254715341036,38.1070763150421,0.436955904970957,651.817840199777,0.46483994,6.481298132013878,-0.8052953358318754,0.9152806818582278
MUS,2001,0.466086257950742,41.8827214180181,2.15968241734634,3908.55694927435,-0.20905478,8.27117933435305,0.7745808053886495,-14.528918013046066
MEX,2001,0.445801745831884,75.2907557567987,3.94395058441036,7952.76479510706,-0.19803953,8.981400654687603,1.3747152270502887,11.25272032754485
MDA,2001,0.358388479886639,39.6744270324707,2.46105817585547,507.404076252819,-0.41611734,6.231276557089646,0.9046464701754939,5.1673769622122805
MNG,2001,0.467236891461771,57.2155913875612,3.72755507080754,524.453483552485,0.04964419,6.264261667945134,1.3184316732724755,22.35434536425867
MAR,2001,0.522348872444158,53.8972613497219,1.28395135764826,1506.24523925781,0.65738076,7.318038918802782,0.2577006046830267,7.720496658043643
MOZ,2001,0.619750152665096,29.4137097764239,0.102310266807763,304.792138621913,-0.10929123,5.722905585584114,-2.1864899983732675,0.3655754436700782
MMR,2001,0.613725616360789,27.7107064116875,0.191710326457028,141.525660705722,-0.13655694,4.959522058624999,-1.6009226382227906,6.859826805590593
NAM,2001,0.507647604615598,32.8575058425719,1.31962124834684,1915.58926594875,-0.6380615,7.558302461324611,0.28489412599830116,-15.899222117931096
NPL,2001,0.849234871728731,32.808952331543,0.146516090995107,240.795114544664,-0.02377057,5.488090733446652,-1.8545964564272144,6.282272927533196
NLD,2001,0.215406737453968,80.1840578652121,11.3084173304799,26955.7128032278,-0.15680318,10.201987628928682,2.4264312512053947,3.0392916898159967
NZL,2001,0.290914083342948,85.7545174444303,8.99577374049736,13882.8568268586,0.098799944,9.538482064832468,2.1978658983678465,15.734510881173634
NIC,2001,0.605553222041757,55.3522521763064,0.784932657864608,1051.874235891,-0.33019844,6.959279070899541,-0.2294978750041966,13.027870664383421
NER,2001,0.720490554464995,16.2687225341797,0.0592333620817729,205.417936120931,-0.40448013,5.32990292964255,-2.6702724215284075,-8.559327443546842
NGA,2001,0.60055498232013,44.1262421418539,0.818897081180304,566.428231812933,-0.3368527,6.341114277592585,-0.1876592797078982,8.439748526167548
NOR,2001,0.225722554459147,76.3958619273785,9.367707700314,38601.897639231,-0.72240615,10.561082621009293,2.2383353515224393,-4.604886224570336
OMN,2001,0.429630236229235,71.5179623016414,12.3287119781389,9611.96360191054,-0.1121397,9.170867841718332,2.512741635244972,5.4454176911104355
PAK,2001,0.630259972190681,33.1988471664032,0.715614685361213,609.939506905073,0.3417882,6.4149979475681,-0.3207361414648278,-3.2810134025131887
PAN,2001,0.469027012486555,62.6337017277411,2.02167297543571,3991.77672094655,-0.4187077,8.292242187880577,0.708859579478865,5.995888205230173
PNG,2001,0.617420097839834,13.1864094716078,0.61844116237681,537.847459634131,-0.02980725,6.289432524610518,-0.46451287128187757,-21.945122609079586
PRY,2001,0.483711634504851,57.9686577349574,0.729978223444004,1637.68615122932,0.17142995,7.401650072445082,-0.3011345209953002,10.894071829968766
PER,2001,0.558531092818234,73.1565814081586,0.999072821437261,1929.57273038846,-0.37875828,7.5655719893735265,0.009031910657454945,24.32179285156583
PHL,2001,0.457413939278166,39.5375185608843,0.880719772591872,969.530611744453,-0.1474363,6.877842944352168,-0.11572540985518114,-1.912397299519803
POL,2001,0.268326575054817,61.7557708646056,8.09869495134866,5015.23790036613,-0.48628512,8.520435509490728,2.0929369367258652,2.6676047760501973
PRT,2001,0.320918261534747,55.0679833009212,6.12752132113551,11734.7649743954,-0.13191855,9.370396293582365,1.8144209670267042,-13.147108911678458
QAT,2001,0.353474410525459,96.4674307551724,47.8365600914555,25870.7991864314,0.08426873,10.160908819975981,3.8679992258990272,19.763771112680303
ROU,2001,0.403132553296928,52.764808691157,4.71753757121485,1825.19299373184,-0.1611266,7.509988747646482,1.5534044688937974,4.526876072476462
RUS,2001,0.357201704680498,73.22998046875,11.5380010322485,2100.3525390625,-0.58250505,7.650336482610119,2.4465123511883275,23.484986074202922
RWA,2001,0.81104172264875,16.5487399668155,0.0839377470558437,237.308846200901,-0.60060024,5.47356750553445,-2.365122981470074,-9.821988208951474
VCT,2001,0.452639931008021,45.0076571524878,0.4273090104933,4071.08601098962,-0.24165519,8.311910680548936,-0.8271152159429296,-11.841357737092387
WSM,2001,0.46086861578454,21.9749895503804,1.09681927868709,1453.87021324606,-0.15315692,7.282671975108818,0.10149038718071515,-23.82200293489776
STP,2001,0.655721165300952,53.9612039920776,0.381212638770282,518.88050130005,-0.3613628,6.253598979974003,-0.9385040336483622,19.214454504636144
SAU,2001,0.401470057654612,80.155242811133,16.1835734476463,10805.311325122,0.0046501956,9.28788562438341,2.784614462769201,12.826154748747314
SEN,2001,0.637640619317228,40.8763420163126,0.441919674076285,637.213530563724,0.104445934,6.458672914753411,-0.794250827163202,3.927497223145913
SYC,2001,0.429159316775562,43.2172985855685,10.3224058520726,8153.2986369879,-0.085643135,9.006300507308474,2.3352851555376644,-21.088112844583037
SLE,2001,0.624062414593249,35.763651295501,0.117075058452291,358.315716051546,-0.20165999,5.884201433913072,-2.06297735566666,4.9835131816707054
SVK,2001,0.384180159524255,55.9968426739371,7.80433872040338,5712.47802761654,-0.5025018,8.650583228883486,2.0559603435822242,-4.488856856564105
SVN,2001,0.330648407457294,50.7597503536323,8.51691214120057,10375.6255869861,-0.11550313,9.247311015908384,2.1432272961065686,-16.133645308592406
SLB,2001,0.486244689365727,16.0619258388978,0.568883940996382,911.791935385411,-0.14544868,6.816507963479708,-0.5466532688306122,-24.729371589079598
SOM,2001,0.901913275574812,33.5128183866634,0.0720444098832276,244.914842538455,-0.102333546,5.504985307459336,-2.500494594379737,6.804724108230008
ZAF,2001,0.456450226306422,57.0014339378269,7.51319828115408,2847.15191945908,-0.30901924,7.954425613615905,2.0179913508908736,3.991113559116073
ESP,2001,0.310488634381917,76.3156889510385,7.60182785916578,15368.2337984435,0.024652401,9.640122984830958,2.0297033347753795,5.2042565415911355
LKA,2001,0.486501340755894,14.5739539539707,0.58030560864131,803.544026627385,-0.098882996,6.69027569038861,-0.527114895440109,-24.86185431199329
SDN,2001,0.719232542482014,32.3760415318304,0.229633299984535,451.293304443359,-0.14160109,6.114330873021052,-1.4286454408263716,-0.8752392853082185
SUR,2001,0.449761762338427,66.718959290312,3.12520552449852,1714.64846637242,-0.41151825,7.447546402635635,1.142694729989803,19.151536041702165
SWZ,2001,0.568877678455661,22.7095619136459,1.05797553716995,1429.85630359447,-0.21880777,7.266028357738996,0.06576483500409093,-22.908710483583064
SWE,2001,0.260368694771965,84.0827152824223,6.52637826608933,27259.3174300217,-0.5792866,10.21318734971764,1.8773832301317255,6.817685882929368
CHE,2001,0.200988078760992,73.3762992611964,6.38860757077529,39638.7911061864,-0.31685007,10.58758871865674,1.8560803996281174,-7.90907283998969
SYR,2001,0.442881146494454,52.2854637030759,2.69850964188265,1186.82913474027,0.35123345,7.079882663602439,0.9963985359701596,8.666034111881764
TJK,2001,0.451863739495056,26.5345041786379,0.427928620401141,168.676285365186,0.2698435,5.1338924180152965,-0.8256993490069576,3.811225965258057
TZA,2001,0.848933756574326,22.5963228653037,0.093385194551589,396.638732910156,-0.4501287,5.985543886813759,-2.2692935133147696,-9.272036138438011
THA,2001,0.481336780677178,32.7428054763889,2.88330259468562,1889.93432467144,-0.10934305,7.544826337580163,1.0623986159911314,-15.869215118602526
TLS,2001,0.616380528075981,24.469641672156,0.326993323475929,587.700634429079,-0.2088248,6.3779177937117035,-1.0876921604701562,-11.612050144448823
TGO,2001,0.561914842134032,33.5503635916513,0.213439163585278,396.692654520135,-0.11194054,5.985679482141477,-1.4986161007048984,1.6805485577467678
TTO,2001,0.392027594222253,55.9010190940268,16.3937394337668,6657.41466937221,-0.25386062,8.80363669756718,2.797509323092927,-6.2281770869671575
TUN,2001,0.39101559926461,63.9541757453358,2.23029588506291,2235.71981624751,0.5832835,7.712765703868122,0.8066079486895703,13.538812904305232
TUR,2001,0.438790191554842,59.8722461417316,3.1206808144442,3052.2256706793,0.7805945,8.023953907683842,1.1412504935016063,6.115327078274319
TKM,2001,0.297621284784866,46.3715562022892,8.61697874988049,756.034976276398,0.3666803,6.629409456169819,2.154894356880615,7.589332941140896
UGA,2001,0.830166129033375,11.9013889740088,0.0580990392018387,236.021188853993,-0.5167222,5.46814954158602,-2.6867921745629277,-14.411160803853729
UKR,2001,0.341277378537594,67.2749805493459,7.33438335645808,800.49072265625,-0.21017323,6.686473397006011,1.9939358519092614,27.880001520982574
ARE,2001,0.342469502446268,79.7469002624215,27.1939982651151,27745.1708087672,-0.13840978,10.230853120779987,3.3033639575402356,2.292174831737398
GBR,2001,0.227205995803078,79.9838301298823,9.52500193970965,28013.8729635508,-0.31642693,10.240490825402304,2.254969442482844,2.425614491485547
USA,2001,0.219007612302518,79.3086223667912,20.6255077855762,37133.623113437,-0.056084406,10.522305050959044,3.027013270877359,-1.27573008344676
URY,2001,0.41085094589628,91.3759250620534,1.53241153472962,6382.76104740859,0.5303343,8.761512708511926,0.43334712327565444,29.69905861597565
UZB,2001,0.30793356463976,48.4901886313987,5.28624567526799,454.415812256778,0.3544732,6.121210874714993,1.6669982063933686,15.165029973812402
VUT,2001,0.544296339304816,21.9341706883464,0.511435316781046,1350.18338238522,0.124535084,7.208736067005605,-0.6511700452521693,-23.068893907784116
VEN,2001,0.481359452374324,88.372774123042,5.73575850236842,4920.39313600453,-0.35954508,8.50134692712927,1.7484619308483174,29.489582292460113
VNM,2001,0.49046033484165,24.9489362725143,0.796360252330399,419.205677580901,-0.12617142,6.04074429993528,-0.21522467314472013,-7.512167834303288
YEM,2001,0.68875893889031,27.1033603053549,0.829144572122412,487.141257946318,-0.2021637,6.190604826971565,-0.17537227255320967,-6.966954467143278
ZMB,2001,0.669223604634615,35.8846482932758,0.19058254162032,396.548952993504,-0.29661798,5.985318078696695,-1.6065294380476842,4.018714029641195
ZWE,2001,0.704448789214721,32.4999278382836,1.21917145823374,566.388746448872,-0.43773818,6.341044688637126,0.20634033121429018,-3.1858185273326285
AFG,2002,0.747669087667933,18.9412480133309,0.0439140640871224,178.954088379235,0.5210714,5.192701753795908,-2.9203639058431485,-4.413528115152616
ALB,2002,0.44439890135965,43.1520419609419,1.31323725585954,1479.83884572006,-0.040483575,7.300363993843398,0.28008120077025844,-2.8349284044902063
DZA,2002,0.434671943336129,61.3812658601162,2.82473516050838,1937.46411413019,0.14189887,7.56965124475505,1.0419485150059047,12.502674032590093
AGO,2002,0.509053950808119,52.8926234794038,0.918500488726172,999.065855913758,-0.16357327,6.90782113272749,-0.0741843718285329,11.12080016661453
ATG,2002,0.465199109935764,31.2280374899146,1.94854086613356,11658.6949915956,0.038030624,9.363893301037095,0.672199739943105,-36.91722522742272
ARG,2002,0.443997395023739,89.5616701920513,3.26103662726385,2569.69963519124,-0.34201214,7.8519333724328915,1.1851069460673391,37.65191719371062
ARM,2002,0.454838155211575,64.7396211980252,0.969248078004875,742.651118319819,-0.2193833,6.611571997862957,-0.020970269159720657,26.148937555238753
AUS,2002,0.219908044606386,85.2842102783464,18.9093269577501,20335.0960191023,0.14271243,9.920152715049792,2.94018398993339,11.165803067144196
AUT,2002,0.228790495140905,66.8887457136458,9.05961266559572,26334.862215032,0.47199628,10.178686871652356,2.204929558209176,-10.005815635509293
AZE,2002,0.398381657058253,51.2144165039062,3.36350565042615,763.108895463487,-0.22939344,6.638710312338782,1.2159524560287007,12.332320132452928
BHS,2002,0.453906611605781,81.3054206830642,3.27760589118674,26781.6195938652,0.14975421,10.195508433500223,1.190159607232061,4.230228468167937
BHR,2002,0.376624596022275,88.1427867595875,27.0590652632527,13501.4708801425,0.40596676,9.510627975837615,3.2983915726736397,18.421878951551946
BGD,2002,0.741716793592885,24.1132383547332,0.247202877217844,393.886422327628,-0.16948588,5.978598185142959,-1.357890099986671,-7.6805373185589865
BLR,2002,0.271299322146224,70.8804702758789,5.59425588928258,1479.38066337175,0.39624596,7.300054538667543,1.723526289331392,24.896822857318696
BEL,2002,0.28791167984589,82.6509663267055,11.4676730426502,25006.191397109,0.40323532,10.126918718369676,2.4404036737124235,6.312294283777831
BLZ,2002,0.451040851645315,47.4865009861554,0.555449222488272,4858.86062599362,-0.117261566,8.488765038704233,-0.5701347796975406,-11.261585827459157
BEN,2002,0.675470527199486,39.0035069872981,0.279189715333064,546.463829658159,-0.21751244,6.30529639495699,-1.2406723518020033,3.701627785421593
BTN,2002,0.719230611931709,28.9630875013322,0.764562970745137,895.799489930972,-0.22821386,6.798832302992146,-0.25545631740106056,-11.638407702256597
BOL,2002,0.542067162149426,62.8187632085055,0.951411488642869,888.221328974352,0.25069347,6.790346168503166,-0.03935277368430566,22.308392588555463
BIH,2002,0.401134346787753,43.1975585685863,3.54063823274201,1606.5467454132,0.47430375,7.382464535261724,1.2671273711991298,-3.6710119721643792
BWA,2002,0.590220119344163,55.0142988603802,2.39310439297486,3117.25087183011,0.39007387,8.045027505595328,0.8767613985801185,1.0310903316842257
BRA,2002,0.462844122068619,81.9943491502673,1.96879630651915,2855.94017137049,0.19222672,7.957506460944124,0.6824887338440783,28.950946461771828
BRN,2002,0.35658024434734,72.1021556496525,16.3425943622298,18621.2922577525,0.06134637,9.832114650544659,2.7943865613444427,-1.070893933431691
BGR,2002,0.398805453781104,69.4859161376953,6.07329618467708,2092.98288625558,0.1067343,7.646823218644258,1.8055466847133201,19.77864736681326
BFA,2002,0.756742210820531,19.725053583448,0.0853882812864106,285.654087637533,0.07652029,5.658276219282486,-2.3497995457417127,-8.629087023102144
BDI,2002,0.75777064027739,8.45108277415092,0.0326341870292075,120.952308575468,-0.18298657,4.803630054990892,-3.155098835125019,-10.725819835444542
KHM,2002,0.616948402556452,18.803641734126,0.17486253272109,350.147276634294,0.36816072,5.861205727012642,-1.6881427964869526,-11.729567201348498
CMR,2002,0.577264328284521,47.2589242513436,0.357348891560271,789.623811072554,-0.20449845,6.672822268133005,-1.0014432243145204,8.01053180328573
CAN,2002,0.258733430862875,79.0990234802234,17.6683722055528,24256.0192337185,-0.5711768,10.096461307419055,2.872341983149137,3.0874048083204286
CPV,2002,0.513348595965063,55.5703407979481,0.773585471238379,1328.57874270666,0.007337252,7.192617436237714,-0.24387513412705497,10.740358954566595
CAF,2002,0.723102533965166,37.8169752995511,0.069694117212425,248.639290978403,-0.16777945,5.520017039885567,-2.529559507548512,10.947469443150343
TCD,2002,0.709317421517579,21.7007762031515,0.0289046128032407,219.061391951349,-0.20116551,5.393906561748259,-3.246642454327742,-3.8145483322166704
CHL,2002,0.370803312354089,86.6114115090282,3.29162863363271,4430.84741157984,-0.4228449,8.396571799039272,1.1944158720721019,28.853300825262586
CHN,2002,0.510558462107709,39.0897827148438,3.22795454545455,1163.55957673426,0.12928915,7.060098248800837,1.1749418173108803,-4.317200730973575
COL,2002,0.498845432770893,75.192444355543,1.50246201581761,2428.92969771584,-0.12124189,7.795617604934949,0.41373879709849193,23.887413197542138
COM,2002,0.567409646483316,27.9586267103537,0.179631183544066,764.61349832543,0.003806591,6.640677471024895,-1.6626742325158266,-10.944593120367891
COG,2002,0.643281419667517,59.9716066874511,0.853385683474042,905.538135544704,-0.11768118,6.809633098305842,-0.14689377756640568,19.25413194368342
COD,2002,0.722962604861062,35.937064393184,0.0356238387555068,162.38052907429,-0.17827177,5.0960820142135965,-3.087324919337485,13.619796396601636
CRI,2002,0.462341953202913,61.2787633575946,1.38535541703828,4067.71851429092,0.08657726,8.311083367503816,0.3331491620615208,4.4386322014590505
CIV,2002,0.609201002111682,43.859032147728,0.396005933281089,967.815864415991,-0.111586094,6.876074567430976,-0.9013875054943576,2.428105216956027
HRV,2002,0.333842122854022,55.6745468592554,4.96469924275494,6219.58164143945,0.40095735,8.73561869284674,1.6043649150655563,-5.724268207918357
CUB,2002,0.309810528944439,75.8514891112497,2.3766937945776,3005.21104247868,0.05176115,8.008435774927253,0.8699090586829755,22.261204619531938
CYP,2002,0.358352308746147,68.7863589370716,7.31170524942941,16093.2158203125,0.19453113,9.68621522060203,1.990843258415142,-2.8200144610052433
CZE,2002,0.241458664305209,73.8360067578753,12.4942776816049,8101.26018588111,0.26449916,8.999898337031388,2.5260708002946113,9.599342187868572
DNK,2002,0.222684222685592,85.3000030517578,10.0932099016896,33257.1622586509,0.3774519,10.412055497421541,2.3128531854041374,5.899516432954684
DJI,2002,0.835996863857006,72.4503357641707,0.984069363754974,743.013270420348,0.16819,6.612058871260511,-0.005948292310572849,33.85442404779026
DOM,2002,0.464271762698922,63.2914022524877,2.374394715007,3065.60329524196,0.0034958522,8.028325809560494,0.8689453038735919,9.487537463772725
ECU,2002,0.528182353633273,61.2871268050958,1.84934747358749,2059.1585535974,-0.5329111,7.630538226587489,0.6202256055212616,11.754727183725905
EGY,2002,0.510290527671101,42.8347629483917,1.90141842765088,1116.82884626213,0.10092934,7.01914355278472,0.6478455987215813,-0.13244669613052196
SLV,2002,0.481817504026534,58.3486233966841,1.01123653687692,2115.41187355626,0.1649437,7.657477421275183,0.021014184120523288,8.526949205995578
GNQ,2002,0.549402051169458,39.1969150391705,4.02553019774249,2264.21065580365,-0.17339452,7.725423038362282,1.3951376927780785,-11.354362962909505
ERI,2002,0.698762848021448,34.5420799255371,0.30322050599713,304.775756465092,0.20380545,5.722852011297575,-1.1608478444763781,5.494520876448771
EST,2002,0.252934082340537,67.4090870965661,12.7007648530105,5343.18310760735,0.027482113,8.583763978777561,2.5424492606536084,7.6408963862307075
ETH,2002,0.776941772970898,15.333233833313,0.068704745999111,109.593813612988,0.008613269,4.705864152740716,-2.5420518204328184,-2.793853085972115
FJI,2002,0.44980716611226,48.7795139144731,1.50783929589103,2136.56794118683,0.1921506,7.6674239856563355,0.41728780768483764,-1.1489670371789273
FIN,2002,0.143442636286225,67.7951641569199,12.6383158244494,26989.389260959,-0.45690882,10.203236128322239,2.537524069902929,-9.363008474331792
FRA,2002,0.291705878234326,77.2543866607525,6.46436747006761,24144.5727019529,0.15215929,10.091856317303748,1.8678509147933697,1.292216628564475
GAB,2002,0.492048616551974,81.2205241874174,4.81148732283377,3966.48001864663,-0.034389973,8.285886416129944,1.573082453665617,24.65095929509628
GMB,2002,0.648615601947547,49.5731153377033,0.201668174131384,376.531026962584,0.26009193,5.933652755940976,-1.5527354469023613,18.26196618038427
GEO,2002,0.406545415018867,52.4127676027039,0.903226455096939,853.526171868939,-0.31838632,6.750547130370915,-0.09077139508235645,12.32976126548283
DEU,2002,0.266048263214963,80.1213973750556,10.546202837135,25486.5942008748,0.20987342,10.14594711083958,2.35671363379703,3.5783973965541236
GHA,2002,0.65853111841682,45.3484692124806,0.370502978669703,297.46164468774,-0.110911846,5.69864143106825,-0.966261273406956,16.560884719053032
GRC,2002,0.275029673817241,73.0977109642516,8.99722088251152,13782.195640943,-0.1381814,9.53120542195944,2.1980265759284143,3.1558413964613266
GTM,2002,0.516220725163195,45.7754731938848,0.868651411396258,1669.33517469705,-0.12759924,7.420779588683973,-0.12936703401894142,-1.504526519327527
GIN,2002,0.614541761688696,31.5131362085814,0.195755946519199,495.916073559269,0.18972842,6.2084211457592176,-1.581064538169704,-2.748491184946829
GNB,2002,0.830978294495704,37.4734924367695,0.17319381652314,362.034574570354,0.136247,5.8944980764794535,-1.6972105799146866,6.5827884029720956
GUY,2002,0.43241576799552,28.4796776810692,2.12623027242775,950.866932470993,0.0031124752,6.858425248205492,0.7590427207310624,-12.761729879249916
HTI,2002,0.718219520547542,39.9708985140797,0.226717169082679,720.969568042522,0.017754236,6.581982988478917,-1.4408892298892049,1.697943298046951
HND,2002,0.509262289096634,46.4194190064116,0.896055100701715,1132.49965345317,-0.07475901,7.033065164215882,-0.0986551572369082,3.302718324846225
HUN,2002,0.296657574440369,65.0400009155273,5.90458850267675,6658.04494326809,0.49037805,8.8037313513397,1.777421926570244,2.909788337064988
ISL,2002,0.22481521532713,92.1674022598912,10.8822598539943,32749.379004627,0.25164887,10.396669813656802,2.3880524318528864,12.932127968194166
IND,2002,0.713836063292554,28.1756878910456,0.957620477500199,469.149928973927,0.21565723,6.1530516416519845,-0.03291533728272886,-5.491378691007359
IDN,2002,0.464612596042417,43.7824069030376,1.46310550665851,881.002913569131,-0.03886366,6.782195359367697,0.3873727619748072,3.3595601244493807
IRN,2002,0.449306050369015,65.9271621704102,5.65089777632155,1891.25756091033,0.24600928,7.545525871906134,1.7335824973612857,17.307629936959835
IRQ,2002,0.560323942771833,67.8938101691696,3.65491643857998,1266.15961275094,-0.08244761,7.1445331493014255,1.2988055352369428,23.58016007050955
IRL,2002,0.308858705662696,59.6367259990731,11.4404136169689,32705.4345565698,0.18304317,10.395327112957869,2.438025853100544,-19.584130297917334
ISR,2002,0.273682668110417,91.4444967249569,9.51086757990868,19076.4584298321,0.102820955,9.85626273014593,2.253485976994323,18.012143721428572
ITA,2002,0.320010273598911,67.3538786566538,8.07424104162591,22451.3964379368,0.05438604,10.019152633038612,2.089916616220296,-7.827595174423152
JAM,2002,0.478630300566121,52.1467222312645,3.88537029098241,3680.64551727724,-0.043028194,8.211115082654599,1.3597887430921751,-3.619943927846151
JPN,2002,0.22533040967445,80.5469860733981,9.92193416768018,32820.7936433254,-0.09367338,10.398848014074765,2.2957552393195004,1.288322144590495
JOR,2002,0.400448922855933,78.2972918926847,3.06397752448066,1706.26744384401,-0.2433263,7.4426493852990365,1.1229723335999744,30.78245308831727
KAZ,2002,0.33054343119186,55.5045911261585,9.29533131455672,1573.55219932325,0.64969045,7.361726192943739,2.2305874955384324,8.858710057456427
KEN,2002,0.707898727653094,21.8586568137501,0.245465741018151,402.936385605382,-0.17907381,6.00125740418999,-1.364666964363348,-10.17843481263257
KIR,2002,0.510971407916105,43.4985457088421,0.468221624902454,810.10870037444,0.63556194,6.698402077654745,-0.7376810035197824,3.975475844906093
KOR,2002,0.283975664668888,80.2766294544335,10.3782797747059,13642.9424537101,-0.15973352,9.521050925830295,2.340678225927808,10.443799430269522
KWT,2002,0.332491226618144,99.5090276880805,29.894552067162,18512.7523035862,0.047456264,9.826269102666869,3.39801071185774,26.398747922891104
KGZ,2002,0.331594271096758,35.3118703235333,1.00955696831549,321.726775366804,0.5520287,5.7768060685529585,0.01936818815242386,5.684949609908159
LAO,2002,0.595738969859471,24.5247834668291,0.20574279762084,313.350817148131,-0.01891295,5.750509614310759,-1.533668332561502,-4.81976446009228
LVA,2002,0.304635688193176,67.9813450702046,3.31793333226559,4003.60935783538,0.19834237,8.295201316127377,1.2023514903861932,11.31175626416811
LBN,2002,0.588324398889666,86.2942846645228,3.68898515605677,4290.85283803266,0.07334622,8.36447381565872,1.3080584998811322,28.88084390968595
LSO,2002,0.632078038145537,20.4926272688562,0.193214045969301,388.92334985135,-0.37425867,5.96595018096471,-1.5934954418020841,-11.165333432837212
LBR,2002,0.659009138418482,44.566701526991,0.150446784296923,299.536445539621,-0.14290254,5.705569029614821,-1.8297929534038444,15.704728095467694
LBY,2002,0.490904738330645,87.6256192750746,9.05829449877551,3718.29434696755,-0.09352239,8.22128923759806,2.2047842088245324,31.749702474897262
LTU,2002,0.310423844700994,66.8887100219727,3.62197424563623,4148.13091485015,0.38479304,8.330654173185312,1.289776369754718,9.838426467060373
LUX,2002,0.239641399341796,85.203425653095,22.4851235501765,53005.7339209179,0.3791394,10.8781742395751,3.1132985546175282,0.7977300831347804
MKD,2002,0.507869351410488,57.8726144171205,4.30169536328117,1989.13537265159,-0.13584699,7.595957941862929,1.4613311825212567,8.711539814429877
MDG,2002,0.778388238743401,25.6037489918904,0.0664561698966827,304.941777398445,0.0055797896,5.723394813909037,-2.5710376448709593,-3.4496387017983388
MWI,2002,0.844130497776999,14.8722487440558,0.263500341738185,428.210439838398,-0.13579337,6.061947334408526,-1.2964524076211195,-17.81653472499223
MYS,2002,0.381653313483824,64.056368465184,6.08030867532827,4184.03163773539,0.097561836,8.339269542688402,1.806698766041319,6.913572593871002
MLI,2002,0.75683830588751,19.6792980362731,0.0710527707813689,378.191678628285,0.27067423,5.93804182559442,-2.5126548453099042,-11.67898119484466
MRT,2002,0.658888783015906,38.3900378438208,0.474576023632038,648.879643934862,-0.018698692,6.47678718256773,-0.724480948439407,1.2466810364214496
MUS,2002,0.463521425818007,41.6986829938864,2.18923628261503,4073.06053055903,0.07662503,8.312395454447369,0.7881101558298556,-15.155537424749575
MEX,2002,0.445626031595976,75.6840752828994,3.94830756150866,7983.03398381759,-0.05205639,8.98519907447242,1.3758165504546402,11.605252210953083
MDA,2002,0.36785354391231,39.620719909668,2.51059203781018,570.799866188293,0.08284235,6.348789045869808,0.9244938095692365,3.8518142058048497
MNG,2002,0.46920482783746,58.1310120482033,3.94360699167465,570.249213248399,0.4842302,6.347825564961775,1.3746283246831241,22.372452255862342
MAR,2002,0.520360787704887,54.222745830177,1.3109395796486,1596.02062988281,0.111982904,7.375895066029392,0.27834328615093357,7.424718615047816
MOZ,2002,0.645843263650944,29.5686323334348,0.104824589581639,313.886661721198,-0.020670256,5.7522127700209325,-2.1643496230711246,0.20579582586894674
MMR,2002,0.621487695927032,27.8849700456368,0.191306347918213,146.598390364449,-0.12045225,4.9944950067169955,-1.602927412217536,6.658548979804408
NAM,2002,0.508186642347034,33.6459301456028,1.1277956792965,1772.07565537493,-0.15275104,7.480470975990078,0.1290927759080576,-14.275039001001403
NPL,2002,0.815668241013656,35.0358944291182,0.117821557843168,238.89140296106,-0.24046536,5.480186333276307,-2.0571200670454437,8.59409291331206
NLD,2002,0.213481947287909,80.8085275226169,11.2597436028111,29446.5330872868,0.27336296,10.290365419434883,2.422121577376839,2.7147557224278955
NZL,2002,0.294904814338951,85.8061578183401,8.864910725592,16874.1874918196,-0.14140558,9.733599626305354,2.1832282762226614,13.690968039107304
NIC,2002,0.590311848131105,55.4894961947237,0.802480199164684,1014.3339042591,0.07011572,6.9229728070906145,-0.20766373533405447,13.55497336078463
NER,2002,0.720615888691499,16.2687206268311,0.0593968294482597,225.294391147438,-0.15438843,5.421836767301131,-2.667914097696556,-9.546520007587294
NGA,2002,0.601022098680592,44.9793025536893,0.720895078592108,712.164852077686,-0.20084572,6.569712602774708,-0.3134853608717123,6.838107421100325
NOR,2002,0.227346770434565,76.7955442460288,9.16323116929134,43170.557174499,-0.112939335,10.67293715865412,2.2162895872664845,-5.406304145873463
OMN,2002,0.429307468170362,71.5013318111475,13.0297714300384,9869.13050219438,-0.16078012,9.197268354446942,2.5680040279735947,5.14529702810411
PAK,2002,0.648455508925314,33.3857078542752,0.694336050345593,599.937345723927,0.58466977,6.398490679057412,-0.35049969247571516,-2.916896748217013
PAN,2002,0.46397442364095,63.0330904426342,1.72892465641361,4090.58616456082,0.0102170305,8.316687989151976,0.5532669086219458,6.132776547843655
PNG,2002,0.692038878163454,13.1530694608835,0.68600572957171,506.331789534482,-0.025124708,6.229165206781379,-0.36239738653833975,-21.33130881245652
PRY,2002,0.479909182270735,58.3089732866691,0.75363102243388,1367.76506935997,0.6939244,7.221664203082266,-0.26967056140538753,13.167085647050314
PER,2002,0.554186961718238,73.5500651944675,1.02982177252548,2007.37019626753,-0.08123127,7.605078824510277,0.03904932589567034,24.291050047146477
PHL,2002,0.451067636034518,39.9553922931877,0.878079638214495,1014.90879320106,-0.032221,6.92353885363742,-0.11869385733723674,-1.9852087800209475
POL,2002,0.267088917967455,61.7581534555696,7.912937998707,5223.45178967082,0.42212543,8.561105150691294,2.0697620964705976,2.2332745001662957
PRT,2002,0.320543601434063,55.789299869679,6.50103636107651,12936.6928204482,-0.105233274,9.467900253892658,1.8734986388001067,-13.472795286126853
QAT,2002,0.353474410525459,96.6424497593905,50.8998108843442,27226.6593510117,0.09068187,10.211988623508667,3.930055653201869,19.39029234853166
ROU,2002,0.401168920675372,52.7466427937759,4.75824850017229,2119.85509684554,0.26782176,7.659574633911945,1.5619790467296613,2.902448617271091
RUS,2002,0.355192929553325,73.2929008030615,11.5293860535362,2377.52954101563,-0.19773835,7.774237735814393,2.4457660580647156,22.217447867558974
RWA,2002,0.807528927492342,16.8778847116752,0.0974383882250142,234.043016755733,-0.18839121,5.459768547416943,-2.2308377285083645,-9.344669485145367
VCT,2002,0.452639931008021,45.1214266763803,0.490529083257607,4303.27976789727,-0.056245644,8.36736510156396,-0.6920895735082826,-12.323060867149074
WSM,2002,0.503536683536425,21.9431903680112,1.12538014105198,1527.55790455937,0.18337171,7.332080023871021,0.12696752089514793,-24.3843484900243
STP,2002,0.655444790164702,55.0882710997103,0.429556702818799,568.10257252271,-0.02002875,6.34406068593397,-0.8219885535262804,19.370138787549458
SAU,2002,0.401397659402396,80.3438134074234,16.3991276825131,10586.0543471363,-0.12954004,9.267387245714193,2.7978377460116337,13.23483807409329
SEN,2002,0.641736576388352,41.1081471561292,0.447200869387918,669.430447319209,0.20465772,6.507919964782166,-0.7826324455149124,3.6304848035501465
SYC,2002,0.433510715747774,43.0948464521927,9.06083155166442,8864.16919495467,-0.2023174,9.089885304051466,2.2050639414752014,-22.10810316942002
SLE,2002,0.676421226242764,36.0082791496616,0.116626285971757,388.995111216836,0.012253761,5.966134203703678,-2.066515160715544,4.348342401572705
SVK,2002,0.385458006206618,55.8776140379959,7.8021734408151,6554.62808369461,0.21704417,8.788079209104868,2.055683214613226,-6.084524967503853
SVN,2002,0.32638343395176,50.7744556266555,8.66214095551333,11639.1297780477,0.41681942,9.362213870540089,2.160115698660366,-17.352773272694527
SLB,2002,0.701963959819586,16.4026212138182,0.585136484505245,756.890296490792,-0.15416272,6.630538647583617,-0.5189645140182888,-22.391727367470203
SOM,2002,0.900878561298203,33.9872055053711,0.0773188616661482,229.598918310039,-0.05743392,5.4406799170608995,-2.438188783732732,7.969626081892567
ZAF,2002,0.454748463099125,57.6723587528482,7.72131022420827,2688.23676032806,-0.13656211,7.897012700116231,2.045278346839981,5.2785414292020505
ESP,2002,0.30915839930228,76.4934217249538,7.93091826283723,17111.0685058941,0.077914156,9.747539254137473,2.0720289188034613,4.228547447563386
LKA,2002,0.480371253834186,14.6107836754127,0.600769917749147,834.936014905338,-0.023588816,6.728552072961009,-0.49303495742492454,-25.23603851327867
SDN,2002,0.719232542482014,32.4038820246832,0.273652013650817,506.262634277344,0.07105541,6.2290288857931655,-1.2600070961661287,-2.0790324263112936
SUR,2002,0.481685774261232,66.7320549534773,2.25193383962574,2202.340682196,-0.05132405,7.697729979510638,0.8162201286480273,16.47814655599369
SWZ,2002,0.600131158200578,22.5690884303038,1.02176525167518,1315.73634647994,-0.055752356,7.182911489203941,0.03127117187730819,-22.156670414559244
SWE,2002,0.258386671247237,84.1342508376823,6.65422739244263,29957.7776664916,0.053393047,10.307577637950114,1.8967540267977825,5.855653278752783
CHE,2002,0.198527784388829,73.4195324136588,6.11934268739105,42458.7384679187,0.22945333,10.656311575745077,1.8130875153881048,-8.603789545236111
SYR,2002,0.444103511030925,52.6957745699164,2.62348460059037,1183.2473451033,-0.23136218,7.076862699963307,0.9683079124172308,9.108773516070748
TJK,2002,0.442521901299141,26.5336513960096,0.421852362696273,186.951638285222,0.22008497,5.236184686573538,-0.8396715021667843,2.711953119415039
TZA,2002,0.827875358354028,23.0306918214565,0.103523394393514,402.649047851563,-0.3783299,6.000545806991625,-2.1757463452955483,-8.998758634673244
THA,2002,0.481673536128653,34.0732781018222,3.03535576431598,2089.75183111554,0.087930046,7.6452790080788,1.1136177299088668,-15.617408850210438
TLS,2002,0.616380528075981,24.8506108883184,0.283452708781915,533.982465942154,-0.039394695,6.28223397241903,-1.226038781207942,-10.203622738979746
TGO,2002,0.561656308788749,34.0011370438307,0.22149257547281,445.238691488925,-0.21069305,6.100853991571467,-1.4632074773618957,0.8945717284835197
TTO,2002,0.392528653100461,55.8298121439974,17.6399444148735,6762.93080808096,-0.15443897,8.819359480528089,2.870732634075395,-6.4682161540005865
TUN,2002,0.389164366722652,64.2822554892505,2.183950984379,2320.7723805785,0.19120812,7.750086130139538,0.7857040208464152,13.466143837366168
TUR,2002,0.437962768307732,60.7385342729423,3.24208511129842,3591.08628982587,-0.33541146,8.18648845191358,1.1792963633290676,5.236310243003082
TKM,2002,0.306093808978303,46.5924846062154,9.06185494599499,935.540801478466,0.114449345,6.8421930889847,2.2051767576594843,5.525378873480278
UGA,2002,0.798979573295245,12.202793574555,0.0641643497186176,241.984688408335,0.025340557,5.492998430690005,-2.601471706280899,-14.376584955129312
UKR,2002,0.340535173230848,67.2672733350904,7.40706121198512,903.011901855469,0.25459945,6.806842526074832,2.003782915650812,26.57976391098562
ARE,2002,0.341811591038277,80.2705602850306,26.1619793238318,27753.6089526346,-0.072845936,10.231157193766661,3.2646893469961684,2.81256970172106
GBR,2002,0.225168243561984,80.1146062677742,9.21604321231769,30158.7017807858,0.3102425,10.314261934168027,2.222030268879016,1.7642323646721536
USA,2002,0.218850405926096,79.5461039768657,19.9103793387111,37997.7596573051,0.024889007,10.545308797578572,2.9917432950831215,-1.2852639826784298
URY,2002,0.410841015172405,91.4886084712534,1.40548549239722,4149.76140312687,-0.016184887,8.331047067029047,0.34747257641607265,34.43410600041757
UZB,2002,0.30863432249077,49.2574592650723,5.38898455825556,381.409296889283,0.19665699,5.946491492830678,1.6862108911201057,17.808447037701658
VUT,2002,0.619616462481838,22.2011458912344,0.490649076139955,1340.71537528287,0.06713438,7.20170420508422,-0.6918498701512003,-22.72641018088868
VEN,2002,0.480362136865919,88.4553810951083,5.8223547552569,3652.09896501865,-0.17857154,8.20333111786512,1.7634208219470322,32.772299582390076
VNM,2002,0.488899965303578,25.5540925665659,0.927761034143203,445.132861817313,0.162124,6.100616804109101,-0.06426012347438054,-7.549925816632083
YEM,2002,0.684890391078708,27.5777619268614,0.807128897860081,513.241486570603,-0.20422141,6.24269297335588,-0.20195842684788592,-7.0518782555686315
ZMB,2002,0.793680035548249,36.0706035730014,0.194197023295284,393.864625518616,0.04015748,5.978542985953095,-1.5886699507560407,4.277420631676879
ZWE,2002,0.703933893594568,32.5631884166934,1.1029519129975,524.936478570323,0.17244513,6.265180442270959,0.10701586650605305,-2.3079234563676394
AFG,2003,0.700842062455139,19.1600346409089,0.0447454276810823,198.871115728727,-0.04455458,5.297672737462982,-2.9050614264472,-5.32192574245942
ALB,2003,0.449495851136808,44.0295089223208,1.38556975617973,1908.69900687608,0.061526537,7.554700920599384,0.3333027592585565,-4.688545493770363
DZA,2003,0.434149378936284,62.1427907986812,2.9993425497372,2283.77299346126,0.1081396,7.734021951986673,1.101721632889003,11.499177184340297
AGO,2003,0.507439140292488,54.0043545370761,0.965781216283453,1133.66331960607,-0.015617211,7.034091251202417,-0.024516881341472563,10.876635676439136
ATG,2003,0.464065920292122,30.6003743426951,2.10184376765446,12173.2319860305,0.10763105,9.40707686473156,0.7475613894593733,-38.00859588090505
ARG,2003,0.434286240510313,89.752468256564,3.51848864736106,3320.47775133903,0.17602026,8.10816506870533,1.260869634041374,35.09128506722175
ARM,2003,0.441342131630577,64.6663537455064,1.09058915946583,882.030167695474,-0.6063315,6.783359365020886,0.09584563593649047,24.231007809541197
AUS,2003,0.219390862052988,85.4097077818668,18.6676694689453,23757.5898471684,0.057614487,10.07569942184866,2.9273286642543255,9.621031390764912
AUT,2003,0.228307177967681,66.9263574955092,9.625074325029,32110.1159661425,-0.012634019,10.376957540953088,2.2654100159028974,-12.097245316666488
AZE,2003,0.400121987218536,51.7257995605469,3.61612076608251,883.692580745256,-0.7802991,6.785240218272709,1.2881634173716723,11.270256917861992
BHS,2003,0.453660415480914,81.4819614595541,2.4122663265975,26429.1247787663,0.16117732,10.18225972869072,0.8847036005213817,4.549034573010388
BHR,2003,0.376010777739935,88.8325339694118,26.0244049510998,14486.0269029822,-0.027688026,9.581008831582945,3.259418930624832,18.355872621968956
BGD,2003,0.738035106483019,24.5525557512625,0.255292689169796,426.74880754362,-0.18451087,6.058536125027026,-1.3269215750602203,-8.099597961917599
BLR,2003,0.270275586744722,71.3092422485352,5.69894155704101,1819.52653114699,-0.67631716,7.506881041058864,1.7420336399426877,23.104680355859053
BEL,2003,0.287922307056961,82.9609538786731,11.8899015654483,30655.2092679024,0.21208483,10.330590507075001,2.4765301282722048,4.435242852468008
BLZ,2003,0.459664294685401,47.2806245981404,0.567518386534233,4959.74012434605,0.03196923,8.509310227205138,-0.5490149989384956,-11.68807759110318
BEN,2003,0.660862533807995,39.4169696013044,0.303295686756215,676.002878084282,-0.035574436,6.51767552413556,-1.1606078482550022,1.8345515103622958
BTN,2003,0.729202951954853,29.6328608739429,0.777840332589471,1022.38240311018,-0.22355221,6.9308685016855245,-0.23845983327261902,-12.386446367247121
BOL,2003,0.5527236978027,63.2918711090474,0.996508557349155,893.013760211149,-0.06719939,6.795721166790129,0.0064874681471652155,22.723783458852957
BIH,2003,0.396260249327904,43.5181993184523,3.63494469217951,2033.94700935864,-0.009944032,7.618225057910454,1.2933411917321977,-5.881980813534575
BWA,2003,0.583362559612802,56.0979233496432,2.32883716948916,4230.12326909926,0.8284924,8.350222785039044,0.8496538697401942,-1.1624890466014648
BRA,2003,0.457179141720878,82.3540335841671,1.91839410561756,3090.6068907839,-0.023602009,8.036446264103276,0.656687586926509,28.462970903393092
BRN,2003,0.35658024434734,72.577635652792,18.6157276920813,20677.9001143188,-0.06916618,9.936869141246568,2.924543834218157,-1.720273471688543
BGR,2003,0.396197880480892,69.7808456420898,6.87596804610276,2719.49436859287,-0.599444,7.908568895934082,1.9294857244906305,17.262937245680526
BFA,2003,0.795787397771366,20.563327262892,0.0921992776321892,362.373899996953,-0.049667995,5.89543233169029,-2.2808306694157006,-10.337408855267295
BDI,2003,0.772055836331162,8.67614339385788,0.026280839521612,111.406682804391,0.07342132,4.722123391247259,-3.3164655139364454,-9.625536131886166
KHM,2003,0.623184625464321,18.8881765274479,0.18528127568775,386.691123931778,0.16233857,5.960208950248643,-1.6333143203104639,-12.708134519829233
CMR,2003,0.566833038848861,47.7325523560061,0.354943027188784,988.241276791846,0.022562822,6.896938262224983,-1.0080140274766833,6.07758991133332
CAN,2003,0.263048661301058,79.391380674239,18.1301542885681,28301.8645937428,-0.017879486,10.250718300902427,2.8981279500845627,1.7233418356755976
CPV,2003,0.50316992102006,56.3297071979641,0.767243437132301,1717.97565369655,0.12231509,7.449483842220626,-0.25200167378133315,8.741479615445009
CAF,2003,0.707196929564641,37.8863171931924,0.0644393025152288,278.403992150941,0.08257675,5.6326587350205015,-2.5977712170097913,9.807258555974375
TCD,2003,0.786362377422443,21.7207031172239,0.0418746830809522,289.087621122168,-0.028094769,5.670183019145457,-2.9589244097327856,-6.7612933678056955
CHL,2003,0.370014027011202,86.6792973033246,3.37761857406592,4773.40177520754,0.22616291,8.471023962387251,1.2201271890075078,28.121715152909502
CHN,2003,0.505942507354353,40.5302314758301,3.70467882645141,1306.97245408557,-0.079742454,7.176233472227781,1.3122922212564985,-4.123818451707237
COL,2003,0.502465662720245,75.5341828570154,1.46690208610805,2311.94218760291,-0.116667114,7.746275667367799,0.3899467089401923,24.758988166086205
COM,2003,0.598178211507162,27.9448864609618,0.228853032127175,959.691049354812,0.10197973,6.86765286857705,-1.4319068445347816,-13.395607799600715
COG,2003,0.636960061656699,60.4694583791889,1.03507128920732,1016.82363412143,0.029465834,6.925421934676478,0.04408510242708945,18.508636677157433
COD,2003,0.748207362926664,36.4654627231369,0.0419088893806427,161.491553524396,-0.081700325,5.090626022107464,-2.9582652244664125,14.206781472929265
CRI,2003,0.461125169269498,62.4518059303802,1.46632440832863,4173.14856415514,0.06741619,8.336665679757726,0.3895554908687873,5.336970483889424
CIV,2003,0.623563840906196,44.2593744150531,0.304012299363856,1111.17135087887,0.11167892,7.014069555456465,-1.15832312389242,1.3466496357568332
HRV,2003,0.333383716040835,55.6386960202113,5.28621677887642,8190.11135193887,0.01620686,9.01080486384865,1.6669927503642923,-8.71508344073412
CUB,2003,0.30936475422466,75.8636638735113,2.30143800064642,3202.78109865637,0.25205436,8.072086984585948,0.8378698419563864,21.589889155968805
CYP,2003,0.358447117382353,68.7120973207373,7.84731740013405,20252.24609375,0.09769908,9.91607036061379,2.0614452504929335,-5.362473341712388
CZE,2003,0.241519353051801,73.7649150201353,12.8180719674459,9852.45677945801,0.004047061,9.195577614677322,2.551635891999604,7.427035494676886
DNK,2003,0.223340523369644,85.4199981689453,11.0731621530472,40519.0974905924,-0.15951288,10.609553364346704,2.405427033476634,3.8987684819679345
DJI,2003,0.873652941289239,72.0304414068997,1.01644829438526,764.634465224597,0.0013219515,6.6407048563990045,0.02610458541936455,33.12692751050937
DOM,2003,0.451502233032282,64.426197134766,2.09259494333353,2383.26171780393,-0.020555338,7.776644803117776,0.7431722691978553,13.324896976821258
ECU,2003,0.526147591153577,61.5418469886978,1.86512333773995,2315.62215223014,-0.6542349,7.747865434841432,0.6286744373869297,10.74958128630805
EGY,2003,0.514355594743051,42.8834685533792,1.89914658738482,1031.27556291284,-0.11852884,6.939520928724855,0.6466563293203873,0.7712510699054178
SLV,2003,0.481718064818801,59.2468576589718,1.09683944534382,2207.83089518069,-0.110321045,7.7002186478328145,0.10150860738468022,8.966225802772342
GNQ,2003,0.538809289552471,39.895902485648,4.23488728118491,2930.60183743733,-0.03125556,7.983304254820952,1.4457152660974342,-13.424518346841914
ERI,2003,0.764666277686193,34.7451286315918,0.28084492460212,348.950327077742,0.06318585,5.857791221776466,-1.2349650590024128,4.248584843055863
EST,2003,0.252449683566225,67.4341760348669,14.2657873234504,7205.40703313243,-0.5328846,8.882725775021218,2.658564908028181,4.45571694592212
ETH,2003,0.782198614202655,15.5438537597656,0.0712516626956825,116.800491132777,-0.1473813,4.768992440417429,-2.5102039940348124,-3.2611082200477775
FJI,2003,0.438558794054411,49.1260494882891,1.76073490740933,2655.58079586044,-0.19300413,7.884795159831064,0.5713946623394449,-3.136575208959087
FIN,2003,0.136712763968581,68.0425549126858,14.2135432592354,32920.0857192568,-0.19594307,10.401868634783515,2.654898567684804,-11.248544609120344
FRA,2003,0.290477900776919,77.4691216035138,6.49767617932604,29479.5222101175,0.46219656,10.291485060193786,1.872982430793415,-0.6366729613524029
GAB,2003,0.490278894121661,81.9970830091574,5.31146236481354,4710.74862768151,0.09237226,8.457814376642174,1.6717481461848505,23.581346124407574
GMB,2003,0.648633330005924,50.6010077995371,0.200049315071966,308.719123437587,-0.24652784,5.735665833337542,-1.5604129421577515,21.415853217437892
GEO,2003,0.396241326599493,52.5144705663341,1.00105371411451,1010.03151630868,-0.9026633,6.9187263919358575,0.010993068314945063,10.625545974260866
DEU,2003,0.264438000866199,80.1373116303862,10.6369632865784,30711.1022511331,0.08595402,10.332412066029516,2.3652747140855546,1.5920406029203207
GHA,2003,0.622357771868797,46.0547973581418,0.338470199967554,358.39927142073,-0.019013405,5.884433947137415,-1.0542025618564805,15.27216250438989
GRC,2003,0.27281557456443,73.432268024093,9.31960538320124,18020.612039764,-0.23593004,9.79932698552765,2.2331927184879503,0.6112942096690972
GTM,2003,0.51685709616742,46.5865389722105,0.848429989776336,1722.54701910774,0.04596758,7.45213966676132,-0.15265015144421973,-1.030207001786195
GIN,2003,0.615248912624244,31.8086015036327,0.202721722021996,566.48540588068,0.12951867,6.341215032515068,-1.5477704368281833,-3.8789740240092954
GNB,2003,0.806806618618887,37.7773055741583,0.200560203699407,419.78486611807,0.007733822,6.042121696228447,-1.5579836634282562,5.301410909415502
GUY,2003,0.451628290573371,28.3083472486662,2.12252375504684,973.742598054188,0.13733895,6.882173434147481,0.7573061398512378,-13.188069651765286
HTI,2003,0.716902033161063,41.2007603284477,0.221166605326629,578.995291079709,-0.0046569505,6.363019984679419,-1.4646165932452342,5.2790420129651565
HND,2003,0.536189453001373,46.990184604045,0.966806302887693,1156.08162681357,0.04642852,7.053656275105779,-0.023466903618731695,3.65237542968611
HUN,2003,0.296357296851869,64.8452987670898,6.18793407645274,8410.09248198479,-0.47608402,9.037306647263396,1.8242160230477358,0.206941683377579
ISL,2003,0.222052320743178,92.3235559316863,10.7073407455763,39944.2104095591,0.91533583,10.595264054384034,2.371863060091169,10.955765649013031
IND,2003,0.705423412469293,28.4660287698,0.969744882653011,544.143133545002,-0.042418163,6.301048390539731,-0.020463065031105912,-6.790235124621621
IDN,2003,0.462158969360596,44.6301761521872,1.57132250644049,1043.2105838671,-0.07384237,6.951016456787084,0.4582615263178453,2.394519049680909
IRN,2003,0.448926567076466,66.6049270629883,5.89791758943739,2208.99636552406,-0.009805282,7.700746149951197,1.7762934155937462,16.318630859733233
IRQ,2003,0.559902831077068,68.0521271794625,3.09254764611228,817.887862499622,-0.10259835,6.707947154453786,1.1322235953073987,28.42656175052666
IRL,2003,0.308413147059368,59.9120142632573,11.1268025365061,41203.5295847568,0.24901359,10.6263034706721,2.410255167851165,-21.78907899609083
ISR,2003,0.272083287885677,91.5176897789793,9.6043768778869,19643.4690380742,-0.07224059,9.885551103786844,2.2632595696486058,17.77083659201051
ITA,2003,0.321969497175789,67.4299414611787,8.37573927880229,27577.5700319855,0.2793347,10.22479430199681,2.126532558210685,-9.959724036779079
JAM,2003,0.476589984896194,52.3564891419558,3.97384197908397,3549.70758394618,0.044238728,8.174902182029443,1.3822466750511735,-3.021320878225602
JPN,2003,0.225097921227075,82.4206778416671,9.95886797475689,35387.0374203599,-0.33437502,10.474129116033483,2.2994670343734627,2.353641257351441
JOR,2003,0.405570323558121,78.3069420335538,3.07334179985886,1775.67625581432,-0.22544813,7.482499625746064,1.126014008752625,30.364189133156493
KAZ,2003,0.327127303325941,55.2115277236592,10.2972430969469,1958.02050246511,-0.6068494,7.580199883670842,2.33284686139279,6.219664025364921
KEN,2003,0.711585192987854,23.563889811899,0.214880306718519,442.898457253405,0.003417174,6.095595836396701,-1.4921869884639485,-9.486213141034444
KIR,2003,0.506674529751029,43.510668313316,0.474648261215822,1020.50033851394,0.3662952,6.929027745646697,-0.7243318857610423,1.511127212744725
KOR,2003,0.282699673286393,80.707793508044,10.5024332706302,15211.5483770422,-0.2748154,9.629875917375669,2.352558677657536,9.706394678266406
KWT,2003,0.332426673006369,99.7655794280652,30.7689391013048,22690.655175144,0.08527764,10.029752522453332,3.4268306606726338,24.47028339551504
KGZ,2003,0.383606971269787,35.3086519815317,1.12225943765481,380.505828812441,-0.32556173,5.944126129277364,0.12421513872950296,3.8850391594179463
LAO,2003,0.579251971193357,25.5945881340707,0.210602243440398,355.097216151461,0.04871623,5.875203772649863,-1.5113940024936938,-5.088932593198351
LVA,2003,0.303214123903635,67.9493840506358,3.45946489332177,4914.57992829302,-0.46706614,8.500165017135163,1.2440003726499156,9.078883635238434
LBN,2003,0.588496355000058,86.4475351790771,3.63952510966725,4437.71588507526,-0.07378892,8.398120398522385,1.2945970521892785,28.67279554802044
LSO,2003,0.629148792631486,21.1231084926925,0.197475238771241,583.270036200288,0.26524803,6.3703632667124825,-1.5727432776548558,-14.877462393259425
LBR,2003,0.703308659118164,45.0004573003041,0.161626808123783,239.779556677091,-0.012696584,5.4838818123102815,-1.7624328796324813,18.51897352530751
LBY,2003,0.491319917208338,87.8659880500458,9.57214634023075,4674.09943200321,-0.16415484,8.4500057103743,2.259901610754113,29.53410105753585
LTU,2003,0.3105160563289,66.7596664428711,3.65786848433758,5507.47434187652,-0.46137023,8.614042974854508,1.299610698881619,6.666338190337385
LUX,2003,0.232445797386585,85.5906295073034,23.1479308283329,65689.3214536911,0.33810398,11.092706879369615,3.1423373062408455,-1.118729468367107
MKD,2003,0.48984467438772,57.8501791693323,4.66800973933679,2445.36286400013,-0.20616563,7.8023576552035205,1.5428727501044095,6.472772977065198
MDG,2003,0.722165641576534,25.8967668078478,0.0857465979970843,352.620095849925,-0.023148218,5.8682231613033675,-2.34605018160915,-4.7117957269345005
MWI,2003,0.841163513662877,14.9551384691108,0.25920295685927,383.348596852642,-0.22917955,5.951549945086362,-1.3122896973964409,-16.54819169963284
MYS,2003,0.381242321896184,65.0750932867555,6.34316955354466,4465.32194567208,-0.020161629,8.404320517950575,1.848953830665022,7.2337764287955935
MLI,2003,0.723449181249121,20.0594231247985,0.0707058085740154,441.910358475095,0.312548,6.093367398497375,-2.5169447289233036,-12.966750738158282
MRT,2003,0.68416995755366,38.8866922319919,0.486430272736422,732.017820812675,0.12551737,6.59717001375029,-0.7003122429494796,0.45065789479247087
MUS,2003,0.462025363593069,41.5127065251754,2.27589276148248,4858.26575549747,0.41190687,8.488642626365193,0.8267566532847225,-17.234065817941215
MEX,2003,0.442571942583734,76.046170340551,4.08541432161845,7434.0746485155,0.0016064644,8.913963898993886,1.4098678896273438,12.732274540773766
MDA,2003,0.367233467103354,39.5945358276367,2.7110792994484,682.319095965299,-0.88739616,6.526961948074556,1.0010286028708963,1.9123996004768813
MNG,2003,0.460331366991031,59.3546986563236,3.77463237398876,643.168068921658,-0.76730686,6.4679596686423135,1.3309487550887205,22.306132183918763
MAR,2003,0.518184076335535,54.5782811140771,1.28858561553446,1941.87255859375,0.20331915,7.571922857207664,0.26127568412843577,5.675296585822316
MOZ,2003,0.64230414888094,29.7146340268639,0.130236083841799,339.488737800648,-0.1254425,5.830382049567225,-1.9644279634467448,-0.4875885476147239
MMR,2003,0.638960393754144,28.0568026064444,0.234820213738165,224.292688912409,-0.06447665,5.417400396456318,-1.4072311592930595,2.2891999686457467
NAM,2003,0.5096569561328,34.5460063719633,1.18656725758606,2569.24739317883,0.22314398,7.8517574351936705,0.1794568387263337,-17.36185740252742
NPL,2003,0.816225652796808,38.045308394296,0.131890377884365,246.429706587633,-0.2664444,5.511126527881849,-1.9527005062459033,11.271269349754778
NLD,2003,0.21178228148788,81.3011308878582,11.3578841244373,35896.7504630706,-0.03732,10.48842991131727,2.4307921976074955,1.0805315692221598
NZL,2003,0.295388527155647,85.857962055807,8.91989471593166,21913.7081719961,-0.16878664,9.994913296405409,2.1894046048896403,10.936771568253363
NIC,2003,0.626778779852881,55.6308042935869,0.868783754557459,1021.35216668794,0.12802203,6.929861297207931,-0.12921642458080676,13.622312470038324
NER,2003,0.723932007342848,16.2687225341797,0.062264671113131,265.225363452469,0.042752106,5.5843431811084,-2.6274199122142097,-11.291521000681215
NGA,2003,0.589497256621767,45.8372080921761,0.7843536892773,763.388745367223,0.015084584,6.639076488771623,-0.23022646442920608,6.95117969784193
NOR,2003,0.22475228669518,77.2600021362305,9.73649765436142,50250.3298214345,-0.17865431,10.824792289679303,2.276908005539325,-6.572475089806872
OMN,2003,0.428815246880581,71.4926171971641,13.6147958622487,10463.5425832141,0.07240486,9.255747924724071,2.6118913578498164,4.50862553931546
PAK,2003,0.662313982608381,33.5669209665019,0.703114269808277,672.44178669894,-0.06915315,6.512401558111726,-0.33811360519833117,-3.9588649842507095
PAN,2003,0.457760182705942,63.4079949945516,1.71837982674187,4264.66428949623,-0.066594124,8.358353201489397,0.5471844533700992,6.060277734730917
PNG,2003,0.713270701853325,13.1226067833938,0.739598664075113,577.467922387259,-0.038867313,6.3603830954632565,-0.28821733024319335,-22.770796469178016
PRY,2003,0.475229363765786,58.5521334403429,0.768337402345583,1443.99885236205,0.10524098,7.275863806333103,-0.2505951697079168,12.82824744964541
PER,2003,0.55920457026112,73.9558750733136,0.999006906693826,2129.44114197634,-0.06261667,7.664084346168461,0.00896658643607796,24.06325535603529
PHL,2003,0.451770757470321,40.3928506135438,0.882480593038024,1027.2301192843,-0.12069893,6.935594272407986,-0.11375051005996913,-1.6772022162314286
POL,2003,0.266006971635481,61.7281374379602,8.25299957570521,5720.81366178104,-0.43844345,8.652041107854533,2.111787666370288,1.226783122067019
PRT,2003,0.319075776444087,56.5865509520713,6.00482597417051,15797.7821340276,0.20383461,9.667688135919397,1.794227417033127,-14.820877581304494
QAT,2003,0.353474410525459,96.8311182064009,51.3901235695236,31602.470865136,0.13893764,10.36102223104761,3.9396405765345643,17.978629637368186
ROU,2003,0.402366277729107,52.8023493819682,4.99887690581852,2679.40626016154,-0.6526968,7.893723651628873,1.6112117194715068,0.4438500437213406
RUS,2003,0.353739764773367,73.4057388305664,12.0101555342893,2975.123046875,0.13117748,7.998376741494413,2.486584868648079,19.923468798738035
RWA,2003,0.804016122245117,16.8947432312369,0.0825096440788995,249.012274982252,0.04834509,5.521510016585892,-2.380442379586059,-9.990794291922867
VCT,2003,0.452639931008021,45.236152710942,0.531195587806365,4499.61454193342,0.010913372,8.41196923130837,-0.6139745353307748,-12.68729645602226
WSM,2003,0.55636859178728,21.7806875309864,1.15569217494472,1798.12429714048,0.04725647,7.49505532391534,0.1533150521688843,-26.29688915395674
STP,2003,0.638376182378718,56.4128470868097,0.474599191230967,663.696211810494,0.24602349,6.499330111934702,-0.7244331395425674,19.02742305136548
SAU,2003,0.401325563294362,80.5414456330177,16.4119297375647,11487.220410693,0.15546124,9.34907747727152,2.7986176207221343,12.555276054453572
SEN,2003,0.626575641535494,41.35893934855,0.423806119776413,817.888034221442,-0.17234468,6.707947364155028,-0.8351575733204685,1.7333716678305677
SYC,2003,0.434736366303581,43.0049328648162,9.24366702504198,9070.28460757013,0.076593556,9.1128691656679,2.2250199081043593,-22.444818739834645
SLE,2003,0.63230623195871,36.2690511597053,0.119145865711852,413.817607346927,0.071429096,6.027838923253253,-2.0468127714752997,3.9465257047318687
SVK,2003,0.388965134949144,55.7386007222942,7.89001472817638,8675.39633696465,-0.28096667,9.068361552895611,2.066864623797362,-9.233225663530952
SVN,2003,0.321405268030119,50.7553842628349,8.58065683134969,14711.674874253,-0.039007198,9.596464637598352,2.1506751977236123,-19.887242388337718
SLB,2003,0.638243559165782,16.7733115757749,0.596369440142099,895.984242546501,-0.12820037,6.799038295066706,-0.5002658414679052,-23.8303955821556
SOM,2003,0.899632003511679,34.4719665654476,0.075929768798698,286.273025198975,0.08350468,5.660433070867089,-2.4542249582378624,6.094665566745675
ZAF,2003,0.479977732407235,58.3724341232066,8.11491084558816,4062.21755993786,0.19536924,8.309730441179276,2.094934755304911,1.546830765113576
ESP,2003,0.307163380029039,76.709335590859,7.96364196200096,21522.0170990262,0.3548161,9.976878204217527,2.0761413472740173,1.9818069252622905
LKA,2003,0.487493034312671,14.7256630416211,0.644522289804371,946.382255128072,0.009011269,6.8537026602404305,-0.4238496379792776,-26.4650331067386
SDN,2003,0.719232542482014,32.4271684741748,0.274762188363775,580.320251464844,0.12500763,6.3653018123334695,-1.2561008738350785,-3.519052233437023
SUR,2003,0.484127034741816,66.7404073281911,2.43832121544823,2516.10404020956,0.12917964,7.8308643292868325,0.8954025715029623,15.056894885764876
SWZ,2003,0.616148625370449,22.4312316968119,0.941876816349489,2015.21743065251,0.491165,7.608978475881801,-0.04931964715384687,-26.869658123604154
SWE,2003,0.257185720599683,84.1954289653543,6.65964221276326,37292.2419727801,-0.010470982,10.526567408862343,1.8975662172239096,3.5653070791308608
CHE,2003,0.195099171742806,73.4518762174754,6.24858887469834,49335.7456291067,0.16801633,10.806424429843704,1.8339547403239786,-10.183365909115025
SYR,2003,0.444936768006145,53.1024010548332,2.57035827457939,1220.179077256,-0.24352391,7.107572127775859,0.9479282554085621,9.185640458897183
TJK,2003,0.479641260820137,26.5331204386766,0.422958365716388,233.58124845289,-0.44358858,5.457802003156484,-0.8371137086825863,0.33168310338754026
TZA,2003,0.820342102149375,23.5202087261949,0.106641883408954,422.18359375,0.17469104,6.047806112661245,-2.148646863656046,-9.016725518033788
THA,2003,0.480826075629795,35.4270354382579,3.12835266531198,2347.54001286066,-0.034288883,7.761549142946207,1.1436980333727442,-15.512166682038163
TLS,2003,0.616380528075981,25.2611540807581,0.287824552448635,534.901171348385,0.055781204,6.283949762257671,-1.2112507160305368,-9.811503793157957
TGO,2003,0.563293009733759,34.4513989657696,0.258889907310065,538.16537776929,-0.09943596,6.290022347167996,-1.3134532496580262,-0.6864666623109699
TTO,2003,0.391634230393396,55.7188050758235,20.2752801392984,8445.04653518298,0.019688765,9.041453745209113,3.0098955067330486,-8.964083776045754
TUN,2003,0.386791773749693,64.6055972687544,2.14118228306991,2725.8643148859,0.26445493,7.910907625423587,0.7660175901027486,12.062575465145237
TUR,2003,0.436842843575228,61.5845060653258,3.38625448591684,4649.63668068586,-0.3528537,8.44475940978624,1.2226732026016673,3.3089541400188978
TKM,2003,0.304584064942097,46.7000007629395,9.90000750432012,1228.94870289404,-0.56906056,7.114727742532592,2.293545105588847,2.7064027781742794
UGA,2003,0.766144945193946,12.5904136719317,0.0656873047500839,250.71543664681,0.071140446,5.528299229807016,-2.5811448373572548,-14.368026800010352
UKR,2003,0.339104111681098,67.419679868405,8.13374301585325,1076.48156738281,-0.9834884,6.98238171499428,2.097249904282454,24.84722088059221
ARE,2003,0.33975930635975,80.8489432668434,25.956044391153,29659.5428567811,0.18174362,10.29757291818057,3.2567896995242536,2.677776944669091
GBR,2003,0.223385035903192,80.2331593332802,9.40083618149317,34556.7726095905,0.31351626,10.450387770887026,2.241861810594465,0.42105863223440565
USA,2003,0.219338580082569,79.7773350255284,19.9681657791826,39490.2749557007,-0.047402393,10.583835039292593,2.9946399661625547,-1.467729858088191
URY,2003,0.4111330606974,91.6260094228609,1.40046922058061,3671.12329256883,-0.48567358,8.20852532758434,0.34392242958453384,35.88715219758346
UZB,2003,0.335037670851046,49.9566881481443,5.01609431105649,394.164028897235,-0.576017,5.979300941734267,1.6146432035805418,18.15536623552896
VUT,2003,0.55260644614043,22.4641372404641,0.558915246131928,1566.51396790858,-0.099965096,7.357246183413836,-0.5640238082667751,-24.133637236993128
VEN,2003,0.479958800503159,88.522274342774,5.52282625726638,3229.50557082079,-0.013461907,8.08039392744211,1.7106987622420995,34.15929921130196
VNM,2003,0.484903315018182,26.1745407830283,0.975900126008347,497.117089249256,0.20029433,6.210835168362928,-0.014200221590674897,-8.113008519343516
YEM,2003,0.679546391642728,28.0277061455611,0.910498458290656,548.905883049973,-0.03205061,6.309747141856201,-0.08283995317118273,-7.321965423806024
ZMB,2003,0.792113284791437,36.3858560115875,0.203867677204048,446.290104839041,-0.054700535,6.103207388215662,-1.5423977860278333,3.254019792318438
ZWE,2003,0.703343988556239,32.6003372313948,0.893403485176119,468.471932927213,-0.013058186,6.151608516088666,-0.10158599792524141,-1.0512329881780929
AFG,2004,0.722572739980938,19.3993593959593,0.038301143932592,221.763653873013,0.70334846,5.406111361320887,-3.030300034699473,-6.247020955327706
ALB,2004,0.440226048307921,44.9784925669394,1.45837098137756,2446.90949947798,-0.43136677,7.802989673781348,0.3841536103760518,-6.405700275931849
DZA,2004,0.433586749688379,62.9023132048725,2.96141820014695,2816.99384960555,-0.2314585,7.943780509917405,1.0890393473107065,10.00630054112623
AGO,2004,0.512819467156726,55.0445280863936,0.951069768682142,1451.47117872493,-0.3553494,7.281021645999032,-0.03970827256162767,9.26525692678986
ATG,2004,0.46442204058869,29.905566716031,2.11384799095517,13037.8895772257,-0.06980833,9.475691676734012,0.7532295334717208,-39.44019317114268
ARG,2004,0.466405172727128,89.9397208794212,3.85579719412006,4242.02099089422,0.12867709,8.353030792372321,1.352167920568962,32.64915594441678
ARM,2004,0.442855848350565,64.5972633621116,1.18777844481658,1130.08791444158,-0.34540108,7.0309352046969265,0.18046854504143586,21.503434304202948
AUS,2004,0.217399705364072,85.518767609412,19.1634087908315,30886.0500949401,-0.089241266,10.338092284264116,2.9535243602810004,6.9125020829457355
AUT,2004,0.226549314088149,66.9558612872944,9.7416827235943,36614.2506533707,-0.5139992,10.508220117118897,2.2774398571536394,-13.477246360798418
AZE,2004,0.387185176865419,52.2831993103027,3.55156804911816,1045.0136328106,-0.01932297,6.9527416778196685,1.2702009111239214,10.029016688493925
BHS,2004,0.453536199280946,81.6708410883427,2.57223749345168,26650.2934234303,-0.32269335,10.190592962128475,0.9486562686173149,4.6484314781435785
BHR,2004,0.375919843712968,89.8569005979296,24.1830866740881,15963.9493171617,0.19314735,9.678150930521964,3.1860669177254137,18.337121994790607
BGD,2004,0.738198885964351,25.0094809886101,0.265286510438952,455.614016909798,-0.072372116,6.1238384320690935,-1.2899428675293605,-8.34389252583361
BLR,2004,0.269375938531542,71.7658538818359,6.08289947550633,2378.33700470129,-0.5424805,7.774577158404603,1.8071240727725244,20.686756207701116
BEL,2004,0.26755783579509,83.2655230829461,11.7049703885478,35429.4077933344,-0.26801866,10.475325707624902,2.4608675443037944,3.1856374316382414
BLZ,2004,0.457787045137404,47.0226655922949,0.504991019110156,5153.71308265363,-0.018701712,8.547666736832962,-0.6636058170915118,-12.357910928449137
BEN,2004,0.667142545336597,39.8525699078742,0.313564226616338,758.695803786371,-0.11518177,6.632918094979864,-1.128357648065874,1.0326706882409908
BTN,2004,0.765089697749896,30.2914018195132,0.770124695639342,1130.35934606796,-0.29626694,7.031175149850496,-0.24830150587145483,-12.805003782786013
BOL,2004,0.552318917559182,63.7564671612252,1.02693451431925,953.191893246277,-0.1478858,6.860864797181608,0.036268778091633404,22.488863588457356
BIH,2004,0.390591700618238,43.8380473519042,3.87204789582773,2452.6860917386,-0.3264948,7.805346700111847,1.3563628225964488,-7.571455370662122
BWA,2004,0.57068439338342,57.2582489329358,2.24298424145033,4956.69287735214,-0.32462382,8.508695765810023,0.8122556669517577,-1.7038551357070943
BRA,2004,0.455157171983349,82.6816824814559,1.99978275095698,3663.82262497811,-0.14990854,8.206535216144971,0.698026632128472,26.9641951833865
BRN,2004,0.361647702871645,73.0675067339261,17.7642521768945,24423.0946995548,-0.17633183,10.10332541172274,2.8777509031808934,-3.017819071364684
BGR,2004,0.395387132658574,69.9193344116211,6.66896898479433,3389.68743360274,-0.27057046,8.128787962590518,1.898963632042693,15.036701441916009
BFA,2004,0.770801485367144,21.3392180754924,0.0791894660751542,403.81283743461,0.13898993,6.003424830500571,-2.416992339697607,-10.721147495037147
BDI,2004,0.799937771009444,8.9185547789176,0.0299699507130413,125.194965184533,-0.03600232,4.837828053784586,-3.219627339358457,-10.625567841791398
KHM,2004,0.646081247197809,18.9813615262763,0.182676416757728,444.199067529081,0.06197198,6.098521524900277,-1.6467430942493413,-14.100157632362023
CMR,2004,0.56929513452137,48.1826845960942,0.33936994141111,1133.39326749673,-0.019851526,7.033853220901939,-1.0516239141440062,5.057521718048918
CAN,2004,0.26226844301705,79.6923063348315,17.5256514747091,32145.5412620217,-1.0646507,10.378060142603887,2.864236035722586,0.6568637248681455
CPV,2004,0.519626759088092,57.0677167011018,0.81252477209671,1929.49081468781,0.19457865,7.565529557696499,-0.19537667874543818,8.233383778214488
CAF,2004,0.688967417686031,37.9626889392062,0.0611282223493176,303.461321152782,0.10774803,5.718544054952909,-2.6432710821233423,8.961388964700223
TCD,2004,0.74928729757641,21.7377792120134,0.0459171720747788,445.850767157087,-0.017873287,6.102224684637132,-2.8838837532441532,-11.383504681629653
CHL,2004,0.366324453859481,86.7336754490112,3.61395788630139,6120.59152055344,0.2869146,8.719577394076627,1.287566767335449,25.507112739297703
CHN,2004,0.501160219902007,41.7600135803223,4.24069749050016,1530.92726215723,0.09648859,7.334281870163732,1.447083084882667,-4.591168825540585
COL,2004,0.497290646158952,75.8080569479496,1.44656025415104,2818.57195413044,-0.06702709,7.944340363095549,0.3760776657007324,22.90603254967055
COM,2004,0.603508707041483,27.9596300229124,0.241431090538381,1072.28409029621,-0.17324893,6.978478470211873,-1.3805863208687021,-14.57091570555965
COG,2004,0.697278407411824,60.9205990186239,1.01524195118066,1306.10136324599,-0.004265785,7.175567264745587,0.024928634667320943,16.27370286404536
COD,2004,0.73991779350395,37.0,0.0388664526195872,180.664764963633,-0.060458023,5.20216303785025,-3.0186641584340173,13.543628077664817
CRI,2004,0.459744031762657,63.6596013546005,1.47144886356872,4431.0117207843,0.050325233,8.396608873004919,0.3930205707761135,5.901092568531908
CIV,2004,0.611802222912814,44.667357886658,0.305981117632049,1199.82524528546,0.07077917,7.090764303820325,-1.1520728215095448,0.9310806382119949
HRV,2004,0.332395688652103,55.5890878734365,5.27995632579101,9718.97322801967,-0.5652601,9.181938143131728,1.665809989841989,-10.6023302487459
CUB,2004,0.309576617077343,75.917681659226,2.25263365447208,3399.21962893402,-0.062284153,8.131595305263273,0.8165294686469702,21.004903287922787
CYP,2004,0.357297126385518,68.5908141437316,7.65231487166892,23792.619140625,-0.18662293,10.077172720378359,2.0363141406662457,-7.213682608839775
CZE,2004,0.241099872813547,73.6991647167017,12.8990092380177,11782.5546676117,-0.42112532,9.374460166153044,2.557925458150445,5.440434414646248
DNK,2004,0.221780476695263,85.7130276911593,10.0130575815849,46625.050098011,-0.11659535,10.749914678901847,2.3048881969713433,2.6845904099073152
DJI,2004,0.809230421939477,71.6452457786012,0.958088616236788,806.261652944964,0.27617168,6.693647844894944,-0.03243165019645069,32.17322713018872
DOM,2004,0.444696106126972,65.8914085229291,1.91386125173149,2451.69161616569,-0.2522154,7.8049413193418635,0.6543342351584677,14.486258801594118
ECU,2004,0.529004970285957,61.7829573274038,1.96681520153907,2586.20914663347,-0.1757601,7.858335024157297,0.68148706563592,9.80446303716581
EGY,2004,0.50959806412484,42.9255593360476,2.0184066565906,991.255689145253,-0.1054062,6.89998082522724,0.7072505866285698,1.237925680809461
SLV,2004,0.492168548482,60.1425374326239,1.13733125428521,2285.68907438892,-0.019266129,7.734860231299255,0.13743859704976188,9.489922328449055
GNQ,2004,0.54027088670484,40.9304009672368,6.97831022194269,4901.30127408119,-0.04035155,8.497460021620393,1.9442387848100142,-17.91105305603135
ERI,2004,0.764569447268532,34.9324645996094,0.276105306425318,426.840947887032,0.15653579,6.058751509428682,-1.2513953316485182,2.277998076757399
EST,2004,0.253866214753482,67.467351453949,14.7118270889142,8916.0728274602,-0.34140554,9.09572301336184,2.689331228486315,2.2017161854139147
ETH,2004,0.864289121950219,15.7585906982422,0.0753366257956424,133.169812538096,-0.20728779,4.899106255404535,-2.4611515403723256,-4.443540656125341
FJI,2004,0.473793602634594,49.4772922157817,2.26335424753479,3097.19096651759,-0.032604378,8.03857366094843,0.8212563829403053,-4.436614570515353
FIN,2004,0.18665365452543,68.2766596767133,13.4759720988521,37768.1334202029,-0.0537333,10.53924747184263,2.6016500414130306,-12.489621430306414
FRA,2004,0.289211234260028,77.4900500011961,6.46668310699496,33644.9282220364,-0.24977477,10.423647323948542,1.868208513111475,-2.0349102949046625
GAB,2004,0.488008736730659,82.7355438220611,4.66035316321154,5465.79193590708,-0.08159987,8.606447239986586,1.5412346926355036,22.723778992563943
GMB,2004,0.65303954190885,51.5062022597801,0.201565152173055,593.285346326581,-0.2257077,6.387359585037801,-1.5532222798333275,15.323123963322523
GEO,2004,0.392739671550624,52.7173199317225,1.09804600569342,1305.04748557208,-0.3935522,7.174760668725216,0.10259810884705638,8.079085050025796
DEU,2004,0.263523946900071,80.1549694901257,10.4632650583049,34566.7359143735,-0.3404098,10.450676037984506,2.3488258251984195,0.339773360970824
GHA,2004,0.658014720706154,46.7572004525685,0.307147817356431,406.132105329565,-0.117055416,6.009137715896214,-1.148387312980363,14.635489601248274
GRC,2004,0.27083592603275,73.8267602923728,9.27329917524567,21449.2552764245,-0.27116728,9.973491825284158,2.2282169981916637,-0.8644052480875928
GTM,2004,0.517809674797054,47.326819486636,0.846049807759606,1840.91184884,-0.3299707,7.518559359448608,-0.15542671789811774,-1.0031448377654897
GIN,2004,0.594596883350704,32.1032575610216,0.201970135696478,584.897740538081,0.16344786,6.373145270148156,-1.55130988358938,-3.927186632392811
GNB,2004,0.81914381561647,38.0781980012196,0.199842467524673,431.376557669634,0.018321196,6.069296869840341,-1.561398184415869,5.310494812358954
GUY,2004,0.472230907767243,28.0668850172523,2.19499014976037,1033.31030902188,0.068316616,6.941490115482766,0.790723041659974,-14.066477703037453
HTI,2004,0.715584545774585,41.8705746346912,0.200981721863878,683.185298155273,-0.34786382,6.528228784670539,-1.5559837754958847,4.174835045777314
HND,2004,0.535513930587369,47.5739776096056,1.07270947201765,1215.13995412761,-0.078400455,7.103437149758265,0.07946666981187189,3.70161863736503
HUN,2004,0.293710511961116,65.0225372314453,6.01747516064377,10291.2694721409,-0.6609381,9.239148355738713,1.7963282100599312,-1.783207332353868
ISL,2004,0.221606900821933,92.4377293375354,10.8729294630813,47809.6073050042,0.66708416,10.775002804007665,2.3871954573073926,9.139894374981822
IND,2004,0.704685559892844,28.7726067228528,1.02822643182898,624.258826510066,0.0018372536,6.438165686427485,0.037513903371228535,-7.95603031315288
IDN,2004,0.464952451890479,45.4476736441888,1.58011931285841,1126.84004447173,-0.07602581,7.02805961745645,0.4638090529504063,2.384722801838194
IRN,2004,0.452006415596905,67.2567367553711,6.19124691935171,2672.4226651404,0.21771257,7.891114827522082,1.8247503878543987,14.926251115331212
IRQ,2004,0.566178353003434,68.2202223846538,3.27515771880636,1328.37157628292,-0.1526804,7.192461610517556,1.1894146625972428,23.391913806513138
IRL,2004,0.32034303488305,60.1994750854288,11.0536619018628,47754.2023194244,0.15381138,10.773843289072248,2.4036660354955757,-23.085908941324746
ISR,2004,0.273181833936868,91.5829008110251,9.4006168306653,20568.0694088834,-0.25962195,9.931543741413785,2.241838501997861,17.342176125832253
ITA,2004,0.322378617744944,67.5072499739908,8.51073142040319,31348.1901841445,-0.27805388,10.352943714280682,2.1425021846217045,-11.258491033150108
JAM,2004,0.485724293268114,52.5637655955662,3.96703121930227,3807.56293124552,-0.08091577,8.24500721356907,1.3805356161575966,-3.5668361483766233
JPN,2004,0.222660845924527,84.3710541898905,9.91730575058116,38298.9801712303,0.5309424,10.553204657446157,2.2952891170306446,3.454900048388268
JOR,2004,0.461716174436183,78.3185350370311,3.23277844279412,1940.08641342805,-0.21988471,7.571003102233689,1.1764305063956517,29.42542688878914
KAZ,2004,0.323620800403539,54.9200902244233,11.0129179145774,2722.47407755402,0.8625881,7.909663578714918,2.3999765522127636,2.3904270634920053
KEN,2004,0.729949500855359,25.4147539714454,0.231964810186713,463.662781300121,-0.0038016636,6.141311940996427,-1.4189629758504654,-8.126251052701484
KIR,2004,0.498419348692399,43.5238025326975,0.482905760524536,1083.2688987175,0.3809131,6.988661212784923,-0.707437278334561,0.8839139487151186
KOR,2004,0.280252766685706,81.104386778171,10.8037309775721,17121.6301633201,0.5218611,9.748156268930746,2.3808167134145735,8.832886961648612
KWT,2004,0.335008817477352,99.94716743531,31.975599354755,27552.2827399787,-0.115581594,10.223876963198688,3.465285781346357,22.56735237233451
KGZ,2004,0.412313361330476,35.3058886953128,1.09912153729309,433.233873286,0.3968456,6.073583267496676,0.10356829415166725,2.4921579302629127
LAO,2004,0.618820655850294,26.5371091732139,0.217585848686857,409.296298284117,-0.38186917,6.016879577433562,-1.4802277549070217,-5.667734217438081
LVA,2004,0.30161489838577,67.9206702831277,3.51629297934446,6109.73265186817,-0.45721492,8.717801955266367,1.260247171659496,6.713172334003502
LBN,2004,0.589799065526383,86.6049279736931,3.62889487678395,4600.68371412993,-0.31875244,8.4341775403173,1.2916800302721014,28.443004750680394
LSO,2004,0.637462404741302,21.7993659097494,0.206480651443919,766.685820928242,0.0013996959,6.6433805621156035,-1.5302541053073548,-17.132879863290018
LBR,2004,0.672265737231252,45.4344781497244,0.172701505151269,284.140223992458,-0.015416781,5.65298107327807,-1.6999015772562547,17.137197115172018
LBY,2004,0.484692297041424,88.0371675280346,9.27889988186574,5773.76333234281,-0.18108606,8.661252553137732,2.228820126208182,27.436900200895515
LTU,2004,0.309832149159047,66.6022567749023,3.86899905983728,6734.57487061946,-0.57043725,8.815158440898898,1.3555771460853543,4.349339473855522
LUX,2004,0.231163601094455,85.9799097226846,25.9341402984097,76544.9170868473,-0.395458,11.245646063110117,3.2559457767305164,-2.3717187054088953
MKD,2004,0.492510005743656,57.8527941292946,4.56366624904647,2818.5814561242,-0.3515431,7.944343733102735,1.52031512596121,4.95073354369115
MDG,2004,0.782730314056994,26.1869753064804,0.0900701514214735,272.20074858856,-0.023809275,5.610206867768137,-2.301883824725391,-1.6509939327388992
MWI,2004,0.838142941014654,15.0316039821946,0.251729158048841,404.674248445428,-0.4802774,6.0055504938212545,-1.3404450578121117,-17.051587079175913
MYS,2004,0.381011758700647,66.0647889111941,6.71466646648273,4939.24851854427,0.0036551158,8.505170916314219,1.9057823281959299,7.140534872280469
MLI,2004,0.736469535506424,20.4570532892964,0.0697657965035285,495.006294680645,0.2087148,6.2065886175327964,-2.528660481652147,-13.784896314319855
MRT,2004,0.666426333244633,39.5685575664461,0.518255187780793,823.554457141893,-0.18383615,6.714843188504882,-0.6381758018417316,-0.13105785927931635
MUS,2004,0.46055856372175,41.3265540022042,2.28082977683101,5460.60800184198,0.14418507,8.605498531212485,0.8289140998951194,-18.675023539765675
MEX,2004,0.439008856211585,76.3274397419019,4.12339368005276,7849.66759649565,-0.5026088,8.96835385129998,1.4190987838490667,12.429501612314667
MDA,2004,0.352256170615757,39.4460945129395,2.72501288836449,897.178494749468,-0.34127745,6.800368817758979,1.0061361482447388,-1.171899871585488
MNG,2004,0.4692132589985,60.7829994587671,3.81795335056602,794.154552001815,0.40249562,6.678536500793852,1.3423302871439402,21.473247262909936
MAR,2004,0.515695029203313,54.9787569660869,1.42987260916412,2183.55541992188,-0.25348035,7.689167617683732,0.36455464381632446,4.816791685631941
MOZ,2004,0.638552007192081,29.8592114813982,0.140133877928236,400.056973161545,-0.27371487,5.994103494924076,-1.8962278634230236,-2.1010610698104344
MMR,2004,0.660615901867968,28.2256085278922,0.225863126405762,224.508811413327,-0.29593563,5.418359233182993,-1.4445036150627815,2.4477098480488166
NAM,2004,0.561261408505287,35.5356476670033,1.23455137321699,3403.15496192955,-0.064247526,8.13275201213817,0.21877512218000592,-19.389551486990065
NPL,2004,0.82556162029155,41.6109470808194,0.112501007047178,279.587750044428,-0.019838631,5.636886510423266,-2.0996360282378563,13.486490356428074
NLD,2004,0.211097295814688,82.250953139759,11.4700426777688,40611.3414353091,-0.081294395,10.611827275637548,2.4406101084601897,0.705306067000322
NZL,2004,0.291881070971859,85.9017708294597,8.69032415902141,25420.234882944,-0.66039705,10.143340122750926,2.1633602846240474,9.386764833900443
NIC,2004,0.657610985638014,55.7791779253789,0.880651905436692,1098.62118662335,-0.035755157,7.0027210236785455,-0.11580160636829498,12.988314310847002
NER,2004,0.724482760490127,16.2687225341797,0.0627702618968002,283.468281798296,0.1126585,5.650621759823231,-2.6204478976630083,-12.003224061409366
NGA,2004,0.589451978560883,46.6994804889599,0.736921009510727,962.48104194733,0.08555778,6.8705528114255845,-0.29179584306744266,5.327846480966784
NOR,2004,0.221521697764975,77.5684593888498,9.7760844615857,57768.6980958462,0.265506,10.96421966279396,2.2809614236886375,-7.7611967163837505
OMN,2004,0.426886707728815,71.5428923484265,13.2140812143607,11800.8507411171,-0.0686752,9.376011640622814,2.582039501936699,3.2675022273135568
PAK,2004,0.638721545023539,33.7441369568158,0.767369779199701,771.902247348954,0.7069325,6.650152581792586,-0.2518391355160582,-5.260827139773625
PAN,2004,0.453470848602136,63.7553758418416,1.69444397452598,4644.56581177581,0.13811636,8.443668454760873,0.5332389429010157,5.491538652211382
PNG,2004,0.67798027423733,13.0951673752744,0.761531096274503,620.596147680561,-0.16089647,6.432290601609139,-0.25937830173779036,-23.570382673527682
PRY,2004,0.470419864461478,58.7421370296254,0.768516241584581,1786.21533938543,-0.28957954,7.488414011192959,-0.2503654252608625,10.735875129691571
PER,2004,0.552708386595667,74.3769516383133,1.1424738952305,2397.25147277714,-0.12633689,7.7824951978027945,0.14191084507291968,23.212829617188447
PHL,2004,0.45354304319316,40.8507057988121,0.876070774131651,1099.63013023758,-0.06088829,7.003638140443542,-0.12095845105756999,-1.9500058664980386
POL,2004,0.264453671331825,61.6555172559989,8.31504253471681,6711.72715262967,-0.40954533,8.811760578487334,2.1192681451287476,-0.5609136096846825
PRT,2004,0.314351896220137,57.4171857647664,6.15858031692713,18064.1580932987,-0.09739026,9.801740394902357,1.8194687169402197,-15.429703373613975
QAT,2004,0.353474410525459,97.0472579559041,53.2363848903188,41035.5008380177,0.08144394,10.622217213978082,3.9749299129012616,15.390043147971866
ROU,2004,0.401013843864408,52.9175295523808,4.92175276345778,3494.99056448955,-0.43236366,8.159372037827147,1.595694454981884,-2.2935169164897076
RUS,2004,0.352507885755634,73.3065795898438,12.0698465708905,4102.36474609375,-0.47732756,8.319562585906047,2.4915384913407856,16.375398115393274
RWA,2004,0.800309656162569,16.9020099536792,0.0778850119158284,269.540446333402,0.12156073,5.600421611446786,-2.43172600173296,-10.83088465948514
VCT,2004,0.44749984967047,45.3517185236482,0.569858643151504,4873.48947742443,0.015928427,8.491770655368551,-0.5449709238502053,-13.428642768702147
WSM,2004,0.571384460451449,21.5282844040566,1.13074432614403,2189.26042607992,0.1979615,7.691775731758826,0.13168096701859833,-28.661686950245517
STP,2004,0.641541772798358,57.8774845467458,0.523762721537047,726.560882130444,-0.09523424,6.589697682321347,-0.627803880461888,19.521688519598776
SAU,2004,0.401254101884628,80.7542316538166,16.6257165924061,13154.4978989446,-0.08106359,9.484595041404644,2.8115519859340456,11.312866942131947
SEN,2004,0.618787046846942,41.6248193895895,0.471678172078985,918.102079522155,-0.088067375,6.82339719292505,-0.7304790807198231,0.7595450330571865
SYC,2004,0.445495454784244,42.9237756892027,12.8705668384359,10827.671636033,-0.04803117,9.289952676519547,2.5557197289031652,-24.427508493867805
SLE,2004,0.658558900911421,36.5491283814755,0.114363772394994,417.749983329227,-0.029646873,6.037274043328474,-2.0845443597792137,4.125288082911894
SVK,2004,0.390636590705324,55.5843833415875,7.78810858704312,10650.1290097126,-0.67355156,9.273421175820529,2.053881215449748,-11.589384668474182
SVN,2004,0.317047127580824,50.7124410611224,8.71266672408578,17103.8297783905,-0.74171704,9.747116145791916,2.1659250081507206,-21.547889855345197
SLB,2004,0.697880943874844,17.172863006512,0.603652254161829,986.070953503889,-0.22574647,6.894741924898179,-0.48832687257809043,-24.458515045915394
SOM,2004,0.898387336615415,34.9620706047618,0.0721817084294735,375.410326225387,-0.12232765,5.9306798415150075,-2.4988225268712934,3.6828447677262055
ZAF,2004,0.476928277295454,59.0977390950102,8.69023374521021,5221.46333731721,0.12464634,8.560724473265765,2.1633498925651606,-0.42305212504705025
ESP,2004,0.305658944310248,76.9549627547133,8.21253115688392,24925.0267844576,-0.23366022,10.123667788944744,2.1068780882966287,0.6511993725746805
LKA,2004,0.476975339329935,14.9130061059922,0.661039481809803,1028.62068132555,-0.015340011,6.936945742837708,-0.39892730348841543,-27.171558888346116
SDN,2004,0.718067262525116,32.4459598296403,0.302186395708402,705.113342285156,0.06951237,6.5597757660882285,-1.1641548474159045,-5.588532998511049
SUR,2004,0.467068809623082,66.743604713168,2.71227401770304,2887.7721728844,0.19605573,7.968586837157368,1.0014675669447735,13.581220329260582
SWZ,2004,0.61073498552406,22.3077107838089,0.926703312370301,2525.5640452625,-0.099684715,7.834615573812019,-0.06538868256074874,-29.416082730750773
SWE,2004,0.255294190308342,84.2670710494849,6.45636291240893,42758.0048564929,-0.15559345,10.663335092101397,1.866613803990042,2.1683301817239027
CHE,2004,0.195538480452921,73.4761317507392,6.27946614341052,54659.4571488233,-0.47498587,10.9088958229455,1.8388761932487565,-11.25945388836692
SYR,2004,0.443730507775427,53.5,2.61941034118409,1368.1148230028,-0.37063143,7.221919695403685,0.9667596161790336,8.355368869638475
TJK,2004,0.469717084358664,26.5327772632159,0.493642117490682,305.745158587502,0.08238149,5.72601730054064,-0.6858893474839509,-2.5487708376303466
TZA,2004,0.814831173462644,24.0832469119457,0.142837770195217,450.385284423828,-0.1205438,6.112321263993448,-1.8783782456539522,-9.146454611799108
THA,2004,0.47926079958007,36.785516284484,3.37869799549585,2641.56268717857,-0.10160589,7.879504440141754,1.2204457754926517,-15.420296370783966
TLS,2004,0.699782701254556,25.7040830077802,0.555176444502806,474.420726695663,-0.109677635,6.164200152410003,-0.5706173054330204,-8.082696902212113
TGO,2004,0.567062544388031,34.9007435603688,0.241902583126364,560.266308533382,-0.2230355,6.330195496154805,-1.378712841105432,-0.6685035735828606
TTO,2004,0.391858934062784,55.5711241312409,21.4812172025747,9871.03419820086,-0.0012097359,9.19746121030052,3.0676443494680337,-10.786981548673417
TUN,2004,0.37783453432373,64.9272741461338,2.24425872376825,3067.41936376975,-0.13954742,8.028917842771053,0.8128211933108743,11.117052071910024
TUR,2004,0.433193884916664,62.4388481173262,3.43889343076092,5979.6054216148,-0.40513137,8.696277082892856,1.2380534348867034,1.462485443687065
TKM,2004,0.316670237787816,46.7375427392139,10.3515202316697,1379.23009682692,0.5175356,7.230005501083311,2.33809896657466,1.5060857782110233
UGA,2004,0.827389427717566,13.1221118400615,0.0667402824171229,292.38185796262,0.117646694,5.681475029995525,-2.5673285139886732,-15.481138884868837
UKR,2004,0.33989502501645,67.5970968423685,7.68697352392554,1401.01806640625,-0.30947816,7.245667953678592,2.040827202754857,22.19745559517971
ARE,2004,0.343000411943702,81.4729199268812,25.9698706267172,33376.7152295209,0.10138941,10.415643747585033,3.2573220315040037,2.0339024784565964
GBR,2004,0.221849179877163,80.3423284929998,9.35478076788979,40504.4118103928,0.27722296,10.609190869115583,2.2369559258932403,-1.175008700045268
USA,2004,0.217556480834158,79.9960936968363,20.0815597947275,41724.6316287624,-0.048859794,10.6388708863127,3.0002998161677654,-1.8399491699157693
URY,2004,0.411277430844884,91.8009434091917,1.7528908230759,4168.66065438387,0.10544189,8.335589933635896,0.5669549747119739,34.6976593843264
UZB,2004,0.328534177935965,50.5696510233382,5.07679600143684,462.171492867885,0.8641321,6.138097380469988,1.6266481630976284,17.063164128727657
VUT,2004,0.604526295781852,22.7291073078871,0.42486789719558,1774.31867585894,-0.15574534,7.48173522149009,-0.8327129786228233,-25.205437377138676
VEN,2004,0.479555464140398,88.5835546444319,5.68334234468926,4269.08970872392,-0.091379486,8.359390115070816,1.7392974824819152,31.224702948962225
VNM,2004,0.483059324052853,26.8021001307977,1.14424418007545,565.452284586212,-0.23823468,6.339392848476184,0.14344574022239887,-8.865908683392828
YEM,2004,0.679375193021569,28.4506523754813,0.925129916420184,627.632023395762,-0.008042653,6.4435460670616695,-0.06706981130285766,-8.335759486712288
ZMB,2004,0.790126935558091,36.8035881130253,0.203153975614114,548.685974566277,-0.38687912,6.30934715983541,-1.5457404842248776,1.458211572820737
ZWE,2004,0.702492426000068,32.6278168233873,0.838216656520482,469.719298949304,-0.38581252,6.154261948096243,-0.16461918464273365,-1.0522460965096627
AFG,2005,0.76074406348822,19.7059095753667,0.052297588398106,254.184249149336,-0.55804604,5.541985829931637,-2.775832563438668,-7.3994983691514555
ALB,2005,0.436497658537619,45.9937666920583,1.3776914859669,2741.72136549578,-1.0745565,7.91670590557229,0.32764156502030994,-6.611517365944501
DZA,2005,0.433706591138825,63.6598541890144,3.06259438261496,3233.13339634212,0.15500005,8.081516287382266,1.1225222804939659,9.284827094145797
AGO,2005,0.526335445847985,56.0,0.810676972733782,2145.88621096327,0.20475626,7.671773797388704,-0.19762570282006003,6.024810528286949
ATG,2005,0.465347425245465,29.1737995723752,2.16678599690997,14368.5708796058,0.39722252,9.57286811638681,0.7778494755876573,-41.21544632298719
ARG,2005,0.437502386581397,90.1233737736072,3.91742679391727,5067.65342293276,-0.21533298,8.530830464253402,1.3679844516148585,30.923586083258606
ARM,2005,0.475805281174768,64.5334210637509,1.41835113145182,1557.48458908655,-0.09672413,7.351469210859849,0.35652072406373275,17.997680038551366
AUS,2005,0.219227970705151,85.6190871221958,19.0378039300894,34535.20727091,0.56028813,10.44976353880724,2.9469518156671466,5.813689459905561
AUT,2005,0.225555302825586,66.9797950654143,9.77338007389313,38157.37022862,-0.8280029,10.549500415756565,2.2806850351645793,-13.896582723014617
AZE,2005,0.373255472837257,52.5028533935547,3.72019280611546,1578.36733030667,0.27130696,7.364779621973434,1.316459922967385,5.824184434280923
BHS,2005,0.453192741926049,81.8605578035102,2.50251530995016,28602.4181869995,-0.21232128,10.261281506694308,0.9212843668791302,4.07909067425382
BHR,2005,0.376046809741008,91.168165501421,26.2934535823821,17966.1657837625,-0.32387128,9.796301248015427,3.269700245482141,18.37968222451562
BGD,2005,0.733156867244804,25.4769540701509,0.279053178068632,480.08585075452,0.25622192,6.176045738076536,-1.2411446006390492,-8.437024396878403
BLR,2005,0.268699934238522,72.0310134887695,6.21065065245296,3126.07176665248,-0.4934857,8.047852307834864,1.8278745077839007,18.01747207667723
BEL,2005,0.264129647069716,83.5645449743707,11.3572144110239,36809.7013403619,0.056236327,10.513543879176128,2.4307332831134545,3.074270473515085
BLZ,2005,0.45528246561438,46.7271194028137,0.539446825700405,5270.41479135312,0.33993277,8.570054066863435,-0.5988432783369323,-12.893853511654655
BEN,2005,0.693457456541428,40.3097749006517,0.332477109339693,779.437777753268,0.21279638,6.6598550157696135,-1.0715504575580432,1.2006255289423393
BTN,2005,0.773812681145415,30.9379917831613,0.82025790757934,1299.94938578359,-0.074096926,7.170849573669319,-0.18601889443538883,-13.658245542521762
BOL,2005,0.539471333969977,64.2133062205259,1.06158115040733,1020.12326200737,-0.07032013,6.928658537623488,0.06913526839487188,22.217729696221305
BIH,2005,0.388896351806524,44.1570799336802,4.11237124047325,2739.61076866057,-1.1486013,7.91593608281204,1.416428541603809,-8.439937724751097
BWA,2005,0.571999926238712,58.4535554684584,2.38640952628899,5391.07076619634,0.7925856,8.592684776800594,0.8739715864696855,-1.41042726669464
BRA,2005,0.449129598390128,82.9838799596945,1.99935674253319,4827.78165890291,0.17279847,8.482349470294055,0.6978146422604541,24.304683876122304
BRN,2005,0.362373931004109,73.552870858133,16.7426361599929,29386.2703822862,-0.077425,10.288316879369436,2.818555628573863,-4.518903605014785
BGR,2005,0.392113666690636,70.0869598388672,6.8534654520215,3899.82596332878,-0.761857,8.268943595163279,1.9262124821165925,13.699327899442167
BFA,2005,0.785081118867969,22.0179778440204,0.0817032694873567,441.164148016012,0.31435266,6.091681188736685,-2.389197246185665,-10.99008940483899
BDI,2005,0.821878424494638,9.1806167624459,0.0242510542948156,147.234619294225,0.31994358,4.998796284058662,-3.3740379324172864,-12.091991658463552
KHM,2005,0.629819474896795,19.0922720052225,0.201001517798453,525.797325120926,0.02350696,6.266815892257386,-1.5558899521743454,-15.796401420659631
CMR,2005,0.583632163447613,48.5837852394685,0.320435144753662,1142.62466252106,0.25004578,7.041958025903851,-1.107344872672435,5.371592515003549
CAN,2005,0.260315434766693,79.9760615882965,18.0601166179094,36383.6600068095,0.5351941,10.50190253641458,2.8942595582584314,-0.38920752718375695
CPV,2005,0.531936998884016,57.7977695763157,1.25186811374623,2004.14680417563,0.5380328,7.603472556100501,0.23259325291007849,8.556002628424345
CAF,2005,0.756337825620213,38.0448510426866,0.0588974564039908,311.950023138687,0.3317949,5.746043507308037,-2.6751360188574678,8.748260420900756
TCD,2005,0.746139605462886,21.7519046977973,0.04656232729143,838.092107712557,0.3485228,6.732320483174011,-2.872412110937836,-18.13538288913702
CHL,2005,0.362829380989038,86.7768244484887,3.6175914799259,7480.32330998636,-0.16128457,8.920164968421027,1.2885689239078193,23.396341220666685
CHN,2005,0.496787375101759,42.9899978637695,4.78299420120885,1777.64496828464,-0.24123786,7.4836070996126685,1.5671553103309142,-4.964647152539499
COL,2005,0.493832714241245,76.004938901378,1.46901976755809,3456.06610874512,0.14918916,8.148175562893282,0.3913795491282501,20.914120802432002
COM,2005,0.589212516356045,28.016895208368,0.228961137347999,1105.78796866788,-0.012305577,7.0092173774777216,-1.4314543455107893,-14.84372661420182
COG,2005,0.698122213310546,61.310286636126,1.17157455930687,1799.05158366154,0.22634809,7.495570601063379,0.16684792128800183,13.227176876538024
COD,2005,0.750344250905646,37.4018738621901,0.0422504365918147,214.539740473519,0.17367871,5.373145303092239,-2.9517070323479215,12.109484875781604
CRI,2005,0.458780482263764,64.8998632216384,1.49160807652233,4703.00721784778,0.1311086,8.456170023983702,0.4065365848867323,6.501783487096738
CIV,2005,0.614681054848192,45.082298743724,0.318684175934195,1197.74616979415,0.14549255,7.0890314310260365,-1.1126579408331476,1.3646291796228027
HRV,2005,0.332207398378776,55.5307217475444,5.30160818255534,10443.5278353294,-1.172103,9.253833468117714,1.6698946486395396,-11.43271236889651
CUB,2005,0.30990220362728,76.0033319545493,2.32679017565643,3786.33799225291,-0.26679215,8.239418674580113,0.8487782678958182,19.932740252773364
CYP,2005,0.358550242310255,68.4340674211981,7.63016201306566,24959.26171875,-0.42551222,10.125040307955235,2.033418808852234,-7.8844341463333905
CZE,2005,0.240888806236914,73.6375545423198,12.6378778002542,13442.4916284309,-0.5983121,9.50625037411864,2.5374894382740174,3.963653664765488
DNK,2005,0.220489408464744,86.0059706832865,9.34585026622716,48925.8076698784,-0.07747359,10.798080739356449,2.2360018445565815,2.4603235687300185
DJI,2005,0.855730784207302,71.3061450044404,0.898629235897026,844.4483573908,0.16837533,6.7398670871010085,-0.095818149312264,31.33782156524292
DOM,2005,0.440871278480783,67.5759180469321,2.03684886147845,3878.31206735244,0.06352472,8.263413114668667,0.7163014697952161,11.247672714335913
ECU,2005,0.525464362051193,62.0068704145716,2.08473639953538,2909.02606014388,0.109672226,7.975917315501343,0.7394277218468491,8.765770946919616
EGY,2005,0.504592751513183,42.9569271409488,2.1995658648073,1105.53920713903,-0.039976597,7.008992592337398,0.7927960549688841,0.09871907370501276
SLV,2005,0.489593960619565,61.0308213239291,1.17101134978182,2447.39140845394,-0.20401764,7.803186519925643,0.16637114748388135,9.644514736223492
GNQ,2005,0.5403620786121,42.2814597171299,6.75102679320686,8673.9026086535,0.017271519,9.068189378083856,1.911174771006599,-22.688517846000472
ERI,2005,0.764634000880306,35.1022033691406,0.227039153168759,412.753079199423,-0.07923508,6.025269368837412,-1.43952994824785,2.8072699322508754
EST,2005,0.252139994463864,67.5080523578799,14.813456108948,10414.6381183565,-0.31523344,9.251063620983484,2.6962107984116948,0.5743610138611785
ETH,2005,0.820312367988408,15.982967376709,0.0698363747100678,158.243458082465,0.06427622,5.070434214063524,-2.5277760549478834,-6.0588931168505855
FJI,2005,0.445386584405315,49.8421361321385,1.96151540324509,3377.69126953493,0.0039779344,8.125243715133976,0.6788024872622088,-5.002438511457143
FIN,2005,0.180727757171225,68.5140529517604,11.1028086409399,39049.8703780223,0.6235772,10.57262044382923,2.408098374667141,-12.610588982679133
FRA,2005,0.287989786144183,77.4363315105438,6.45391402908229,34696.3718316971,-0.25557533,10.454419223346008,1.86623502117402,-2.419059150997114
GAB,2005,0.501794633865283,83.4326746392243,4.36742182241825,6547.87613955186,0.02195231,8.787048732159658,1.476459926061972,21.4816009524163
GMB,2005,0.652485192342379,52.3582132660613,0.199035774250961,616.483657865348,0.27707562,6.42565260315654,-1.5652498730001252,15.76394241345546
GEO,2005,0.389883905781952,53.0036280624359,1.27593582421795,1642.78359414797,-0.12526123,7.404755933221701,0.25148672116270726,5.895691251863951
DEU,2005,0.262171010191921,80.1745168510383,10.2067903422435,35084.4363546269,-0.2506193,10.465541404679788,2.324032478917531,0.19969558837840395
GHA,2005,0.63572760365317,47.4528437795757,0.316524627476198,478.611909191028,0.0205307,6.172977254352627,-1.1192499043929554,13.571814861261025
GRC,2005,0.268602661870542,74.2617376694311,9.43267845080244,22054.1315756886,-0.5231063,10.001300578319867,2.2452396741076486,-0.7280398062022329
GTM,2005,0.510664365475407,48.0557951573834,0.898994004185174,2046.46611650758,0.12196239,7.624358266876047,-0.09541678088232654,-1.410243713241762
GIN,2005,0.58170921205255,32.3962712159907,0.189522990005023,463.17768685098,0.17031638,6.1402674247207525,-1.611825811171205,-1.133517734353866
GNB,2005,0.837307418047784,38.3801443659997,0.199263888939153,463.073962650452,0.3466514,6.14004394178697,-1.564159196956709,4.852755187814971
GUY,2005,0.504051015301245,27.7758550706193,1.94949757791288,1084.06541388904,0.3515606,6.989395553455887,0.6726881025827255,-14.871918904288428
HTI,2005,0.714267058388107,42.5791771857318,0.201859054461774,775.845704056916,-0.06565571,6.655241751570884,-1.5518340628570042,3.5195653013048656
HND,2005,0.528130004657506,48.1703884178554,0.948804917659031,1304.70039153826,0.18042438,7.174494874282417,-0.04206764746235441,3.53500765165321
HUN,2005,0.293537438470324,66.1261367797852,6.06869292504807,11212.2046968994,-1.0783795,9.324847353613919,1.8047896934338017,-1.5998483846994986
ISL,2005,0.219689658552228,92.377441015064,10.5394056629844,57783.7745608117,-0.1467643,10.964480604057494,2.356069523073043,7.044982908044517
IND,2005,0.696520992620135,29.0945497159107,1.05460489385527,710.488080408949,-0.076594986,6.56735866462633,0.06260373864175542,-9.021368698054392
IDN,2005,0.461296134550661,46.2373757571669,1.57055662745946,1238.21447629488,-0.0013602575,7.122232971002534,0.45777708085767743,2.1631862120952334
IRN,2005,0.453015545240009,67.8708801269531,6.52930513401687,3132.0508192007,-0.070010066,8.049762511440077,1.8778309112030491,13.836826842415682
IRQ,2005,0.580023521451365,68.391425621866,3.07089535110651,1762.39360423421,-0.08100001,7.474995415695124,1.1252202531520912,20.52925334593531
IRL,2005,0.31315871736485,60.4882988006461,11.3160512452902,50933.0216095589,0.32177734,10.838286380231825,2.427105492252294,-23.489078719486194
ISR,2005,0.270648154745,91.6384296279033,8.92812513527943,21286.8388636595,-0.3647817,9.965891243278046,2.190325850780164,17.028879559318668
ITA,2005,0.323129899973109,67.5897169318419,8.4768648141216,32062.723833669,-0.8259156,10.375480571435546,2.138519652278329,-11.418026099592865
JAM,2005,0.481972013453077,52.7685237926234,3.95557831478646,4184.43974867497,-0.109686054,8.339367054745027,1.3776516993782437,-4.37531916857148
JPN,2005,0.222441105778372,85.9573620483714,10.0074734098753,37812.8950199948,-0.3515819,10.540431907183436,2.3043309091573128,5.178362408853985
JOR,2005,0.396442064648519,78.412126230667,3.36910305797064,2087.87079273635,-0.36305237,7.644378908392549,1.2176103068144437,28.73110459907555
KAZ,2005,0.319991645618765,54.6481873472392,11.7482167747143,3577.35804001782,0.489045,8.182659326143847,2.464552296169556,-0.8129193174354938
KEN,2005,0.71962710864276,27.2686745625048,0.252147669028053,523.456312433863,0.33519983,6.262362130628175,-1.3388473117519235,-7.572174123548486
KIR,2005,0.499035946655199,43.5443274444527,0.628347018921814,1161.78341739977,0.15604942,7.058571907660923,-0.44887322670112506,0.15373393460038898
KOR,2005,0.27864265190677,81.3901352283669,10.7084009751588,20167.0474902506,-0.49227893,9.911854823597759,2.3719619817517468,7.360831236613805
KWT,2005,0.333072209124115,100.0,34.5288422505843,36122.6142741227,-0.15650184,10.494702065485166,3.5420845530653913,19.71204994142343
KGZ,2005,0.35834216241832,35.3030968124082,1.0872925479987,476.548193640077,-0.16237345,6.168665083916953,0.09284582577557121,1.4683722198192655
LAO,2005,0.600749246796201,27.3224977292697,0.221926040668041,466.061506997741,0.010400931,6.146460955629618,-1.4613367483641935,-6.2737977000915635
LVA,2005,0.299732202095789,67.8953910570353,3.58674450006454,7283.78738127622,-0.49222815,8.893543532379947,1.2800291307935123,4.800770288529648
LBN,2005,0.586501303883278,86.7665156672703,3.54858446679178,4602.19804637945,-0.60890573,8.434506568392312,1.269362844103772,28.601059322507076
LSO,2005,0.662740555779443,22.5317981562788,0.208850039629794,861.381496414995,0.3733507,6.7596977440050185,-1.5193685342632568,-17.649467978560335
LBR,2005,0.71748681688818,45.8510093035277,0.206360770853813,287.487333441381,0.031603813,5.664651180101745,-1.5308080291556543,17.428414013502675
LBY,2005,0.485107475919117,88.135773324416,9.85289132685578,8079.24957329001,0.077709116,8.99717803882154,2.288779363646507,23.928319467728457
LTU,2005,0.308475907630857,66.5784912109375,4.20098792244941,7857.03148786492,-0.5061295,8.969291407219682,1.4376972810800732,2.670485553793192
LUX,2005,0.220170855124115,86.3735649102561,26.0434089062211,80988.1376230858,-0.022355428,11.302070321243214,3.2601486197615874,-2.58395033664533
MKD,2005,0.494667799429143,57.8614206464767,4.81870814279944,3120.98401394233,-0.9433007,8.046223980608177,1.5745789666303545,3.8653643026156956
MDG,2005,0.789034814673677,26.4743019495822,0.093326061823388,305.812074924388,-0.002690792,5.726235426360031,-2.2698656420981846,-2.609588398431903
MWI,2005,0.831480646471777,15.1041793656241,0.277904313470894,414.361121984475,0.31477085,6.029148315305831,-1.2451270989444827,-17.23240641396073
MYS,2005,0.380329153587798,67.0159820173565,7.01024161142768,5555.58179951206,0.15822299,8.622738413926873,1.948797635027739,6.8292816569385195
MLI,2005,0.743678191605578,20.8706715422205,0.0697854076555803,548.730382842725,0.3579966,6.309427945019609,-2.5284146527064624,-14.475572473780474
MRT,2005,0.650989997299073,40.407151934074,0.523398815743406,998.96583416747,0.3299831,6.907721112565942,-0.6284858874402761,-1.3635973566633766
MUS,2005,0.460436618514986,41.1419874152917,2.42563834516313,5354.02974260642,0.17323287,8.585791537041294,0.8902088762492794,-18.647975328332322
MEX,2005,0.434528538934762,76.4748624380269,4.22758379844974,8671.75891885163,0.098521866,9.067942233555542,1.4439932479564035,11.507538726573117
MDA,2005,0.35843727816516,39.3704032897949,2.88374636766892,1034.39197746993,-0.35309848,6.94253535619549,1.0625519836184167,-2.7741832833424525
MNG,2005,0.449247975196239,62.3122627023789,4.38774218806367,994.90010913241,-0.61108166,6.903646960519283,1.481091270146865,20.585261882681536
MAR,2005,0.508499356682309,55.4397798676399,1.47108136782011,2242.98828125,-0.008265813,7.716010044369592,0.39277247491089584,4.989579118046514
MOZ,2005,0.634974160255013,30.0098613217248,0.131290646947492,436.773856167384,0.45996937,6.081702466922351,-1.956936184352337,-2.8910538578668934
MMR,2005,0.662573330831541,28.390792243762,0.236985402005318,252.685193060728,0.33674225,5.536094100931666,-1.3984260452937487,1.3486500125944794
NAM,2005,0.605959999373192,36.5870014553064,1.30663252282386,3685.77299991587,0.4413418,8.212506828645767,0.27507735787616844,-19.19460934958387
NPL,2005,0.810643624757596,45.5065633424317,0.124510356693779,309.024168339372,0.005265832,5.736650256825354,-2.006114081463966,16.310837966225048
NLD,2005,0.210091399794153,83.5048949725161,11.1632826932179,42165.396168388,0.115710594,10.649378883482086,2.4135254547056,1.556016648326846
NZL,2005,0.289404709816274,85.9299325780946,8.75495294999879,27751.0654708859,0.4544393,10.231065547787978,2.170761150417979,8.472926094396072
NIC,2005,0.653833129098178,55.9375480421093,0.825573439683421,1183.30214010175,0.2229244,7.0769089687863165,-0.17963703572709588,12.350050151071443
NER,2005,0.726759218532575,16.2687225341797,0.0580683956722907,318.643121918273,0.38058123,5.767205129441024,-2.6872422605925816,-13.255102761825995
NGA,2005,0.582572287555257,47.5656414756863,0.710050686175941,1211.37703504386,0.45596376,7.100338203272034,-0.32843367198323664,3.726559162994704
NOR,2005,0.218219861163389,77.8260148882032,9.3683698473663,67047.1704558264,0.6074376,11.113166602070976,2.2384059576554,-9.10304172659228
OMN,2005,0.424950099375578,71.8577803438712,13.4330730684827,14434.8577924647,-0.031839848,9.577470514818113,2.598463959887136,1.419113638440706
PAK,2005,0.64306341499879,33.9190062789495,0.763286111855279,827.619861189926,-0.49295405,6.719761498931134,-0.2571061671103714,-5.833422237398075
PAN,2005,0.449146554403843,64.0721934428526,2.1436596030336,5017.74110414832,0.18353923,8.520934405170127,0.7671685360852981,4.978670184772774
PNG,2005,0.67763733076537,13.0708971726612,0.800164629075851,744.486489977433,0.010679881,6.614037011944587,-0.21051780619462096,-25.546255928291856
PRY,2005,0.463401484625577,58.894079141979,0.701070483877214,1970.87169852378,-0.16486359,7.586738471445465,-0.34098372065035853,9.832003724871896
PER,2005,0.548516691056293,74.8162354830832,1.13303782972815,2706.66947297608,0.14139588,7.903843570813212,0.13368948114000603,22.349067890364502
PHL,2005,0.452584609220626,41.3297701258519,0.896249932483837,1220.46018559867,0.042847157,7.107802295486814,-0.09844014731384894,-2.5894620237526524
POL,2005,0.26342310595735,61.5497010774856,8.30851048638369,8043.92332253757,-0.40212783,8.99279652831053,2.1184832107267946,-2.61070387589465
PRT,2005,0.309218225722407,58.2450763389585,6.4581042393222,18780.12751241,-0.085572444,9.840607788894554,1.8668830577448914,-15.019173035612098
QAT,2005,0.346179852394932,97.3016654918171,52.7739009071877,53949.6764091147,-0.19856484,10.895825508311386,3.9662062371577678,12.70642961744872
ROU,2005,0.397355477232092,53.074507031037,4.90116528457151,4618.00350802913,-0.8043601,8.437934269908371,1.5915112424816982,-5.12775616305138
RUS,2005,0.351427837944735,73.1613922119141,12.1189832296134,5323.455078125,0.5143623,8.580065652594794,2.495597896657258,13.432914333611095
RWA,2005,0.796732297303569,16.9072114459454,0.0819369049386119,324.016863847189,0.2984678,5.783877069744144,-2.3866527530970423,-12.7956380713409
VCT,2005,0.449187089747667,45.4681221654846,0.589595375722543,5157.39373878102,0.4178551,8.548380519080618,-0.5115002250540429,-13.920118988693055
WSM,2005,0.558302681379922,21.2352904191687,1.16484292269679,2550.04221437511,0.17252986,7.84425726617232,0.1611344558485363,-30.59203612365566
STP,2005,0.649878053237256,59.4188016908917,0.552465679693638,844.169181884274,-0.13455105,6.739536822564437,-0.575425160642961,19.45402465063767
SAU,2005,0.401182297019835,80.9775503092999,16.8475463633317,15975.7473782258,-0.05282704,9.678889655312519,2.8247984119316834,9.449839238315818
SEN,2005,0.639632178256036,41.9057599695838,0.511647396744881,979.846101520171,0.13107681,6.888415568074206,-0.6507634045054531,0.342314688229429
SYC,2005,0.457055286017475,42.8510349075107,11.6379830553477,11802.1118276833,-0.032171726,9.376118489897726,2.4551330367269415,-25.42550256705288
SLE,2005,0.680729245183325,36.8485519672439,0.103149710490117,462.633324427945,-0.0726436,6.139093990737149,-2.179043465543805,3.331363416212149
SVK,2005,0.394608908998463,55.4189847597721,7.86263120934737,11641.5410321763,-0.82640433,9.362420999194432,2.063392340649627,-12.710468298576501
SVN,2005,0.312404371950809,50.648781400021,8.81606059363931,17969.7095907161,-1.090252,9.796498466516974,2.177708776180611,-22.14181962011161
SLB,2005,0.668565883596473,17.6001415877737,0.618738097209572,1144.49233397681,0.027391434,7.043589809576796,-0.4640404886267879,-25.629573320434474
SOM,2005,0.896689055196711,35.4674928136211,0.0708740925128624,439.979907805478,-0.04375426,6.088999313877138,-2.514861747085079,2.488223686010535
ZAF,2005,0.509974711583834,59.8241758378997,8.81501533854301,5836.87663325127,0.20803659,8.67212241951063,2.177590340896378,-0.8928127182896191
ESP,2005,0.304925828242658,77.2206801920294,8.42628442319919,26450.9530130382,-0.3094364,10.183085272482609,2.1325419774582275,0.27888857038055903
LKA,2005,0.482372141766652,15.167273918248,0.713777502007764,1207.21994764165,0.21527545,7.096903437783255,-0.3232712514970067,-28.634925691786904
SDN,2005,0.726506817060664,32.4603150404146,0.347656760296796,905.543640136719,0.27028894,6.809639170389396,-1.028181522616182,-8.257224905723646
SUR,2005,0.453437752778063,66.7321826490881,3.25198868505121,3453.42865937765,0.23070113,8.147412356211088,1.182337035477665,11.64955990589985
SWZ,2005,0.592173756728801,22.2102447619336,0.918331600282478,2871.06877437449,0.25996247,7.9627878763906255,-0.07436628213174173,-30.889870059065867
SWE,2005,0.25360293534139,84.3499984741211,6.03944461597958,43378.4077394363,0.25948018,10.677740131439261,1.7999664688173231,2.096575493595168
CHE,2005,0.194277795388051,73.4951000915434,6.32417274709346,56242.8933645639,-0.69514686,10.937452751765589,1.8459592207305684,-11.547131435877546
SYR,2005,0.442130105057665,53.8227202374695,3.12583265383377,1533.90166536568,-0.45884344,7.336221596318239,1.1428947381286492,7.450708944386847
TJK,2005,0.496840985156372,26.5324878262051,0.460827296988181,333.927150941684,-0.5036985,5.813913048301669,-0.7532639252679105,-3.492889697653734
TZA,2005,0.817850580906506,24.7061884538741,0.157543974954262,483.334869384766,0.43483543,6.182776546372917,-1.786509425133464,-9.280065806610573
THA,2005,0.477157568717764,38.1301594392881,3.47218658348054,2867.70383436062,0.22909515,7.961615581081763,1.2476604250569872,-14.95736720955118
TLS,2005,0.70139101124326,26.3097308948751,0.368655430549683,487.464506929223,0.28510317,6.191266811584671,-0.9711286416535445,-7.767692305178986
TGO,2005,0.5697398497644,35.3487650305291,0.22434264883446,551.259850017077,-0.004029115,6.31401867829703,-1.4509709234243426,-0.04677453446946345
TTO,2005,0.391385676915921,55.3898955519853,27.0529643242842,12346.4373094075,0.37636185,9.421203815212785,3.2981661630948444,-13.370770650786376
TUN,2005,0.377693480310412,65.2340901739004,2.28632090263617,3146.8260743927,-0.25837016,8.054467358453389,0.8313082346474887,11.149515980729163
TUR,2005,0.429398997881583,63.3302470273874,3.5495611200862,7331.85429430255,-0.22668488,8.900120118034472,1.2696372563895644,0.1650065167233592
TKM,2005,0.319037492517044,46.7728683922582,10.4702314233025,1604.01618452312,0.481046,7.380889119328303,2.349490761025277,-0.07878524466809722
UGA,2005,0.821149835514215,13.7907239496723,0.0794505968164188,330.405402707025,0.38941398,5.803342407536174,-2.4140687969823804,-16.121145446333806
UKR,2005,0.337256501686036,67.8136046317755,7.50423510865356,1875.33508300781,-0.16359977,7.537075729292094,2.016799236075843,19.284810499211062
ARE,2005,0.346396439232719,82.2122832763517,26.2522643034306,38719.3138307623,0.105631985,10.56411964649099,3.268133091487557,1.1789233760409417
GBR,2005,0.220748310347799,80.4455938127627,9.2634507993102,42240.2462987547,0.23196404,10.651152423123726,2.2271555648185135,-1.5223288786377083
USA,2005,0.216860857630756,80.1961581748464,19.9249914215479,44123.4070679055,0.26188055,10.694768356590764,2.992476550512077,-2.240114833457511
URY,2005,0.407463541488804,92.0812710048572,1.69451857722282,5284.25677987129,0.21472351,8.572676483665449,0.5332827114644536,32.43213843306535
UZB,2005,0.335308508357074,51.0781236333777,4.76265580553155,542.835808692209,0.52482176,6.298647379041469,1.5629029226079911,15.847641933826438
VUT,2005,0.607657365754414,23.0020186653551,0.423230214461947,1873.99142640619,-0.027241388,7.536359365810691,-0.8364860191454451,-25.519083116344337
VEN,2005,0.479746552601048,88.638673298371,5.82165836799224,5432.4854184654,0.25556517,8.600336088863601,1.7633014141140455,28.692530349172664
VNM,2005,0.469611546592235,27.4285898187702,1.23999989986226,710.746759994861,-0.124340855,6.567722173980397,0.22314347120401445,-10.691231978835724
YEM,2005,0.676207404313097,28.8523786558834,0.966350059686043,734.159908450927,0.23674679,6.600088038067812,-0.023934089163822544,-9.614989588565244
ZMB,2005,0.789063713063939,37.2969823813059,0.211070757215382,710.982068171696,0.5568549,6.568052725942712,-1.509272460311954,-0.8263889016370811
ZWE,2005,0.702620238061859,32.6482709722903,0.922182297304139,461.271387547912,0.70444536,6.136152137553646,-0.0702268854575195,-0.8373277958053862
AFG,2006,0.780382132703672,20.1104530189181,0.0557935319150409,274.218553561575,0.9025186,5.617565522251692,-2.721233744646057,-7.806533860998048
ALB,2006,0.431819642562117,47.0701050949378,1.3817995172674,3057.77257038113,-0.81884193,8.025768993685482,0.3305975265880582,-6.706304462852657
DZA,2006,0.433034642248676,64.4154348614309,3.13780186991803,3660.66104745322,0.104907036,8.20567216154402,1.1467043901748433,8.70721509161848
AGO,2006,0.551158182496786,56.8939032662772,0.815392081219552,2930.4442860732,-0.5190479,7.983250510961242,-0.19189675557985883,3.5740595383389007
ATG,2006,0.465219982359827,28.43525787418,2.43412237606074,16173.8136329968,0.15319888,9.691210597385988,0.893686112093732,-43.224756157349915
ARG,2006,0.432015838815146,90.3033726521064,4.1027920897206,5869.38028970204,0.35693455,8.67767469602214,1.4141021384254175,29.5267634422478
ARM,2006,0.474421238908184,64.4758978663344,1.42166863867481,2041.65267068997,0.28216615,7.622004570912575,0.35884064418844797,15.03513311373814
AUS,2006,0.21872154708705,85.7492544263523,19.0793285754815,36658.8243476122,-0.12183905,10.509436729991387,2.949129465588558,5.303082721638745
AUT,2006,0.224034071855278,67.0006968062814,9.4660900140664,40382.2078298575,-0.15699027,10.606169329767956,2.2487717854141915,-14.484194929369835
AZE,2006,0.369256658875951,52.6540145874023,3.76443064157793,2472.95725732287,0.21292426,7.813574276054147,1.3282495479029268,1.1561636972371758
BHS,2006,0.454683794010407,82.0396098391364,3.1443128812343,29184.7865087908,-0.20441405,10.281437106351037,1.1487706850266415,4.041710760905616
BHR,2006,0.375453769846129,92.7186075361661,26.4976718615945,19267.282615072,0.1498785,9.866215635229839,3.277434195305032,19.179379684855775
BGD,2006,0.724115912420284,25.9479149992596,0.297067114877888,490.388026533289,0.42808166,6.197234093761099,-1.1806889400503484,-8.19358520835171
BLR,2006,0.268992041040309,72.6113815307617,6.50329976582844,3848.22350300163,-0.4416901,8.25562671940812,1.8738462042733348,16.36674694309132
BEL,2006,0.261112012652645,83.8578905877926,11.0047176903814,38705.1067959147,0.39641237,10.563752664913073,2.3992323503644837,2.8284713560552888
BLZ,2006,0.454663508072936,46.4084814638913,0.606159553699831,5524.78167834986,-0.1732955,8.617179996622886,-0.48424933324092556,-13.718532302686576
BEN,2006,0.699582102273071,40.7877794072449,0.443919541179229,809.147072506221,0.17193826,6.697215802179801,-0.789835318718659,1.2774478352692071
BTN,2006,0.838533049251325,31.5664945864425,0.847645867092825,1405.6071618158,0.3096773,7.248935815440509,-0.1535640070117843,-13.868237141910644
BOL,2006,0.52485720967061,64.6631431424362,1.13232011673559,1202.71150446327,0.1259284,7.093164982923525,0.13306138433156894,20.90108726839648
BIH,2006,0.388997983951133,44.4752743285185,4.59986434577848,3166.12865344833,-0.29111525,8.06058066884216,1.5281984304971807,-9.67494493126754
BWA,2006,0.5627258573385,59.6421228144112,2.21315795650717,5291.58379144849,-1.089417,8.574061834994886,0.7989286880165138,-0.021885736927323762
BRA,2006,0.445870619835792,83.2672101364439,2.00204169117872,5934.14561857454,-0.058517296,8.688646842307147,0.6991499732845997,22.372781410156065
BRN,2006,0.363826387269037,74.0148299904911,23.6259231125724,34674.7995236452,-0.15127881,10.45379730255658,3.1627677204984623,-5.8338824510585425
BGR,2006,0.390445076539112,70.5075225830078,7.10899139615699,4523.1465578805,-0.4038036,8.41718423235242,1.962766057546345,12.5280744450831
BFA,2006,0.7797841847561,22.5528306908743,0.0799863250308358,455.513655620024,0.07397715,6.123618613322608,-2.408097564298371,-10.798182397656358
BDI,2006,0.816467203505738,9.4646291775586,0.0292923047818543,161.892755640319,-0.12861188,5.093092043411754,-3.2367265863571286,-12.820532346428525
KHM,2006,0.652242782456512,19.2299832388976,0.220536243491838,612.252648550727,0.0824844,6.418777002005305,-1.4673471903298194,-17.29045702653264
CMR,2006,0.579637927865823,49.2044173412861,0.317753314780677,1191.45458990968,0.13746531,7.083769142297134,-1.1154940426421733,5.543254525932618
CAN,2006,0.258903901922247,80.219066099279,17.6443460330114,40504.0370977806,1.4278146,10.609181618145684,2.870981987233601,-1.2981717563372968
CPV,2006,0.562417106015871,58.5332660925599,1.34616325133271,2256.99666191075,0.35252938,7.722233266369608,0.3046595741099698,8.016240039363389
CAF,2006,0.733709610754516,38.134433681123,0.0611753665667713,333.942519903031,0.047302086,5.813958934724114,-2.6426084956132256,8.108563426310468
TCD,2006,0.751387012156964,21.7629797848529,0.0464674292742376,906.897260572747,0.24786186,6.811131223050488,-2.8740912800765437,-18.97058190565974
CHL,2006,0.359073044392442,86.8125123390851,3.65616252034094,9318.65655296121,0.24717514,9.139881056459997,1.299145480224561,21.072705550307518
CHN,2006,0.490958668102807,44.3430099487305,5.28052516361306,2129.25696999613,0.3330973,7.663997894617338,1.66591751572787,-5.548681446988546
COL,2006,0.490720209231999,76.1619191918164,1.38318811487663,3789.85361217027,-0.04569292,8.24034650020213,0.3315947286641269,20.081364446960556
COM,2006,0.567573761589821,28.1143215973031,0.26738188979633,1138.47908404345,-0.12489271,7.038326493136364,-1.2823600587541195,-15.05887552653385
COG,2006,0.662938040003096,61.6237792620651,1.25545648118301,2103.5821381211,-0.037591618,7.651872217204793,0.23543291177721515,11.862294064113833
COD,2006,0.756812035871336,37.8024827128113,0.0421028090513797,255.445229568751,-0.16947095,5.54691511186367,-2.9545364151430604,10.644143865032316
CRI,2006,0.453565901364234,66.1703051228767,1.59797655356903,5256.59640859159,0.048542816,8.567429244753775,0.47497658953668187,6.577517694058983
CIV,2006,0.611958075466851,45.5035131674326,0.305580401271205,1230.43056838584,0.16136217,7.115931836260145,-1.1533417918398214,1.4969855573205422
HRV,2006,0.331514847769631,55.4685969711483,5.34348188039458,11501.2099669894,-0.23013185,9.350294466931409,1.6777471679825677,-12.530640710000597
CUB,2006,0.309737645013546,76.1121531072403,2.3753319353995,4329.98265964383,-0.097168766,8.373549737430077,0.8693382909243204,18.601254600157496
CYP,2006,0.35725435486146,68.2534151682801,7.59803038263763,26729.28125,-0.49194264,10.193552330963131,2.029204318746896,-8.80077230889033
CZE,2006,0.241026010381412,73.578883191735,12.7739538554172,15259.0788162004,-0.09202206,9.632995469713734,2.5481907794599263,2.5439864356265645
DNK,2006,0.22021504731426,86.2501288149818,10.777426621291,52119.1787984282,0.57491755,10.861307461747636,2.37838125418859,2.025549642463929
DJI,2006,0.854901096428145,71.0245352095823,0.845443369901048,898.464628136774,-0.051317055,6.8017997287005105,-0.1561353831640427,30.391175623864648
DOM,2006,0.436507665072033,69.333853706035,2.20308284293328,4055.14270347371,0.08331331,8.307987727954298,0.7943864950421251,12.526963699378257
ECU,2006,0.527118466873027,62.2099988435587,2.19912763838417,3243.67010359339,0.1685025,8.084768960978908,0.7925977038389627,7.800044358888336
EGY,2006,0.498770412647211,42.9729991680104,2.28386190572735,1298.97900203124,-0.11355766,7.170103391035517,0.8302368188687663,-1.6152256070924196
SLV,2006,0.49259243289089,61.9068679391763,1.23104086937065,2665.61807194853,-0.11493111,7.888566308808521,0.2159504382915252,9.603748434680277
GNQ,2006,0.564273739667863,43.9301279685204,6.44857387793926,10184.8841248541,-0.07759714,9.228758131457411,1.8654085314941018,-22.76404578965738
ERI,2006,0.764601724074419,35.2525177001953,0.200998556686845,447.997404727201,-0.13822348,6.107017107607957,-1.555903985876172,2.079772502420859
EST,2006,0.252808880047582,67.5557177507269,14.4285385466398,12641.4800976473,0.25035754,9.44481785871104,2.6699009196612815,-1.4585173631432866
ETH,2006,0.861573494229147,16.2148475646973,0.071814738123469,189.345737521418,0.006266912,5.2488420897299655,-2.5032978789440348,-7.74276661024593
FJI,2006,0.422018488754196,50.2294752725468,2.08992941097191,3455.10599907349,-0.08342266,8.14789780048181,0.74190373034152,-4.858360198192102
FIN,2006,0.174141807430991,68.7588279849327,13.2647256083435,41214.0187765069,0.27266595,10.626558002321818,2.5858618971097465,-12.944998449412083
FRA,2006,0.28675547495547,77.3467240068648,6.24021668362979,36431.5658906555,0.25610796,10.503218320974266,1.8326161325281074,-3.03267407632336
GAB,2006,0.489145422097974,84.0852434737431,3.78376980741041,6847.00985685394,-0.064419426,8.831713357197577,1.3333601968757411,21.654558561677355
GMB,2006,0.651954163652558,53.1603285370566,0.214426258180175,614.544307904464,-0.16189893,6.422506929880799,-1.4942080971161558,16.599836098861672
GEO,2006,0.399314251351198,53.3593916521584,1.46419894921769,1996.02013272284,-0.01839143,7.5994114148486425,0.38811475699141756,4.161233464669593
DEU,2006,0.261192727713478,80.1960996098884,10.3846207212787,36980.3349948954,0.3036104,10.51816860474639,2.3412884339948468,-0.34383545109395186
GHA,2006,0.617383269376213,48.1388926229785,0.375018955585641,906.441027564887,0.05995067,6.810628580627919,-0.9544627106189905,7.410728334726599
GRC,2006,0.265851672111977,74.717750055608,9.29067484353055,24416.0232970275,-0.51809627,10.103035844126142,2.2300869613470726,-1.3644663567419286
GTM,2006,0.514670665166805,48.7676356188334,0.892331145358291,2225.1234753878,-0.25233254,7.708016999923253,-0.1027737028357554,-1.5967353753955607
GIN,2006,0.572982912730701,32.6868093037822,0.196659927036593,446.980554135013,0.05265506,6.104749825524288,-1.576680701256123,-0.4615896930058838
GNB,2006,0.838662821470948,38.6871193165452,0.204267213451819,448.513075469701,-0.0035452843,6.108164942408958,-1.5405313818992663,5.502048604903038
GUY,2006,0.529467168817741,27.4604582346121,1.75844504233391,3135.60553528326,-0.08682442,8.050896454438696,0.5701006533161909,-26.585771392847224
HTI,2006,0.712949571001628,43.2846444920296,0.200877507252704,828.805700289589,0.0682737,6.721191577349249,-1.5564778484287547,3.5168597141720497
HND,2006,0.507116808783028,48.7790074235564,1.06403013674585,1425.84780051892,0.018136183,7.263222954829167,0.07141805597776707,3.190859598643513
HUN,2006,0.288525912370742,67.0155868530273,6.02496979060446,11478.4891640501,-0.32035157,9.348317170978452,1.7975708488376223,-0.9624185143186708
ISL,2006,0.221355141736013,92.1949009038813,10.6711391721695,58172.1426656622,0.4369875,10.971179060985486,2.368479491904657,6.790514394197686
IND,2006,0.691847344999571,29.4309857146804,1.10810989189174,801.668353659022,0.17456198,6.687941619493055,0.11163966318664306,-9.979759168324367
IDN,2006,0.457867730590738,47.0017588692457,1.63888306289882,1558.31562847163,-0.026685556,7.352002304289044,0.5000981271143862,0.46029345718439885
IRN,2006,0.451231761891606,68.3101850492144,6.89507643037261,3618.91601364428,0.2852578,8.194206103899926,1.93225685564469,12.725088443447156
IRQ,2006,0.590765899581121,68.5590667282222,2.96556027175217,2276.55435744086,0.09416517,7.730857496002255,1.0904323479057425,17.94943321806157
IRL,2006,0.30727045609137,60.7703677431593,11.1588123430623,54329.1618599624,0.3808856,10.902834818741617,2.4131252818294224,-23.90013449605152
ISR,2006,0.266371009862246,91.6825760364229,9.22039497001574,22527.2619795719,-0.47448984,10.022525887954956,2.2225018395835803,16.464880006633635
ITA,2006,0.322067229223845,67.6812550714834,8.34804384209065,33537.1286994269,-0.086695634,10.420438240720733,2.1232244095360926,-11.809245910618031
JAM,2006,0.483931318346964,52.9707359336549,4.55799550383418,4417.00127135363,0.1519227,8.3934426717468,1.5190744880787457,-4.753774007387463
JPN,2006,0.220070572663542,87.1460898958075,9.82400472413847,35991.546002862,-0.073719054,10.491067140523247,2.285846249377925,6.897171863431225
JOR,2006,0.403949739863114,78.755612573541,3.19629907780335,2342.63459574933,-0.40637028,7.759458249359482,1.1651173367370171,27.838862584750828
KAZ,2006,0.314167668033655,54.4137278108953,13.0524097667892,5030.13494711519,0.38210484,8.523400873251282,2.569738621895559,-4.706280518478792
KEN,2006,0.773271464781891,28.9830768551925,0.270940760689191,699.80237063381,0.0985322,6.552225922370185,-1.26961144792592,-8.970345331639429
KIR,2006,0.588693634476676,43.7349826427011,0.661887479128548,1123.19258990684,0.23608176,7.0248203591095315,-0.39766439425192035,0.7068151364553685
KOR,2006,0.276459571904708,81.566462110512,10.8117127664204,22609.7059431449,0.13621067,10.026178787391627,2.381554557232788,6.309541043613891
KWT,2006,0.338146123009597,100.0,33.802251670696,42946.6374104066,0.1644818,10.667736917992697,3.5208232122749914,17.85399208124943
KGZ,2006,0.376293609647346,35.2997926803498,1.07127259780012,543.113512472219,0.58855623,6.2991578877216785,0.07813867874508937,0.06382911022620164
LAO,2006,0.636379804299619,28.0378756242097,0.28652401395224,579.391947440719,0.14349143,6.36370364675927,-1.2156270724167664,-7.891183892671069
LVA,2006,0.293245449929971,67.873733661714,3.84969596868313,9211.7374468148,0.20943214,9.12834231058224,1.3505884157847834,2.2578305672732597
LBN,2006,0.588651024931118,86.9323508787087,3.39584048951661,4635.2514117486,-0.53041023,8.441661433306013,1.2254917489408428,28.690065196972412
LSO,2006,0.634831072171019,23.3329886243114,0.21305222504361,925.467485502842,-0.674732,6.831378951210896,-1.5003493419202503,-17.617994296166888
LBR,2006,0.73227648503636,46.2322959899902,0.205397808574399,320.55808618515,0.045557182,5.7731781997849705,-1.53526868806091,16.644331532762866
LBY,2006,0.485617961717966,88.1599560242948,9.61121605909892,10048.8480434289,-0.012754838,9.215312793316087,2.2639706661583534,21.610159054111776
LTU,2006,0.306662062815569,66.6381530761719,4.34082416360822,9210.10118229413,0.004896959,9.128164685869182,1.4703652900532058,1.0241573257689538
LUX,2006,0.220186772873929,86.7738936810355,25.2671712117333,90788.8004876145,0.3849047,11.416302228848403,3.2299016647475347,-3.410250136542203
MKD,2006,0.499780950392957,57.8796574341199,4.83751837122741,3440.4411057968,-0.65646774,8.143645588746125,1.578466897962952,2.8374824492548925
MDG,2006,0.7926497702993,26.7586741989468,0.0868890531095146,324.146874882604,0.21900336,5.7842770029591275,-2.3341887374731627,-2.9484698234225846
MWI,2006,0.824831347172321,15.1753987017157,0.286891869131667,440.822149023873,-0.20994537,6.090907423327996,-1.2143872834693126,-17.824359811194192
MYS,2006,0.379678349019146,67.9191992840997,7.10605067191351,6158.40785533236,-0.10014597,8.725735924525923,1.962352890620494,6.6265059322490245
MLI,2006,0.766109582469003,21.2987608960246,0.0811071283852147,586.985415515264,-0.16367324,6.376702144045544,-2.3957192298606964,-14.76987720692259
MRT,2006,0.629365430138281,41.3739934217664,0.560912644425715,1300.60367988659,-0.08702914,7.17135238310319,-0.5605190680250761,-3.2276430995540437
MUS,2006,0.460460098464776,40.9607687547567,2.69231018577046,5784.22491883026,0.24501006,8.663062518531492,0.9941070315318556,-19.65893408134363
MEX,2006,0.430363446571826,76.4982455683657,4.32571227914951,9512.63575346699,0.16161378,9.160481390939479,1.4668859056509622,10.537231243377164
MDA,2006,0.353776433196289,39.2182388305664,2.81572124915002,1183.02481442894,-0.61654,7.076674773356883,1.0387636414461323,-4.3667442569381265
MNG,2006,0.445856803302984,63.8388366340039,4.95386355704029,1329.89179579053,0.26721492,7.193604519666365,1.602184380469896,18.99825543392243
MAR,2006,0.503350246639077,55.9627589629824,1.47482491570521,2438.12646484375,0.087955035,7.799395247976147,0.39529686342167625,4.617163264116435
MOZ,2006,0.631370491873236,30.1740801725307,0.136002702062102,457.487647833183,0.021695614,6.127933350947979,-1.924130150170387,-3.2232648083512956
MMR,2006,0.67993882228294,28.5517581878355,0.218804446194408,303.495087119254,-0.06787523,5.71865495276447,-1.474887586997439,-0.4507326135325833
NAM,2006,0.627357011949838,37.6722151614564,1.27020193906485,4017.1834716928,-0.92064506,8.298585206774593,0.2470178303823677,-19.033710050361435
NPL,2006,0.819802811018757,49.5059100328759,0.102106403341938,340.431796437968,0.4632803,5.833147941459849,-2.1883068288410423,19.27398715757922
NLD,2006,0.209102990156426,84.6532280358545,10.8698765534362,45123.5432406426,0.6047681,10.717181573492931,2.3869148951719024,1.9762806591597126
NZL,2006,0.289147243148729,85.9356841665703,8.67562013095636,26654.5932018985,-0.4311005,10.190754283816899,2.1616687996721073,8.911542275117739
NIC,2006,0.603492161765542,56.1058547675536,0.861159783755055,1248.17371577788,0.053442795,7.130237584343726,-0.13792987032619933,11.945711239681806
NER,2006,0.725740239078757,16.2675724894628,0.0561793776129525,333.345078419447,0.030317465,5.812173628545521,-2.715386380991151,-13.739127048411031
NGA,2006,0.579327041684171,48.424271994461,0.621989926382773,1599.53891556365,0.40202045,7.378095673743282,-0.4588818242300754,1.6026145314326286
NOR,2006,0.215427876057464,78.0877227783203,9.44326328556989,74434.4996835671,1.02847,11.217688253307596,2.246360003120327,-9.96369313475654
OMN,2006,0.423400812692988,72.3920261203777,16.7589405895908,16930.8565071853,-0.06089242,9.736952126952488,2.8195284008873744,0.24083700292848675
PAK,2006,0.633525934070349,34.0931793866356,0.808708952431645,900.873564984808,0.60470027,6.804474338380434,-0.20002662772408022,-6.568900306428418
PAN,2006,0.444124870637886,64.355408255933,2.21959903099948,5528.76705854901,0.06484938,8.617900970401145,0.8018217625781692,4.220652632866326
PNG,2006,0.667810491665472,13.04994211169,0.78804396151589,1238.18282926706,-0.02741448,7.122207432701834,-0.22559159343079588,-31.023973201689827
PRY,2006,0.45906267163588,59.0202286834627,0.747663823025285,2439.43124694576,0.48417792,7.799930043222017,-0.2775154969609917,7.668890323532949
PER,2006,0.542006358022132,75.2766672012397,1.11175872498468,3129.55996496982,-0.015551885,8.048967170079315,0.11489774385545669,21.251154336423923
PHL,2006,0.447952419161226,41.8308558715226,0.792914802989724,1426.14649179546,0.16364384,7.2634322693876685,-0.21950666905807603,-3.759539584749156
POL,2006,0.262116436716447,61.4199688499096,8.67173342720891,9068.85528307627,-0.025455454,9.112711587422494,2.1612212123296466,-4.028090670786902
PRT,2006,0.303842427838732,59.0340947058419,5.98192142241307,19839.4540499032,0.3593903,9.895478266156791,1.7904121323794446,-14.819356902216093
QAT,2006,0.345605325250138,97.5827378795062,50.3550976479985,62582.4453138755,0.29804787,11.044256070259609,3.919298428199446,11.393646384022787
ROU,2006,0.390569517818873,53.2566380678272,5.22993560368712,5757.53127301178,-0.47155944,8.658437733850798,1.6563092088847489,-7.313403573415286
RUS,2006,0.349234655891708,73.2439193725586,12.4166473767424,6920.19970703125,-0.70520926,8.842344401653309,2.519843148847303,10.699077714458276
RWA,2006,0.793219492056344,16.9110139245047,0.0800710079075228,356.995022901154,-0.05500539,5.880519083793317,-2.407156942980163,-13.82958290914549
VCT,2006,0.463529601599613,45.5853616874371,0.652596996803971,5744.8278621257,0.13411792,8.65622928122862,-0.41158832156855246,-14.960965466845131
WSM,2006,0.546998390452509,20.9567957063672,1.16510130041714,2663.29135939532,-0.0635136,7.887693394822299,0.16135435700095496,-31.33695039924501
STP,2006,0.725293367631796,60.9734167306206,0.574747340586097,861.970707697664,0.01164341,6.760380748094468,-0.5365754214784308,20.784816459920734
SAU,2006,0.401110496804584,81.2008588083072,17.0903135744837,17563.6145370639,0.031421024,9.773641619515432,2.8390968010295863,8.655695881220964
SEN,2006,0.629477314876885,42.2046413043069,0.488187313947173,1017.20196747987,-0.092889786,6.925793573778164,-0.6967791402535093,0.2398289209529736
SYC,2006,0.457940540342828,42.7880431397027,12.4054373522459,12782.9938926475,-0.03083261,9.45594919027186,2.518940646067872,-26.345720830932827
SLE,2006,0.692169428019009,37.1703805343647,0.126518677506451,580.26796974773,0.08645026,6.365211872118706,-1.9912938421686137,1.225125609776164
SVK,2006,0.393870256147292,55.2464278407442,7.86450312987735,13167.8954730379,-0.28285062,9.485612924328723,2.063630088102398,-14.20586695433358
SVN,2006,0.307511637574768,50.5672552816963,8.94159456426631,19563.005059144,-0.21882157,9.881446680253775,2.191831680022688,-23.13552437732951
SLB,2006,0.696856155287922,18.0540134013038,0.609852846047755,1255.62447417684,-0.13462083,7.136184416284705,-0.478273174198068,-26.169987538360743
SOM,2006,0.895731500229078,35.9982083823331,0.0710126971868804,457.996662206659,-0.0354778,6.129042938153187,-2.513149381200956,2.5889485923920645
ZAF,2006,0.478577235944603,60.5276465215157,8.81243167639557,6077.38293388876,-0.4715302,8.712493974764369,2.1772975322919708,-0.6228540380626129
ESP,2006,0.304117687672259,77.4968648783202,8.07106843546116,28421.686527407,0.5147311,10.254942926648875,2.0895240959026387,-0.21653822623198948
LKA,2006,0.493799807761906,15.4829275281105,0.648296656351918,1388.89739119932,-0.030255636,7.236985204118896,-0.41809960373749266,-29.823477871886098
SDN,2006,0.738082268732981,32.4702930558327,0.415110634748496,1132.474609375,0.022210917,7.033043069498195,-0.8554058268790411,-10.64617037142655
SUR,2006,0.475958664759775,66.6967982269052,2.91696904934695,5002.65798695759,-0.1483434,8.517924521320838,1.0739674334642106,7.635595268830492
SWZ,2006,0.631808499963979,22.1505527018245,0.921123975965387,2964.95865200682,-0.29764757,7.9949555819421825,-0.07136284626840697,-31.294980728649794
SWE,2006,0.252023286041373,84.4553200620359,6.06777926998554,46531.3762240485,0.6556155,10.747903612179663,1.8046393776103307,1.4484777269831284
CHE,2006,0.191742176230526,73.5115823179813,6.22760703127526,59011.0324592016,0.17887877,10.985496642081392,1.8305966202531045,-12.046547173005862
SYR,2006,0.453837971572799,54.059770380523,3.13534302706388,1718.78347217338,-0.3762661,7.449953673611614,1.1459229548131842,6.466497722423291
TJK,2006,0.477367777980091,26.5321180842215,0.494462255117416,401.018403316427,0.7354587,5.9964978669652735,-0.6842622584047726,-5.453865366998649
TZA,2006,0.822383750753052,25.3741033202009,0.163876810024256,475.746734619141,-0.010696411,6.166985395205139,-1.7494082188760716,-8.442584681675793
THA,2006,0.475456759238749,39.4424037014582,3.49792985897197,3331.32043511773,0.090138435,8.111424167665712,1.2550260797182433,-15.253775873598649
TLS,2006,0.766498868506386,27.121697883382,0.349069268080897,464.667016791076,-0.3882041,6.143470822466328,-1.0242399618052458,-6.442489329937768
TGO,2006,0.574195690696593,35.795057579151,0.203255278780994,552.50227125256,0.03631894,6.316265855577599,-1.5452653389612994,0.375387699658809
TTO,2006,0.385459496221966,55.1782455797922,29.7041320734947,14152.6607422113,0.09241787,9.557728579308712,3.3916227600290934,-15.04843112526138
TUN,2006,0.376826510041384,65.5209809651521,2.34264831956205,3322.56933570096,0.14318769,8.108794585517959,0.855541638125282,10.853037989299416
TUR,2006,0.425322580024257,64.2873893939536,3.91176721812036,7990.08251407245,-0.15849271,8.986081513196817,1.3665423731622097,0.19909064595574932
TKM,2006,0.320678474978315,46.8060040482349,10.6776333492322,1996.59310717308,0.4798027,7.599698288405485,2.3690873113061817,-2.395234603446198
UGA,2006,0.813106814147603,14.5851520274647,0.0895533698457974,346.518255310647,-0.102110066,5.850817196893072,-2.3070613982583437,-15.83650429439121
UKR,2006,0.336788476572288,68.0293347798948,7.53783934894648,2366.494140625,-0.6110847,7.769587350136368,2.021261343356438,17.00381794418187
ARE,2006,0.348817697781743,82.5588968646829,25.3932243317163,44342.6048322482,0.22333796,10.699723779645723,3.2348761081615676,0.0694122482877475
GBR,2006,0.221261890046222,80.5464353583991,9.20229684969568,44695.161023424,0.51555115,10.707642893768615,2.2205392056789015,-2.0280851454396753
USA,2006,0.216218890031294,80.3713066436159,19.4048177077015,46302.0008800056,0.37390947,10.742962051797015,2.966036573889049,-2.5824729414911474
URY,2006,0.389944920352981,92.4845482788191,1.97248462231107,6001.33294783172,0.39361095,8.699903497276102,0.6843509177810548,31.469244966046325
UZB,2006,0.324205142963532,51.4638817209862,5.03472727468172,649.118167003925,0.20443924,6.477154141757557,1.6183435938075323,14.316584485417948
VUT,2006,0.616452789073377,23.2888338847199,0.371891831810414,2034.79289624351,-0.15209675,7.6186406515944824,-0.9626178732736805,-26.11580891533677
VEN,2006,0.479937641061698,88.6870816028803,5.83970371595838,6739.38065342218,0.09245428,8.81587167908047,1.7663910131164489,26.426505510611747
VNM,2006,0.464195112131506,28.0458290558422,1.25547815833719,807.756645117054,0.08895302,6.6954980623093965,0.23545004153935278,-11.446057329966155
YEM,2006,0.682899151238586,29.2379493450977,0.974638708108025,809.713127624703,0.26450172,6.697914264812727,-0.015480498894306756,-10.279882357437469
ZMB,2006,0.787671267149736,37.8392213204204,0.198597590529511,1051.71714895686,-0.3097113,6.959129861574729,-1.5673482871556597,-4.483557973482569
ZWE,2006,0.702488326025114,32.6640794641194,0.848775110404865,431.034994414964,-0.26145992,6.068506590553529,-0.15224819522694633,-0.09513766185093431
AFG,2007,0.76459377467955,20.5906579215423,0.0796685368947688,376.223152003876,0.026847005,5.932836927464993,-2.4116353307034464,-10.711730824273573
ALB,2007,0.428509103048767,48.2022815728384,1.42962144661125,3743.05529896187,0.27668035,8.227924607510275,0.3643801947300322,-7.744886198122487
DZA,2007,0.433104567596175,65.1690763324461,3.18566716670446,4167.45169937531,0.0017439524,8.335299950731915,1.1617958819004395,8.06890616011541
AGO,2007,0.536460688243561,57.7564632930133,0.820841250748789,3515.05678986535,-0.14426534,8.165095410513464,-0.1853165363726508,2.4839589302421743
ATG,2007,0.450607643385208,27.7201265838981,2.62655439146186,18204.5124043068,0.14346631,9.80947970656371,0.9694729099526638,-45.20986771310394
ARG,2007,0.430716536480511,90.4796632279031,4.32534235715168,7185.25155147027,-0.5987323,8.879924972831757,1.4668005822356291,27.531279308483462
ARM,2007,0.477398839107057,64.4257647857723,1.65871789920834,2962.70234594569,-0.44417286,7.994194558277995,0.5120556065519409,10.988403269687112
AUS,2007,0.215320969874388,85.8968519574969,19.2389222350972,41128.2476618402,0.10473641,10.624474769344074,2.9574550713792602,4.215395394613168
AUT,2007,0.22329286861527,67.0211044863084,9.09435455688135,46622.9622913635,0.57369035,10.749869900212936,2.208752821801527,-16.006851958894117
AZE,2007,0.360318991167746,52.8281555175781,3.37022362579096,3851.33015175141,-0.047985137,8.256433478422611,1.2179418687829688,-3.425142093214035
BHS,2007,0.454350551256558,82.1964954293015,3.71829487114175,30051.8489587756,0.07442459,10.310712742749814,1.3159509900317008,3.884232940844001
BHR,2007,0.374835521827537,94.460505558445,24.8744581663532,20908.4042548073,0.16895454,9.947954301094152,3.214243438569481,20.04356337162119
BGD,2007,0.722457872822714,26.415303779311,0.312314517812567,537.955492792911,-0.100289665,6.289632993831535,-1.1322274467676214,-8.718380951009888
BLR,2007,0.268708838683343,73.0913467407227,6.38627760224321,4735.48107556066,0.5337643,8.46304974985963,1.8557161965068971,14.619392127482513
BEL,2007,0.258079948813767,84.1454309580577,10.6264716677489,44319.165448813,0.47951952,10.699195054465033,2.364288818744711,1.6616238220291706
BLZ,2007,0.468139542096789,46.0812472097226,0.568726781492739,5762.21023302938,-0.0032723744,8.659249930561227,-0.5469247927575338,-14.497515844922745
BEN,2007,0.682241533646751,41.2857782552618,0.49124583746046,912.338247188342,-0.02032105,6.817106290832754,-0.6906586047141233,0.48805595492387255
BTN,2007,0.782166637472229,32.1738216649326,0.850670678606214,1850.41570433398,0.26190436,7.523705871007193,-0.1500433348220516,-16.211406186529068
BOL,2007,0.529846694915542,65.1067327824433,1.23849365473324,1354.54905949929,-0.0052466393,7.211961861200991,0.22193774841259317,20.069029429015153
BIH,2007,0.387369605282041,44.7926078011574,4.91480591136147,3931.48948737505,0.6345648,8.277027961661231,1.5942848649868875,-11.681834514896195
BWA,2007,0.586502931625125,60.7822308289942,2.3141992914403,5529.12574632532,-0.14246996,8.617965833195525,0.8433755889448308,0.6467787056376508
BRA,2007,0.442267110052194,83.5382571292649,2.08496718576573,7409.69003822861,0.13671398,8.91067883652246,0.7395378901324497,20.259636512826425
BRN,2007,0.365916310450239,74.4344860960786,22.0679316100121,36217.3290706015,-0.15499003,10.497320597590303,3.094578539938137,-5.881581905730556
BGR,2007,0.388587227275412,70.6844177246094,7.63903485834564,5888.57081403932,0.8192931,8.680938407104348,2.0345794775715516,9.872762603815765
BFA,2007,0.774530651550466,22.9741760828193,0.110310889211461,514.684451177238,0.04759566,6.2454950496953225,-2.117676142961931,-11.685552951029155
BDI,2007,0.811055982516838,9.77289185737152,0.0456757847523743,166.162744906755,-0.103860855,5.118967858279753,-2.888209970700067,-12.79012560434815
KHM,2007,0.703434332436985,19.4035705019128,0.267119017293309,731.692295125426,-0.20969899,6.596725825381715,-1.2833081997557045,-19.02769411590543
CMR,2007,0.578451321377086,49.7027028593758,0.373237607574027,1325.67248215933,-0.024380365,7.190429193137949,-0.9591000968501285,4.896218491980022
CAN,2007,0.257187079248557,80.4425615136782,18.0804998989628,44660.0838892281,-0.24715512,10.706857794898749,2.895386933020019,-2.1235285548752643
CPV,2007,0.53013195829234,59.287606518789,1.50950240835164,3324.57675212498,-0.13464849,8.10939839733334,0.41838291833669256,4.613179778114507
CAF,2007,0.748128617753649,38.2343339436079,0.0600972042027709,380.887048839475,-0.09143146,5.945124881217245,-2.657872368721663,6.79999646767228
TCD,2007,0.723733362578964,21.7709046834576,0.0512558587792804,980.483531485103,0.12535794,6.889065234650738,-2.792695780592537,-19.79951675369154
CHL,2007,0.355419837720339,86.8445071581285,4.06392771027535,10346.4138184533,-0.50213146,9.244491894856944,1.4046075734830583,19.981383374386652
CHN,2007,0.485400903346106,45.8892440795898,5.7076324565497,2734.72709877693,0.5361271,7.914152529168542,1.7435548135112875,-6.688621680722015
COL,2007,0.487583180122113,76.3144038775849,1.41654840316635,4769.926147194,0.06693777,8.470295725872928,0.3552578225127598,17.764641571321974
COM,2007,0.556589040931146,28.2493321448949,0.17360238731649,1289.73631056361,0.15655994,7.162968117903485,-1.6949827980671563,-16.26227367087496
COG,2007,0.667934151401966,61.8502563370293,1.07141690721857,2206.47101863414,0.033228397,7.699602803800378,0.07827213240852944,11.576237448266916
COD,2007,0.779982917518669,38.201781337298,0.0451232624374833,294.101615124419,-0.071455,5.687319755076644,-2.8981834661203716,9.535769629709229
CRI,2007,0.452451974962131,67.4686406496983,1.76101901079574,6137.71199925542,0.036104042,8.722370227027705,0.5715550932409591,6.2120883445841955
CIV,2007,0.640251886092705,45.930317338965,0.296468595840396,1367.53817722326,0.22576268,7.221498425222241,-1.1826399894086694,0.7902098312179078
HRV,2007,0.330072749074459,55.4077128728613,5.68549100892136,13755.8321073292,0.60259366,9.529290860223494,1.7396748107280804,-14.513598024633886
CUB,2007,0.30393595696394,76.2356834650585,2.44623324395833,4807.43888960684,0.007850965,8.478127755245085,0.8986289748140303,17.601820392243845
CYP,2007,0.356042757626347,68.0604154001212,7.74568058214957,31244.87890625,0.048714798,10.349642771468275,2.0484255532097047,-10.669879899697179
CZE,2007,0.241016573733678,73.5219493596925,12.8496660008304,18452.6532812196,0.65433645,9.823017639689516,2.5540957465305483,0.44658398460768467
DNK,2007,0.221328599259423,86.4251464366349,9.86357439194586,58631.6566433635,0.642385,10.979047100945406,2.2898619349929312,0.9362724767073729
DJI,2007,0.846495245498423,70.8118125191918,0.857834168831644,969.573220191902,-0.01869885,6.877886845607479,-0.14175463230724095,29.36142524466898
DOM,2007,0.438715437761213,71.0193434994977,2.19492921592553,4649.64558875814,0.11547232,8.444761325236609,0.7906954067624663,12.74377100597831
ECU,2007,0.523129143825476,62.3887552077227,2.20911448593679,3478.92488770671,0.0126791,8.154765988543257,0.7971082361016634,7.227168751978212
EGY,2007,0.49576045842153,42.9729666344509,2.39637572755543,1547.74170735909,-0.0020917256,7.345198078520036,0.8781217681015983,-3.4954346232548232
SLV,2007,0.481865592563455,62.7676878093683,1.29431410969772,2830.65693770733,-0.27583107,7.948617309660625,0.2656773161671605,9.819737321243053
GNQ,2007,0.566041500358266,45.8574549546013,6.88812444259124,12616.9532942011,-0.027149042,9.442875943402356,1.9312495547391717,-23.135927764789933
ERI,2007,0.764642070081778,35.3820953369141,0.1932399200648,480.44762365456,-0.45577368,6.176797447864702,-1.5933681255611507,1.4600449684139036
EST,2007,0.251571937989243,67.6097866365576,17.1806098397828,16745.4308011148,0.47661677,9.72594042804645,2.8443632951926396,-4.423158246220183
ETH,2007,0.858618774944066,16.0948330261902,0.0764266442296692,237.146255996319,0.10326195,5.472885005923706,-2.4484592684243336,-10.268566430836401
FJI,2007,0.414201506938059,50.6494569776975,1.92029243778346,3762.74692789299,0.56138676,8.233170263559938,0.6576715136060659,-5.354038939377318
FIN,2007,0.167689380190211,69.0200377316963,12.8705811614152,48473.0240091455,0.43501008,10.78878334600709,2.555720840886164,-14.425773456504515
FRA,2007,0.286379760554519,77.2457976606157,6.09003030294036,41486.1907828787,-0.032744486,10.633140002740525,1.8082937388620677,-4.528706659926101
GAB,2007,0.490278511021572,84.6900183387136,3.3257145280571,8003.54289696049,0.04787922,8.987764521609353,1.204686907710541,20.583647352872703
GMB,2007,0.650001012774869,53.9196109423854,0.219337242478369,724.726407242432,-0.14600134,6.587173094270837,-1.4725616841716167,15.590924081992782
GEO,2007,0.405700813707193,53.7706073945741,1.70871244130422,2635.36650276116,-0.09694334,7.8771569234238825,0.5415754298618886,1.5900025042524604
DEU,2007,0.259891629968897,80.2198636634402,10.0478127320359,42350.9217211489,0.62923056,10.65376907617345,2.3083497187691133,-1.7761567937913867
GHA,2007,0.594663525836544,48.8125122665918,0.385855356837638,1050.12461524926,0.06550471,6.9576159321159015,-0.9267063949625404,6.505989631332795
GRC,2007,0.263362416668656,75.1753473512439,9.59465620271688,28440.7625328955,0.41294435,10.255613855727388,2.2622480020054097,-2.545260227030681
GTM,2007,0.510465049944368,49.4565105053665,0.930212627563353,2458.81573919384,-0.058595974,7.807841723354325,-0.06164922976186321,-1.9797839154029404
GIN,2007,0.566153906433904,32.9740386596386,0.200760048274315,650.148575304743,0.02465407,6.478737842443482,-1.557035004592326,-4.190264441886725
GNB,2007,0.837515045806061,39.0030975009025,0.211787019309628,519.069789794741,0.029223919,6.253963013713696,-1.5060377300813335,4.252438998938224
GUY,2007,0.557493131632405,27.1458953350755,2.12324323752974,3608.28685240188,-0.20915096,8.191265484000674,0.7576434683977687,-28.407624730830484
HTI,2007,0.71163208361515,43.9866171992907,0.232981013295643,984.566983448521,0.12500508,6.893217093281994,-1.4147719732800856,2.3716128734787105
HND,2007,0.507936997317118,49.3994250214704,1.10621869255595,1577.73789197407,-0.047143143,7.3643810042601965,0.10994680583289623,2.7250364413488697
HUN,2007,0.28892939074946,67.0041656494141,5.88170186698595,13934.605460375,0.8535612,9.542202387868835,1.7735448976911825,-3.0557899493110625
ISL,2007,0.219489542355727,92.3614571703229,11.1536560471939,70483.0117228535,0.2234115,11.163141179007964,2.4126635060982387,4.895770771752495
IND,2007,0.687991361132025,29.7810426848684,1.18862350046436,1021.88707706826,0.052126724,6.930384375761356,0.18117381544440145,-12.2330659852495
IDN,2007,0.458158919449837,47.7432993585496,1.69488500402322,1823.21976255073,-0.0217522,7.508907647231247,0.5334976621401827,-0.4830243438053827
IRN,2007,0.450996270531778,68.806189933608,7.21864993317663,4687.99166260718,-0.20797618,8.452972841013187,1.9780522875000113,10.442441727441647
IRQ,2007,0.599318391726457,68.716475540845,2.76243609599133,3128.99010329066,0.10155872,8.048785121641233,1.0197263907400764,14.692917522272097
IRL,2007,0.295684552791192,61.0601979374234,10.6718615521641,61396.417461176,0.58351046,11.02512305235775,2.368547120980197,-24.923442148784822
ISR,2007,0.265205582738543,91.713639843393,9.38933998133731,25721.2594077311,-0.10425695,10.155112020828094,2.240639472059437,15.072226552225487
ITA,2007,0.320823800491246,67.7857771296669,8.17482777618523,37826.1754554823,0.28594574,10.540783050696886,2.102282169207129,-12.996993108407736
JAM,2007,0.485696582597697,53.1703742191887,4.50876999041934,4716.48612542727,0.010866165,8.459031336152481,1.5082398307977174,-5.258430444397995
JPN,2007,0.219776034707486,88.2701404492656,10.0916024093562,35779.0245416427,0.31618783,10.485145042966407,2.31269406565464,8.084814229490917
JOR,2007,0.3927777942122,79.3358270749644,3.12567606145218,2506.20599484139,-0.097572245,7.826924262649229,1.1428448004218767,27.694623287005868
KAZ,2007,0.311061397504255,54.2346203341799,13.5081878112695,6449.43931096532,0.7301766,8.771903517697604,2.6040360240029767,-7.553823198254918
KEN,2007,0.7713993037573,30.4153861196239,0.262922185302275,840.201439476765,0.09351841,6.734831155045299,-1.298568559950325,-9.498861201359151
KIR,2007,0.604313652206107,44.6212141757087,0.603519222479132,1352.57814048911,-0.49044767,7.210506839555713,-0.48854368283770017,-0.40086507445034414
KOR,2007,0.274205830804664,81.712125801927,11.1126206303646,25078.4853957105,0.43172768,10.129805476024009,2.408980929255304,5.3424555949166574
KWT,2007,0.334479477860801,100.0,31.1914372537519,45709.4132876371,-0.037555933,10.730081412799619,3.4404641595798204,17.184533432105113
KGZ,2007,0.386222204219582,35.2954926466692,1.27961415120573,721.771577544361,0.5899001,6.583093235233738,0.2543430660395255,-2.989384460702965
LAO,2007,0.607263553366813,28.7343050001346,0.298205023714399,697.323013673925,-0.031451702,6.548681766023701,-1.1769900560524627,-9.181059838932757
LVA,2007,0.290299303994203,67.8558853865191,4.05135604967448,13370.9789452508,0.45914853,9.500916672998725,1.4015169202301392,-1.7607419120650718
LBN,2007,0.566546462544637,87.1024862269079,3.08582491177961,5125.25809960149,-0.13315256,8.542131256729697,1.1300544010855353,27.78134999906822
LSO,2007,0.61752390908574,24.2187949905661,0.274309516154465,861.188420899563,-0.040645916,6.759473832507664,-1.2576917886572085,-15.960066770173757
LBR,2007,0.777029776784437,46.6104850769043,0.182417792071517,374.211308104278,0.08439382,5.9274893555485795,-1.648086270641839,15.365518855442037
LBY,2007,0.486129258423758,88.1560287475586,8.80448137239163,11144.9448413435,0.20772736,9.318831019377196,2.1763959794498775,20.494647314379932
LTU,2007,0.305264887744219,66.7184982299805,4.81800789405111,12295.1212779366,0.40348673,9.417039148372181,1.574433938290102,-1.9974475488647272
LUX,2007,0.220053392034865,87.1831946460401,23.6288862545912,107475.320297978,0.4273208,11.58502582598759,3.162893078678108,-4.812712532029693
MKD,2007,0.487455348084967,57.9111032054655,5.2251891516254,4204.11328760452,0.6229513,8.344056513210496,1.6554029757853956,0.716904578718534
MDG,2007,0.745042326707398,27.0400195163682,0.0887561893464716,419.548001431865,0.030670485,6.041558626124808,-2.3151012002387277,-5.42982887031712
MWI,2007,0.818194890505495,15.2477960727861,0.300478560389937,475.180261659331,-0.20049445,6.16579648350729,-1.1696404286562214,-18.55612532922224
MYS,2007,0.379080473521671,68.7649673902807,7.58861945429411,7168.93031942508,-0.11808157,8.877651215195687,2.0279665800410145,5.840999206688885
MLI,2007,0.757583853419566,21.7398043631622,0.0935206143407267,670.853394973479,-0.017693996,6.51004015448046,-2.2679845137347265,-15.76062470419648
MRT,2007,0.637060946363146,42.4406001164139,0.608071168380558,1405.15016203368,-0.19478257,7.248610867545242,-0.4811516689629156,-2.9906423033855205
MUS,2007,0.469791389879085,40.7846600109183,2.75428958640885,6677.34962448608,-0.042177677,8.806626173803116,1.0167836711875557,-21.376637331994708
MEX,2007,0.426288256660338,76.5047326234761,4.32899168517287,10134.3327138119,-0.17936222,9.22378288654775,1.4676419905140479,9.86398332156665
MDA,2007,0.346651857479653,39.4315032958984,2.79219385317951,1531.21618590748,1.2618426,7.334470453861592,1.0304026293830748,-6.921704132189966
MNG,2007,0.431637589430079,65.2590695004873,5.07731037530988,1627.68787743359,1.447104,7.395529986458299,1.6267492774077075,18.250201418861387
MAR,2007,0.505204226422709,56.5303841299064,1.47563680503993,2755.5859375,-0.19562165,7.921748213854306,0.3958435052782382,3.870955485416829
MOZ,2007,0.627663547803436,30.3598131347122,0.152388933763661,507.874923914304,0.008127849,6.232202257305675,-1.8177609954256988,-4.157177155898548
MMR,2007,0.653004999864591,28.7079107938945,0.226987849132935,419.375780725042,-0.28321615,6.041149027269633,-1.4397464086426175,-3.7575392975263213
NAM,2007,0.600288468352473,38.763436210037,1.28732785098583,4379.04313682732,0.16656978,8.384813851912707,0.2603066497879044,-18.868416984203066
NPL,2007,0.7476803151781,53.3827400058951,0.104220125567352,385.449767660642,0.15154304,5.957001892338162,-2.1696277663995702,21.820866524647297
NLD,2007,0.209104891849333,85.4089231499726,10.9184543529559,52100.7996285947,0.680974,10.860954768960541,2.3913698789183733,1.1881312121984138
NZL,2007,0.285214908758656,85.9291840664852,8.30766134760169,32479.9817381467,0.03029271,10.388410019746981,2.11838112729183,6.782603900712246
NIC,2007,0.602552733397239,56.2816618351146,0.880041140622672,1350.38145753377,0.050552685,7.208882650092884,-0.11648759190558065,11.277023221648605
NER,2007,0.739265263061957,16.2641887037781,0.0588032243486555,387.168065883301,-0.031566303,5.961438405329826,-2.67650466960821,-15.345324300470235
NGA,2007,0.579010179574215,49.2357987173198,0.550572897626193,1815.52697545827,-0.046630066,7.504681701789512,-0.5787959867176715,1.0548534519149158
NOR,2007,0.213952725700031,78.4072502632828,9.5358549616035,85502.2677087731,0.4365127,11.356309873010591,2.256107024837807,-11.132692304087513
OMN,2007,0.420737976207287,73.0679250158092,17.7305116307301,18792.653772482,0.2220416,9.841274526536541,2.8758508169802157,-0.20348382460551306
PAK,2007,0.637081136071953,34.2683067336065,0.877889118869624,998.090114197524,0.1640516,6.906844978982307,-0.11890840992420304,-7.493034586031158
PAN,2007,0.439880402813037,64.6019807394311,2.17542451032585,6317.8173051466,0.05915578,8.751287334367301,0.7818100935788711,3.0349149290479076
PNG,2007,0.667480867992948,13.0324481284965,0.758816344730873,1370.753415829,0.054929417,7.223845066061007,-0.26290316149627996,-32.13285773895842
PRY,2007,0.454865298483168,59.1328545601355,0.703512941896821,3211.93621659546,-0.1139342,8.074940507252288,-0.33755470362173023,4.828438557657947
PER,2007,0.514323841888069,75.7615250588738,1.20481100024924,3581.0893081917,-0.124509655,8.183701514803342,0.19458850934210373,20.289227314468647
PHL,2007,0.433741620751396,42.3470499959497,0.845028213173854,1712.65543282793,0.15275319,7.4463840479260694,-0.15662081272563763,-5.207891823207504
POL,2007,0.260410483977786,61.2756005207604,8.66464448581028,11272.5293683383,0.6121189,9.330212722900416,2.160404343530368,-6.5079982772267115
PRT,2007,0.298105804092077,59.7481128966109,5.8179179972539,22811.0564844365,-0.42547345,10.035044468357727,1.762659817755914,-15.604008345085184
QAT,2007,0.345605325514101,97.8663125111735,46.4568362437376,65954.3419525051,0.39940023,11.09673315490312,3.8387388590864666,11.113719165121282
ROU,2007,0.385567811189531,53.4472789126416,5.12802242514982,8360.33775916596,0.91473705,9.031373712316057,1.6366682632460574,-11.127369985967725
RUS,2007,0.348316420811934,73.3856048583984,12.4578591772281,9101.2392578125,1.0426636,9.11627573452121,2.5231540671050277,7.899273328129155
RWA,2007,0.789706686809119,16.9140836058266,0.0709743199245482,426.234183487629,-0.22580941,6.057332301971975,-2.5136232125454008,-15.725143388503032
VCT,2007,0.485476940171471,45.7034351404912,0.701150352816706,6398.19123532172,0.118363224,8.763926891881486,-0.3408714048446619,-15.999354940742734
WSM,2007,0.553685569205291,20.6944481303605,1.2614369043141,3038.61904093377,0.076236404,8.019487471065315,0.24014768161621394,-33.014510088528425
STP,2007,0.722791815729168,62.4779478773056,0.57631113730112,878.885791918745,0.16629887,6.779792117139334,-0.5339046792839448,22.080907247291513
SAU,2007,0.401039314459325,81.4230015549063,17.3405924711443,18596.1502627898,0.09605638,9.830763636285218,2.853626654002587,8.264459238003383
SEN,2007,0.627889729200985,42.524343609533,0.528404267538825,1188.93877808175,0.04571581,7.081657137792007,-0.619145574347919,-1.1141403840998478
SYC,2007,0.456311476480222,42.7361330057413,10.2019216069056,12669.3026687222,0.21692085,9.4470161616425,2.3235558227835367,-26.301707607146277
SLE,2007,0.664242808551129,37.5122859420526,0.11604786069804,631.889926264998,0.059764225,6.450296514866781,-2.071093597344354,0.6533873962677035
SVK,2007,0.390203655036923,55.0707354484001,7.69077341625141,16110.4817265237,0.6863257,9.687287447517175,2.041320767484525,-16.547151581865307
SVN,2007,0.30246074751089,50.4707127083144,8.88722287354283,23725.1596001515,0.5507539,10.074333499002416,2.1857391913639383,-25.3032963273728
SLB,2007,0.678139329648415,18.5333445288467,0.647198074200849,1390.14870956707,0.12190851,7.23788509459669,-0.4197698231324334,-26.782723945099047
SOM,2007,0.895915773414465,36.5641925012053,0.0697367437921845,479.635628065289,0.28745174,6.175109453025123,-2.5290247731751716,2.6602679150787836
ZAF,2007,0.481592884919601,61.1840533154988,9.10281000552084,6591.85535960564,-0.058891773,8.793741820393297,2.209681116566359,-0.8388911246350972
ESP,2007,0.30371361414259,77.7738937890987,8.21432370534791,32652.015594702,-0.44304284,10.393692491686155,2.1070960689970244,-1.4294098538552618
LKA,2007,0.479228218487874,15.8544279853018,0.689226252766555,1578.63451125392,-0.110628925,7.364948777270764,-0.3577809084827552,-30.826057372953105
SDN,2007,0.72104911668889,32.4759528252296,0.439520225392796,1444.37219238281,-0.15724118,7.276122139963669,-0.7995744307706051,-13.250707166346125
SUR,2007,0.443185246645286,66.6433180134835,2.66432649863658,5530.17615638309,-0.24984853,8.6181557584087,0.9836975724363942,6.50582646263549
SWZ,2007,0.607660145378065,22.139989967508,0.946543749226418,3109.11097608864,-0.05589978,8.042413688166421,-0.044428752280680994,-31.815151244410686
SWE,2007,0.250581405692846,84.5906875454778,5.77642857111625,53568.3057787832,0.3369461,10.888731529649412,1.7555152741731666,0.07162720812856094
CHE,2007,0.190357774711242,73.5283795081459,5.90856955335217,64989.1553256031,0.33552536,11.081991080877893,1.7780947901974804,-13.065912627942566
SYR,2007,0.448120939713031,54.2883969431774,3.11350367803296,1937.61138578027,-0.1534632,7.569727215238553,1.1389553454865586,5.408989340378476
TJK,2007,0.463199861385444,26.5315339938424,0.562973514266569,516.997210618914,0.61475796,6.249969857339413,-0.5569157862561824,-8.176245773112015
TZA,2007,0.816932954991444,26.0720614791471,0.150653381572792,543.198303222656,0.041190624,6.299313708414583,-1.828506144324704,-9.16557530223442
THA,2007,0.474052845742656,40.7036878697821,3.54477665878806,3918.52817434581,-0.010595004,8.273726561852925,1.2682922367494691,-15.735303831701621
TLS,2007,0.770247720171892,28.0011655196859,0.311775728463542,540.154630518785,-0.042022545,6.2937050615164924,-1.13390047155821,-7.176245299683234
TGO,2007,0.573600795069605,36.2392154091353,0.196805478169927,607.587886721352,-0.01579523,6.411141333750748,-1.5759766465153222,-0.19923262633395922
TTO,2007,0.384919481572702,54.9393004563973,30.2514295711747,16606.675360681,0.03328721,9.717620238609406,3.409873950178029,-17.004301769929448
TUN,2007,0.375402501648969,65.8000030517578,2.39258887104803,3726.91672935667,0.09282931,8.22360483901006,0.8765468522491379,9.899221194961846
TUR,2007,0.420882462826945,65.3389618154687,4.28079364507414,9766.91734545294,0.08746815,9.186858553987022,1.4564717146815291,-0.9052919518596099
TKM,2007,0.3223440558385,46.8369760333063,11.591660332499,2414.96071986964,0.18006878,7.789852300590435,2.4511482199818784,-4.406146966318467
UGA,2007,0.798385339453977,15.494298100139,0.104854649192353,401.389130865581,-0.13785124,5.997419607649313,-2.1640878701060235,-16.501583053758978
UKR,2007,0.33627003418998,68.2102322372037,7.81301613219001,3160.32763671875,1.0130265,8.058747356549752,2.0570701748496107,14.079699186673764
ARE,2007,0.347920900216797,82.758608500318,24.382755503246,45854.7325158162,0.26749325,10.73325549747708,3.1942861826092885,-0.09094156519802254
GBR,2007,0.222850753851561,80.6483331957387,8.97579081257711,50629.0799172887,0.38396522,10.832301143419922,2.1956445311178334,-3.2647745189630655
USA,2007,0.215791953313686,80.5153172872016,19.4956606869752,48050.2237771135,0.27230588,10.780022882900617,2.9707047150829893,-2.8364235614239135
URY,2007,0.386131030996901,92.9603688038713,1.85654505268799,7222.05403645877,-0.35754037,8.885033139188414,0.6240891566048983,29.957133110300276
UZB,2007,0.322142586366272,51.7087010288873,4.85281286665302,824.028192334768,0.4597734,6.715417558277805,1.5816170496310633,12.002917988627814
VUT,2007,0.557458557142183,23.5955155378332,0.592020824671451,2333.70506748914,0.36636305,7.755640852698798,-0.5074632417941286,-27.28024303351708
VEN,2007,0.480128729522349,88.7282308562487,5.64100518337439,8331.62096991844,0.17815669,9.02793332791851,1.7318334378963371,24.19052499645062
VNM,2007,0.456537046263308,28.6456370509099,1.36684666856981,925.640338348717,-0.08301035,6.8315655057590465,0.319795861745291,-12.307349102671541
YEM,2007,0.678331984945659,29.6091538946366,1.00023924584184,890.305768114988,0.27794728,6.7926875426909445,0.01018717987335315,-10.926358531430338
ZMB,2007,0.786104526483742,38.4034874343601,0.174189032545343,1118.73162626953,-0.16559267,7.020844316173619,-1.6917926979469058,-4.5819851019278275
ZWE,2007,0.702729588239712,32.67762208489,0.825339903958573,413.521244592925,-0.1772302,6.027124226803367,-0.17991656635297454,0.36277108010452963
AFG,2008,0.779774152541423,21.1241481349633,0.14737589049906,381.73323802844,0.17958002,5.9473382400541785,-1.8491181281805131,-10.333956511139217
ALB,2008,0.412798009124415,49.3850699230207,1.42332985219763,4498.50486763601,0.13041376,8.411722640290511,0.3600003053291299,-8.535731335892997
DZA,2008,0.432439161003243,65.901485871159,3.26590250079552,5180.91881514686,-0.10058435,8.55293069429668,1.1865934038860066,6.464384682700064
AGO,2008,0.541267180289035,58.5851745819614,0.88603761448524,4578.15526451517,-0.24937408,8.42926982003488,-0.10977288643608432,0.4759507320179921
ATG,2008,0.460791259903597,27.0585906639822,2.78729255113856,18786.6743142216,-0.29748726,9.84095631222027,1.0286520033653321,-46.20940117342414
ARG,2008,0.433786330603232,90.6521912139817,4.43359004127929,8944.1102657357,0.30088767,9.098862322947411,1.4914626175849428,25.352845864694302
ARM,2008,0.441893171894146,64.3840928379746,1.82971073175472,3777.66859313767,0.03216058,8.237127002530524,0.6096083482590797,8.338109237994203
AUS,2008,0.214556331809189,86.0253816967666,19.02811960112,49811.2067218988,-0.15824087,10.816015347874561,2.9464432640407074,2.2871517594821142
AUT,2008,0.222132033063425,67.0435560819078,9.04182372977167,51581.3982361071,0.41521475,10.85093577381989,2.202966254511833,-17.069651329383078
AZE,2008,0.350230796117234,53.063304901123,3.67789898897688,5574.46810432575,-0.09319234,8.626131557704944,1.3050569162132069,-7.159831225709567
BHS,2008,0.44385006340868,82.3197128080855,3.80207751591645,29392.3824416397,-0.028326193,10.28852484097183,1.3381743202957146,4.245705241696697
BHR,2008,0.375115182333612,96.3461384245376,25.0739468018008,23299.4992780392,-0.3351501,10.056230067566236,3.2222280718764527,20.766525041452525
BGD,2008,0.722241081047108,26.87206041368,0.343404266569929,613.06204104124,0.059261322,6.420095967083645,-1.0401426462494152,-9.662542972044161
BLR,2008,0.267698685676298,73.5531692504883,6.79739735106636,6376.17569162063,0.75366384,8.76048059676226,1.9180098666517036,11.88738567772338
BEL,2008,0.255135669595158,84.427037120012,10.6675992553856,48303.397956286,-0.17181434,10.78527789049098,2.3681480194416817,1.018867707908953
BLZ,2008,0.444325990840268,45.7599120745023,0.534891132569547,5711.81458859709,-0.26740822,8.650467103900084,-0.6071692610260553,-14.724540499475147
BEN,2008,0.730912235993019,41.8029662723105,0.47312305208688,1060.60254502099,-0.2007839,6.967534880359689,-0.7274838915515438,-0.6100665802946068
BTN,2008,0.739768673970137,32.76371954591,0.844611576292597,1919.59774896395,0.053872753,7.560391744154841,-0.15710821000320677,-16.015443249706152
BOL,2008,0.536523194034627,65.5448299960338,1.30378490888814,1692.67248455876,-0.18309243,7.434654518006571,0.2729122147974917,18.115840520853773
BIH,2008,0.385690640838137,45.1090576163352,5.48500536029491,4841.69311934649,0.68217754,8.485226274578164,1.7038395633409886,-13.601029751477192
BWA,2008,0.568910885656466,61.8321593704079,2.31254839818048,5503.07395314313,-0.36143994,8.613243815777116,0.8426650303177861,1.7474125324491112
BRA,2008,0.438646049474745,83.8036050557184,2.16839391882541,8908.33338467948,-0.21152814,9.094854701131668,0.7785878707950228,18.547293772154987
BRN,2008,0.362535315033545,74.7929411399737,23.5785205125558,42156.5685838672,-0.30742374,10.649169510391554,3.1607601747319856,-7.153688924336478
BGR,2008,0.387386412215576,70.902099609375,7.28226303396129,7271.30338858025,0.4532349,8.89182835508885,1.9868139277458432,7.825896509917719
BFA,2008,0.770130287234716,23.3633747838557,0.124543742130815,619.437533256264,-0.3262682,6.430424927951251,-2.005865912509446,-13.282141557549739
BDI,2008,0.805644761527938,10.1064353383035,0.0259474981121343,189.502074570768,-0.30588818,5.249663084642724,-3.325695790779681,-13.859994725628033
KHM,2008,0.620140083428261,19.6574509865325,0.291564814662618,866.283999789749,-0.47141123,6.765366489220629,-1.1987703119131308,-20.584686449391658
CMR,2008,0.582176682847564,50.0858325268669,0.3805792337441,1492.14269801453,-0.12965615,7.308638371012443,-0.9401244269705332,4.01001143966289
CAN,2008,0.255641672318505,80.6628944916604,17.3072079421311,46710.2526864484,-0.4477346,10.751740371514805,2.8517006858745373,-2.385147178306397
CPV,2008,0.53814281319318,60.0741911239572,1.44687895802376,3908.64885822576,0.076708,8.271202842866236,0.3762964475944197,3.662299257172293
CAF,2008,0.736468003846765,38.3474489192338,0.0439790970970725,437.24827472489,-0.24422853,6.082785587056321,-2.9191583981517977,5.434903135464559
TCD,2008,0.720279414060999,21.7755796038887,0.0422348813589332,1166.36883453841,-0.32586893,7.062507635941182,-2.9520047819897184,-21.657275974909084
CHL,2008,0.351871636759034,86.8765769429469,4.23564646521513,10683.2188772511,0.058743954,9.276523060471813,1.4458940967940475,19.669500723156645
CHN,2008,0.47910515637733,46.9895057678223,5.85225866357655,3523.44302065213,-0.000698636,8.167477694436101,1.768534966797382,-8.30857969207161
COL,2008,0.483429930470105,76.4596761810047,1.39852072752987,5541.83629665898,-0.11684259,8.62026161563694,0.34254002425715707,16.299571818236814
COM,2008,0.557590379439308,28.4193498063202,0.16939268115562,1455.02768595586,-0.33973727,7.283467243655421,-1.7181781264236324,-17.38618231679711
COG,2008,0.616026347075347,62.0354815675203,1.07747214852886,2832.09177777643,-0.09836515,7.9491238952734555,0.0838558731045718,9.082091334938198
COD,2008,0.81827603859342,38.5997245210844,0.0449242144792916,352.900363371995,-0.15448332,5.869015414115499,-2.9018009625107455,7.982654731587257
CRI,2008,0.451320620702248,68.7925833934861,1.71851436108013,6937.24261596055,-0.19945462,8.844803796067978,0.5472622887512352,6.221332621515231
CIV,2008,0.657353005590029,46.3620274395029,0.321574734065806,1583.97066701372,0.07448403,7.368321179524182,-1.1039020526353498,-0.35467096152243727
HRV,2008,0.32885584117073,55.3530687812969,5.41153048758558,15888.0606949392,0.500324,9.673386144815566,1.6903781533737696,-16.115545288191683
CUB,2008,0.304464735453508,76.365461375763,2.36176603793102,4986.12436479175,-0.062841736,8.514614743031801,0.8636348413344015,17.339799000849773
CYP,2008,0.355208362745735,67.8666261318649,7.78551565223927,35397.296875,0.30406627,10.474418987088795,2.053548651988174,-12.203523103948143
CZE,2008,0.241129470584507,73.4655517409377,12.1449804099396,22774.7045076205,0.47129688,10.033449655024945,2.4977389960793834,-1.86944430658194
DNK,2008,0.218499055992408,86.583137512207,9.21101037002735,64616.6657583663,0.61967236,11.076243116138096,2.2214846161662134,0.05056734085576409
DJI,2008,0.807265390543537,70.6793730584341,0.903852659358779,1119.15233346969,-0.30429587,7.021219967066852,-0.09008592472542985,27.689866761983183
DOM,2008,0.441775661284191,72.4865154265802,2.16443315822516,5023.58513403515,-0.2340358,8.522098169127965,0.7767680136661869,13.380495606461508
ECU,2008,0.522364603357504,62.5395521004212,2.24142348078606,4194.75750661981,0.042719204,8.341829176287519,0.811562674299682,5.369270741305705
EGY,2008,0.485824764202675,42.9608989120873,2.35283522329508,1896.21594269779,0.29851803,7.54814279724547,0.8598622637780711,-5.686734011055208
SLV,2008,0.47486225937382,63.6372503452723,1.17600775015727,2983.24829577976,-0.66650707,8.001103166903446,0.17059283525677127,10.125703805919457
GNQ,2008,0.544644391982146,48.0444899085658,6.0917632522844,18210.5552970599,-0.03938802,9.809811578028931,1.8085777871616635,-24.889068042668818
ERI,2008,0.764642070081778,35.4897117614746,0.164434030565343,490.066956003333,-0.13121016,6.196580485103007,-1.746208657154086,1.3552300399488857
EST,2008,0.250469213454603,67.6696980194394,15.6166002288552,18205.9064113446,0.94832927,9.809556274233962,2.748974605025176,-5.2611184654599725
ETH,2008,0.855693979611499,16.7936706542969,0.0802467343345623,316.410475118075,-0.13061889,5.760195810440211,-2.405207867082417,-12.654888184834974
FJI,2008,0.428660119140252,51.0979752573339,1.42982226015304,3899.92231512129,0.23232095,8.268968295214878,0.36451967552046666,-5.289921912617551
FIN,2008,0.162162110146084,69.2943672196361,11.2598169269803,53769.4726240385,0.45209637,10.892479759499862,2.422128083641156,-15.264941818101775
FRA,2008,0.284855056853792,77.1561901569367,5.94290191259616,45464.8181385158,-0.33969188,10.724716072906626,1.7838788170652662,-5.601663093084852
GAB,2008,0.484888733454828,85.2437672472316,3.43403798590695,9688.64519690633,-0.07976484,9.17881308882811,1.2366446160943656,19.08590613179186
GMB,2008,0.649112931934959,54.6431233516671,0.215089017147711,859.127671411226,-0.07713175,6.757080833358514,-1.4912593232517244,14.489957748747678
GEO,2008,0.424406066693909,54.2232719833673,1.47617910488095,3324.7537205015,-0.03835805,8.109451610258871,0.39620846721631053,-0.45172616065809734
DEU,2008,0.25844229561802,80.2459549084581,10.1072965484379,46379.1647953479,0.2535564,10.74462716395862,2.314246488688791,-2.7257047435551556
GHA,2008,0.584428813988716,49.4708679942306,0.356759557320251,1182.65761256016,-0.013974826,7.076364595042817,-1.0030488028023352,5.889215618696262
GRC,2008,0.261333960574362,75.615079456679,9.19276599113492,31695.8331092209,0.42175815,10.363972052957521,2.2195040900787935,-3.2690844639166983
GTM,2008,0.503085837308274,50.1165894513633,0.829648772236357,2763.05988172926,-0.38053498,7.924455849533221,-0.1747716028748373,-2.5719139354847513
GIN,2008,0.564185845677261,33.2571261188022,0.208306604693263,703.532825784369,-0.19587088,6.5575349246952195,-1.5218547607613184,-4.753304429968168
GNB,2008,0.837666751649234,39.3320535671181,0.195960630460991,640.210331101753,-0.019275188,6.463357532741832,-1.5800702427242486,2.332905085710806
GUY,2008,0.537375042130323,26.8573671978542,2.12760036363347,4008.9628671603,-0.39023843,8.296537260197965,0.7596838744731382,-29.826567049838335
HTI,2008,0.710314596228672,44.6847359532184,0.226980515958095,1094.66058421644,-0.23433892,6.999112733611464,-1.4397773523738058,1.9326183579061578
HND,2008,0.512632770558023,50.0312316063593,1.08143599564036,1732.49062702803,-0.2376426,7.457892358146532,0.0874942563882684,2.352712912644286
HUN,2008,0.283796222095544,68.0976986078883,5.76183669801761,15762.6322515113,0.59060067,9.665460809668723,1.7529903484146543,-3.285812772455813
ISL,2008,0.213557065433643,93.0646442174216,11.9081073928686,57489.3399795216,-0.036704313,10.959372212315655,2.4780588732649402,7.787040304752125
IND,2008,0.685656617172901,30.1438485921815,1.25815998206335,992.519584923828,-0.1791873,6.901253774856281,0.23756701687609472,-11.557454066899332
IDN,2008,0.453282317697091,48.4644736032029,1.6541425247205,2124.55483920618,-0.19720316,7.661788148080543,0.5093099906064049,-1.4034894114288434
IRN,2008,0.450969566883488,69.3790072996746,7.35172418688277,5377.4115072957,0.035684425,8.59014835069138,1.9962941698272518,9.542260849008073
IRQ,2008,0.567470697022825,68.8569818968574,3.12972584066376,4542.96609046032,0.1320303,8.421555497886418,1.1441354842177347,10.830594866757806
IRL,2008,0.292347331639996,61.3581903884996,10.3087084122575,61353.1065629523,-0.14726043,11.02441738454034,2.3339585983700024,-24.61787219747783
ISR,2008,0.265926911711442,91.7292868898136,9.27417633537653,30269.217773489,0.20210958,10.317919596356882,2.22831148170193,13.33963680690512
ITA,2008,0.320923094271989,67.9071958431441,7.85286143845028,40828.5795580937,0.15101667,10.61716208688352,2.0621505908841598,-13.695736729180013
JAM,2008,0.492134313857567,53.3674108497524,3.62135795878759,5029.80095281745,-0.33984947,8.523334485569789,1.2896066716512102,-5.751884605009273
JPN,2008,0.216703716033075,89.2921563808851,9.53253711064086,39876.3039685725,0.053856384,10.593562618194072,2.2557593946148424,7.942636214552735
JOR,2008,0.380299964752285,80.1290966207551,2.93181586027543,3241.6524135556,0.054414034,8.084146920037512,1.079027030239252,25.725821646274525
KAZ,2008,0.309775538826897,54.1287736358813,15.1238317294741,8123.54705891736,0.5850896,9.002645259049253,2.716932749502581,-10.13738753537433
KEN,2008,0.770093260176008,31.4230276259143,0.269606829771024,915.54435473604,0.0368069,6.820610461892726,-1.2743708419858217,-9.412322657960019
KIR,2008,0.637863533347052,45.9461325515373,0.658210358657481,1410.62246914058,-0.84285957,7.252495009172718,-0.40315224684878026,0.47318200313618064
KOR,2008,0.271402739203449,81.8350833138518,11.2602688410662,22252.3125108061,0.18438987,10.010246153403484,2.422168182342697,6.749247755947636
KWT,2008,0.332097449586319,100.0,31.5351654829618,55585.1889344442,-0.055687744,10.925690048922533,3.4514203437421815,15.084077029252512
KGZ,2008,0.351403008563319,35.2897130588983,1.47100933324484,966.388569370494,0.12098041,6.874600244493661,0.3927238372542175,-6.125382510258277
LAO,2008,0.591278348047017,29.4034348148069,0.343065642386553,885.747376088762,-0.6801839,6.787560134629068,-1.041101283567199,-11.07701921860891
LVA,2008,0.288043605740301,67.8420335208058,3.89409559082212,15677.6080864506,0.8930511,9.660052519967337,1.3620261536051113,-3.4834033442361374
LBN,2008,0.544513754175343,87.2769743307677,3.71794595880824,5912.04532820842,0.11639484,8.684916261647768,1.3158574006904438,26.42260478687419
LSO,2008,0.661674846150423,25.1966303659683,0.22196333562331,898.482517882593,0.13876663,6.801819617829393,-1.4611759559112707,-15.436942790320348
LBR,2008,0.775822317843237,47.1080497871025,0.146715404306147,451.713856283285,-0.04412858,6.115260262065576,-1.8533238300091808,13.84678913876622
LBY,2008,0.479426451957926,88.1474456787109,9.16430783442361,13906.1407818125,0.28377843,9.540157712517363,2.216406950705067,18.109445917513554
LTU,2008,0.303533138420649,66.7527770996094,4.95001768164964,14955.5345462921,0.8321559,9.612903576718805,1.6014093055791998,-4.066371793198627
LUX,2008,0.218371793746089,87.6037664162874,22.9460759234626,120422.137934157,-0.25699893,11.698766968926371,3.133582647587859,-5.613499474203536
MKD,2008,0.498095617675379,57.9593566737547,5.14447680006979,5026.4202989873,0.60358137,8.522662268510167,1.639865618636188,-1.1527204768718704
MDG,2008,0.763732051379911,27.31826536364,0.0893717405600502,512.579800058444,-0.19471343,6.241405421498027,-2.308887505941274,-7.297549015403039
MWI,2008,0.813217566635394,15.3238029928378,0.306502016933238,554.048820396119,-0.46952295,6.319056074555461,-1.1504256648013456,-20.12582841306537
MYS,2008,0.372686613543236,69.5438130147565,7.83922878075814,8371.82156086005,-0.3124396,9.032746210722125,2.060415282478602,4.954426152005752
MLI,2008,0.768541450631664,22.1922849560871,0.10451260181696,767.19483895009,-0.32644257,6.644043397521741,-2.1670704025071807,-16.747078380371057
MRT,2008,0.640289560037386,43.5784901049073,0.660578794943186,1635.5630623124,-0.10562595,7.400353628067347,-0.39961406647115977,-3.4821745083217763
MUS,2008,0.475335417387165,40.6154231740954,2.80350544681747,8140.50808595895,-0.13466375,9.004730710381814,1.0344311958471937,-23.67313168943855
MEX,2008,0.422421748041783,76.5090428271033,4.27910076303278,10523.7685403244,-0.13464873,9.261486666890658,1.456077098621516,9.463428237020977
MDA,2008,0.34076434304291,39.3710708618164,2.76331874319628,2110.55305353857,0.63373774,7.655179000053407,1.020044705284443,-10.425922754090656
MNG,2008,0.442106853967506,66.4693095486742,4.99621481680735,2127.42678594737,0.47025016,7.663138387658702,1.6106801039561238,16.58684758643186
MAR,2008,0.499240154508273,57.1254169272616,1.56522177671636,3183.20043945313,-0.31373087,8.065956497072424,0.45439607297827445,2.9174717252538684
MOZ,2008,0.623943693011281,30.5625357695184,0.144341849016611,592.159111184122,-0.18058889,6.38546267866371,-1.8685853378727568,-5.600173440900615
MMR,2008,0.663942599918772,28.8586544957208,0.172766335943286,658.442487229705,-0.21470149,6.491394761727971,-1.699546794780714,-8.441559308309444
NAM,2008,0.613146380013926,39.8328120256318,1.44803073291595,4204.78555422749,-0.2712326,8.344216369282254,0.3770867121818353,-17.36310314449542
NPL,2008,0.745194650588355,56.9108061152324,0.114316256772823,464.817391891529,0.048295636,6.143793694433604,-2.084926502429818,23.34315188478901
NLD,2008,0.207169524743946,85.6149582464487,10.9418188812042,58246.7026905874,0.07346497,10.97245993186202,2.3935055503406546,0.1968176741267058
NZL,2008,0.279531424748037,85.9144723093505,8.49532841917461,31324.7397977102,0.122334994,10.352195396331691,2.140692839937637,7.1567667819229825
NIC,2008,0.612221341267903,56.4638124507513,0.833501745599867,1523.68437086409,-0.18926589,7.329542697695095,-0.1701933075259768,10.163519542168672
NER,2008,0.735040968890687,16.2586706998252,0.0592504254840624,475.044955398162,-0.4878602,6.165512293885641,-2.6700259897593783,-17.54219905823609
NGA,2008,0.577031015233158,50.0505212312351,0.581139578438694,2154.10543545364,-0.24394019,7.675594927305578,-0.5257031161294462,0.03430025416977145
NOR,2008,0.212892104746078,78.7541006020666,9.87892316868461,97503.5407803783,0.23580782,11.487654228007935,2.2914152588861088,-12.196224946857555
OMN,2008,0.418131624131888,73.807772368029,17.0293950685486,26576.779241509,-0.46084484,10.187830778795892,2.8355280200989754,-3.184976764075813
PAK,2008,0.657834179642587,34.4460387735948,0.825212305875015,1067.04324565284,-0.03493452,6.97358351088466,-0.1800693279165522,-8.03194460965397
PAN,2008,0.435434345944889,64.8088713516952,2.07330185725614,7347.59049046839,-0.24962933,8.902263803812364,0.7339540664490128,1.6206118240433511
PNG,2008,0.632810928747108,13.0185611592166,0.710287982656834,1624.79319935188,-0.120579086,7.393751098348797,-0.3281041710288087,-33.9712051230531
PRY,2008,0.452184626238298,59.2442256780564,0.813688391744725,4384.95469437803,-0.28429905,8.38616259932531,-0.1939629859535601,1.5978895591623683
PER,2008,0.507927069463145,76.2744879116779,1.3577960350417,4197.58444634142,-0.12563212,8.342502710876488,0.3132007108925277,19.096974100723955
PHL,2008,0.42606646014845,43.1547492407016,0.838866873511548,1959.29233534978,-0.10234245,7.580848891791368,-0.1638529088391263,-5.844083542850285
POL,2008,0.259381082586746,61.1258760375274,8.5133492030939,14048.5604672654,0.6820312,9.550346390803899,2.1428093625527556,-9.021530317201488
PRT,2008,0.29244322562159,60.3510029424595,5.61287237370618,24949.0413566739,-0.5077011,10.12463075876041,1.7268426318634666,-15.963100863063104
QAT,2008,0.341377064206831,98.1295193937322,43.3504469009866,80781.4039187792,0.16399789,11.299514447510706,3.7695476638353473,9.19944926097672
ROU,2008,0.380532769946977,53.6297858153706,5.13050644236563,10435.1561230787,0.522218,9.253031606194421,1.637151604256466,-13.32503786318592
RUS,2008,0.348795841655296,73.4822463989258,12.3604193305861,11635.2841796875,0.70492506,9.361883441771965,2.5153080848262896,5.358565662046743
RWA,2008,0.784580041267529,16.9170867063804,0.0691331500594282,528.326391755502,-0.35484442,6.2716052392409605,-2.5366234014913265,-18.023014993511122
VCT,2008,0.468298607812999,45.8223405756329,0.73404906870339,6598.90531450859,-0.15510988,8.79481058162503,-0.29564829376549956,-16.21208028198854
WSM,2008,0.493929615475122,20.4038457706991,1.28453975918825,3373.60639884263,-0.37124506,8.124033973940543,0.2581552336723227,-34.42773860474732
STP,2008,0.720284119464345,63.8690133423199,0.602440834786211,1081.8684584729,-0.046708744,6.98736877930359,-0.4903029374963855,21.24300298086866
SAU,2008,0.381499071869537,81.6441431042994,18.0563174565032,22320.4888964331,-0.20501852,10.013305121099886,2.8940492906148463,6.525460181312695
SEN,2008,0.627093230390916,42.867747101036,0.534842885597005,1398.79218010021,-0.0998044,7.244079061799065,-0.6072578091887615,-2.5148325368703794
SYC,2008,0.458563597580919,42.696637125589,10.5938635631814,11265.4376270005,-0.31371227,9.329583463631911,2.3612184218013224,-25.080204651410774
SLE,2008,0.667265423749813,37.8725951588418,0.109725276272571,705.359014080005,-0.18835878,6.560123626768431,-2.1225555251965442,-0.16563301662096563
SVK,2008,0.391096981468973,54.895930446636,7.65205745874923,18744.3192278346,0.6318152,9.838699359050855,2.036280545434524,-18.34782610223914
SVN,2008,0.297397964571645,50.3620036820409,9.34821670634379,27461.9764165315,0.28004214,10.22059406443612,2.236254749511203,-26.9825594316218
SLB,2008,0.696952985705584,19.0370010521463,0.64545293736119,1525.84666261203,-0.15357797,7.330959882764567,-0.4224287749063129,-27.2785096684522
SOM,2008,0.893783941586957,37.1754203605454,0.065428663636479,507.03744334738,-0.23996384,6.230555152238959,-2.584567921878616,2.6761167756554585
ZAF,2008,0.483865173913347,61.7692983894896,9.54569945858325,6184.75474328399,-0.033577602,8.73000430539859,2.2571377784230706,0.4307709266737305
ESP,2008,0.302468965590429,78.0421438998777,7.40131034210523,35603.248328071,-0.50202155,10.480220244778435,2.0030072579668587,-2.0902995633289976
LKA,2008,0.481033514291184,16.2762363395441,0.64492492211835,1973.58476901287,-0.18234031,7.588113411693164,-0.42323467263664755,-32.80060326233552
SDN,2008,0.714927439933929,32.4816230749746,0.457313500662325,1527.58239746094,0.14864731,7.332096047277964,-0.7607549389113089,-13.846087843294924
SUR,2008,0.450864387180508,66.5776961831642,2.7177544695623,6576.08546307249,-0.42128864,8.791346987450238,1.0034787321044918,4.580467592231621
SWZ,2008,0.605932920439864,22.1692008829856,0.922510065194961,2946.8606613746,-0.24151278,7.98883498671545,-0.06987533374766165,-31.210609255879106
SWE,2008,0.249901416657872,84.7517366727063,5.60895184918886,55817.1759726485,0.4745011,10.929854829606365,1.7261451428085715,-0.20890794442256322
CHE,2008,0.188672117794268,73.5482927401305,6.01237631044729,74175.1927898555,0.038671967,11.214198525782752,1.795481917387688,-14.465650284892632
SYR,2008,0.449215286852226,54.5858464394493,3.08179246945125,2429.12477087189,0.030431012,7.795697881054246,1.1287510099251639,3.2799532720192275
TJK,2008,0.447538655989107,26.5306015116451,0.516570158384597,703.327375898643,0.15100266,6.557243270651849,-0.6413707019939392,-11.476697239803034
TZA,2008,0.786821101282407,26.7851328989335,0.147505111963319,675.977233886719,-0.26817766,6.517637644409944,-1.8482973643332015,-10.796878437410303
THA,2008,0.472632890624705,41.8954507430475,3.53401361701146,4309.13509292986,-0.49958754,8.368724526673832,1.2652598750073096,-15.563634382842373
TLS,2008,0.767980175220007,28.8076745459306,0.301134509007399,628.153191495026,-0.057291348,6.444374774734363,-1.1675299554592227,-7.987636025296002
TGO,2008,0.576010363605796,36.6808327233827,0.249512781975665,718.948386717473,-0.0639658,6.57917952432598,-1.348949321420973,-1.562018738813201
TTO,2008,0.3852318195024,54.6761864235364,29.5374323602481,21298.9945258063,-0.07037131,9.966462094693085,3.385996848714672,-19.939493479259873
TUN,2008,0.377501706421943,66.0676053984361,2.41189228309621,4255.05008019523,0.15627639,8.356096797915415,0.8845491697802889,8.744117525560341
TUR,2008,0.417102540139064,66.513650890377,4.21593984029483,10913.4079047769,-0.019508341,9.297839021500481,1.4412416834784414,-0.9223173032701197
TKM,2008,0.323380316466319,46.8658106736347,11.5880007386302,3605.50395120549,-0.23033394,8.19049414752208,2.450832733140244,-8.679426738308095
UGA,2008,0.803628021358471,16.5070641943955,0.11396368506114,472.842681495852,-0.27283987,6.160875371027178,-2.0877666186798316,-17.244014028380644
UKR,2008,0.334962069955119,68.3752085755346,7.52327011315342,4017.806640625,0.5002242,8.29874028197681,2.0193292255156363,11.667618157579263
ARE,2008,0.348463613172238,82.9658963549658,26.0607102012736,50054.1700681803,-0.1593364,10.820881077474029,3.2608124696638643,-0.8245820571013951
GBR,2008,0.222280637201284,80.7547673906116,8.63835719565399,47652.4030691881,-0.15624493,10.771709324563432,2.1573693833292076,-2.5077020066815834
USA,2008,0.214719332188298,80.6219682896606,18.7089026291301,48570.0459804586,-0.6015446,10.790782870633096,2.929533849092436,-2.845313905069389
URY,2008,0.362370075602476,93.45975578621,2.39732758116842,9423.96562595893,0.26447716,9.15111736519645,0.8785172447499703,27.599292889922495
UZB,2008,0.318548811254349,51.7943572998047,4.99330891026782,1074.72928796701,-0.22122204,6.98075411795865,1.6100994756064835,9.239375539391041
VUT,2008,0.554126619355527,23.9280261965467,0.567220224243706,2603.60883136724,0.11130047,7.865037782208665,-0.5495314141589973,-28.122442682057223
VEN,2008,0.480319817982999,88.7615723567652,5.84962138322166,11262.4514256759,-0.10667483,9.329318375656102,1.7680849911298508,20.987577109178147
VNM,2008,0.443829018722349,29.2198330128693,1.47684691804671,1163.83195772873,-0.6213581,7.0603321133029455,0.39665771533714206,-14.189661682965408
YEM,2008,0.675489398198919,29.9646637170333,1.0053703136687,1071.63583282105,-0.33282852,6.977874293431653,0.01525338700834357,-12.55939432760422
ZMB,2008,0.78443450003891,38.9629632271162,0.200263813418666,1375.50211006997,-0.4280313,7.227300857505548,-1.559392282317354,-6.239451120876602
ZWE,2008,0.7025670104848,32.6912786206175,0.641176361194705,340.917447588572,-0.29260793,5.8345693266054806,-0.42897476532936263,2.4440928326537907
AFG,2009,0.802052000638631,21.6885475109053,0.224491273806937,452.053705477043,-0.18371193,6.116010673592889,-1.4503369036988996,-11.580771098104716
ALB,2009,0.41477216596523,50.6132439427449,1.46321851369709,4213.65007574693,0.19552816,8.346321848187078,0.38744947250484724,-6.605279976844329
DZA,2009,0.432031687135434,66.5097384559521,3.27099589762822,4235.42990456612,0.046192486,8.351476189901762,1.188147003636281,9.235866928651447
AGO,2009,0.553729186369507,59.3775316348744,0.940848252177258,3645.14846562976,0.021330675,8.20142667454938,-0.05040079575427675,3.714900140292933
ATG,2009,0.45946901910772,26.4808350768849,3.16847445142742,16472.2478528568,-0.08024788,9.70949300183979,1.156401349428223,-45.37549642945426
ARG,2009,0.429505228285302,90.8209023233265,4.03429401041948,8150.23527028221,0.3929423,9.005924761655598,1.3973070013887634,26.519525670872255
ARM,2009,0.434678303389826,64.3519530388516,1.46836268754077,2820.5926553347,-0.17948312,7.945056775904101,0.3909351831809243,11.442235760029881
AUS,2009,0.211193410870063,86.1278139101818,18.9151698120932,42954.8494884573,0.32721806,10.667928111118195,2.9404927721811798,3.979752949026789
AUT,2009,0.221003439021099,67.0705895694924,8.15744518101481,47857.4446635266,0.083855905,10.776002863306362,2.100156152626647,-16.23798408537465
AZE,2009,0.347375471436686,53.1358125434574,3.12751089916749,4950.39949009423,0.12255261,8.50742554087504,1.1434297782901122,-5.812651779258992
BHS,2009,0.443520359901657,82.3977602095684,3.12119291089,27512.9130950084,-0.1813957,10.222447086442441,1.141414053633734,5.033299242646521
BHR,2009,0.374924214794729,98.3277849907243,23.4684724821052,19465.3140745038,-0.07689508,9.876440767373067,3.1560839367152553,24.67875910234386
BGD,2009,0.726115929946453,27.3111249057412,0.365403611658953,679.211477428056,0.5880731,6.522403746038582,-0.979753534047684,-10.322065094699159
BLR,2009,0.26728871445987,74.1909646620571,6.48177831683936,5352.48809190697,-0.16474898,8.585503607239255,1.8705365019404459,14.404093724644959
BEL,2009,0.25175569001255,84.7025801085014,9.93765290266015,44923.3400135081,-0.074684046,10.712735020692609,2.297336634164388,2.0733800628303243
BLZ,2009,0.443643193520989,45.4589714924251,0.629210464022725,5399.67100001919,0.3057259,8.594278484095636,-0.44752151416543623,-14.422124560209689
BEN,2009,0.733285195337139,42.338538285999,0.492616639306086,1024.10277858112,0.23537874,6.932548158332088,-0.6879275479620646,0.3011947984151817
BTN,2009,0.699625396273147,33.3396804958817,1.1543427263872,1918.39599211093,0.55529183,7.559765828086594,0.1521567444477204,-15.432761178217241
BOL,2009,0.52145899915037,65.9781896386949,1.36372054481332,1731.18172112209,0.14454333,7.457137003435131,0.31752278505965015,18.307781985839
BIH,2009,0.387110015999688,45.4246010387901,5.58279640620095,4539.91863774968,0.39344358,8.420884613683455,1.7214794136394325,-12.594581999463244
BWA,2009,0.5324505231617,62.7501882968523,2.0736203284015,5082.93388332404,-0.61887187,8.53384062737113,0.7341069232252089,3.518077307698576
BRA,2009,0.435710178052509,84.0698380333651,2.00746250710986,8678.6584730653,0.012613614,9.068737460459257,0.7018405371527845,19.09397513123581
BRN,2009,0.36525463592955,75.0712970872547,20.8361042415678,30946.4673773828,0.16558488,10.340046445277704,3.037167083859545,-3.5559523287501236
BGR,2009,0.385713864955812,71.3017349243164,6.25111912335147,6988.27316296465,0.34971985,8.852131847412819,1.8343589428322116,8.65179512985253
BFA,2009,0.764682991702192,23.7452325601116,0.117256031897002,601.569520671859,0.37297264,6.4012030457154765,-2.061554222733865,-12.586497586256069
BDI,2009,0.800233540539038,10.4979900434482,0.0248556994767115,198.431524048225,0.07437372,5.2954709395568145,-3.3565386120566,-13.960327311670133
KHM,2009,0.613055993096806,20.1979728726519,0.341665960393113,875.748936193569,-0.38102213,6.776220675667477,-1.0450735301029128,-20.16071742040538
CMR,2009,0.576643273042012,50.4714131335678,0.403568614250496,1461.38999232337,0.27938128,7.287827357352735,-0.8829318429745888,4.619061867317498
CAN,2009,0.254099851576164,80.8591838893921,16.140062037934,40874.8831932903,-0.27171347,10.618295515141421,2.78192389101943,-0.7559194985394839
CPV,2009,0.512603945958835,60.906420177019,1.3990172698912,3659.72046361628,-0.18669288,8.20541525500598,0.3428924896840121,5.200959083885998
CAF,2009,0.792357271821709,38.476675697093,0.0431878936120557,456.471673898404,0.22473018,6.125714967822598,-2.9339244722142457,5.103151837466399
TCD,2009,0.731673798703421,21.7784396568755,0.0418370852465925,1035.63719694254,0.6982295,6.943737288714487,-2.9596494544719327,-20.37905333443112
CHL,2009,0.348309129482486,86.9124897308683,4.01098641712794,10098.8017167286,-0.07173395,9.220271070629572,1.3915272499258304,20.30945050340742
CHN,2009,0.47198842945381,48.3417053222656,6.24909018523805,3898.24459158811,0.20965542,8.268538118891955,1.8340348367280448,-8.04157259042939
COL,2009,0.48143271042898,76.5964145836792,1.47547382640238,5250.97292433518,0.16523536,8.566359080103835,0.3957337963794925,17.015118642331714
COM,2009,0.5571233723188,28.6217975367563,0.206714884562121,1410.30516959473,0.05687205,7.252270207415258,-1.52917268538697,-16.84873907788305
COG,2009,0.660475421983452,62.2172294650265,1.14836451954455,2271.15219175966,0.09332657,7.728482763407302,0.14700911333403188,11.633095965412416
COD,2009,0.820646373684933,38.9962670496049,0.0423191311503679,280.178991035792,0.07845179,5.638991445323935,-2.9503931784242954,10.849207417298405
CRI,2009,0.450618531271439,70.1398469456228,1.62647554075289,6832.69829924138,0.15777223,8.829621284677225,0.4925448687752321,7.73162682451774
CIV,2009,0.639858302116105,46.7979596502274,0.291450017592556,1540.45393569596,0.13578463,7.340481364100569,-1.1991510556869431,0.38020673402215266
HRV,2009,0.329697462466479,55.3096640250682,5.03419020013328,14474.6519774194,0.39643368,9.580223343044773,1.618237125586281,-15.158562702809405
CUB,2009,0.304880862330621,76.4930251871133,2.38540684367623,5089.23519757167,-0.11258364,8.535079316251418,0.8735530885348819,17.247613087940564
CYP,2009,0.35446289991238,67.6836053786548,7.47035932974632,32236.44921875,0.23420556,10.380884074965405,2.012280829568702,-11.382160773906364
CZE,2009,0.240186594919567,73.4084890302159,11.4624026803688,19817.4215836554,0.027276099,9.894367167157514,2.4399443843891415,-0.4330315350543401
DNK,2009,0.216071654114592,86.7617653139929,8.7648139313193,58412.7472358513,0.040673416,10.975306538988752,2.1718855647190556,1.3130577161843888
DJI,2009,0.803358622633252,70.6383251554484,0.798988949312527,1150.9375857489,0.08526325,7.049200660750686,-0.2119700217047927,27.34836061559183
DOM,2009,0.438529894123774,73.5894974865426,2.04647320109352,4973.95186999952,-0.038512547,8.512170975173941,0.7209924772849405,14.590076426664673
ECU,2009,0.518706253456308,62.6588021150118,2.38705043871039,4053.36331139298,0.2939714,8.307548941001667,0.874238997663228,5.856623827031761
EGY,2009,0.481308719971735,42.9383470624904,2.40386934022582,2161.63964573927,0.15754922,7.679084812785493,0.8812309953719667,-7.115348498758948
SLV,2009,0.498181509784297,64.5299047495248,1.14057238430965,2910.18651752011,0.21709935,7.976316015042416,0.14025954403756616,11.284524024048729
GNQ,2009,0.561525289095248,50.4722820636069,4.82339546682892,13232.5019378102,0.08529711,9.490506918818467,1.575549215881775,-19.032564716215788
ERI,2009,0.764642070081778,35.5742034912109,0.166523251445262,642.92572288007,0.5321118,6.4675833823097655,-1.734302675051462,-1.4703223976482818
EST,2009,0.252076442555326,67.7348909034398,13.0675938449549,14712.4494217916,-0.3643078,9.596517281129046,2.5709003722991945,-2.9083010368903217
ETH,2009,0.852407279846444,17.1511001586914,0.0785136417026359,368.574712267445,0.56353045,5.9123529182370165,-2.4245985953145377,-13.931330157927317
FJI,2009,0.428320597110052,51.5628013169579,1.17223796596046,3164.13275408169,-0.42967162,8.05995027811623,0.16740922356042523,-2.5806487721881055
FIN,2009,0.159824540831073,69.546259966947,10.6915488312042,47478.3495310999,-0.34024906,10.768050148779295,2.3703884815723377,-13.676916997469533
FRA,2009,0.283659635930711,77.1005391809676,5.71717317269645,41728.0884164132,0.0852286,10.638953728545014,1.7452220708970196,-4.736393250277828
GAB,2009,0.479305608561431,85.7432582123932,3.27951630880933,7290.57526093114,0.009478728,8.894474886835404,1.1907405353699991,22.6386365079981
GMB,2009,0.648569690522482,55.3379286345209,0.232016081888532,774.888030908091,-0.28716865,6.654008219705513,-1.4187511009485825,16.29156248380029
GEO,2009,0.398500353557574,54.7033821122222,1.69653622216123,2822.68939668797,0.17864291,7.945799605555609,0.5344657151348032,1.7856882873304016
DEU,2009,0.256612176623216,80.2745192417062,9.37864424258525,42471.8868625226,-0.04555927,10.65662119515594,2.2395008996846646,-1.752127427625254
GHA,2009,0.588272999458908,50.1111250897099,0.398915417913382,1047.70430093586,0.21614711,6.955310682039025,-0.8942469464936224,7.829356357857847
GRC,2009,0.259034404154182,76.0174962722535,8.6627939796977,29425.4573200263,0.27922,10.289649457496003,2.1601909972056896,-2.068587488856423
GTM,2009,0.510531290097853,50.7420420912045,0.858176268329233,2611.64632773352,0.33892027,7.868118905320232,-0.14136051082652368,-1.3415120585609728
GIN,2009,0.561543335533185,33.5352385165154,0.215694056923356,662.185914665575,0.024947802,6.497055365154012,-1.4885749272582978,-3.82575916161111
GNB,2009,0.836110922643747,39.6716434222135,0.202505671927709,583.190020139094,-0.25728083,6.37022630685513,-1.5487865995493624,3.6725432188194205
GUY,2009,0.542414300645485,26.620074648793,2.1659526601728,4209.13230624565,0.14858484,8.345249352844295,0.777466573321749,-30.586932756216775
HTI,2009,0.708997108842193,45.3786413995138,0.219132282396937,1196.8528706018,-0.065926075,7.088285958613954,-1.4734557898164442,1.668976759592553
HND,2009,0.516381238750975,50.6740175729851,0.997594720032567,1781.15703614674,0.017088095,7.48557972768724,0.007566025340237354,2.6981903668106355
HUN,2009,0.28130961940416,68.4592590332031,5.15845609694043,13051.1831777184,0.5060314,9.476710692070629,1.6425740166380818,-0.8974430972724576
ISL,2009,0.210936188795596,93.4441340553707,12.0169922040572,41483.7843682814,0.28686786,10.633081997261119,2.487153474124827,11.670252600889597
IND,2009,0.676634592989172,30.5185314023263,1.32284533301467,1094.94974598436,0.5378151,6.999376614252665,0.2873160052183489,-12.236419757972566
IDN,2009,0.454447828145803,49.16775798133,1.69126327047376,2218.48541852977,0.17204936,7.705030654543012,0.531371075378544,-1.164545470282306
IRN,2009,0.450549110558951,69.99007683587,7.49713453135765,5415.52280553446,0.15317464,8.597209339758825,2.015853839218574,10.077509092283314
IRQ,2009,0.56551480361278,68.9742328505284,3.22209515764181,3714.71205987194,-0.019999743,8.220325610352356,1.1731305825651006,13.108663533255303
IRL,2009,0.29292738234628,61.6421022728798,9.0783011327619,52133.0906162544,-0.19004752,10.861574344206971,2.206987996636912,-22.58534269831462
ISR,2009,0.264880527446966,91.7319738585748,8.95687720423213,28508.4938886475,0.30557808,10.257992429684872,2.19353747768992,13.985825020989367
ITA,2009,0.320938483790352,68.0494239486665,6.94826035580217,37099.6133958219,0.15750022,10.521388782038953,1.9399294942249026,-12.525089554998914
JAM,2009,0.498982208367159,53.5618180258738,2.94092608864832,4428.38153333557,0.06391176,8.396015244565113,1.082119049441895,-4.190316345025714
JPN,2009,0.216426768624381,90.1131158718189,9.03961045553586,41308.9968370512,0.11020097,10.62885980382463,2.202721713198235,8.384572565047094
JOR,2009,0.38776704138682,81.1117480967305,2.94909387093057,3435.8337590698,0.03384121,8.142305907646836,1.0848830967846244,26.08395868194335
KAZ,2009,0.303280203679332,54.1167144748885,13.5068941072017,6938.01175663001,-0.10350699,8.844914645181152,2.603940318425114,-8.45572660101849
KEN,2009,0.771143158959977,31.8603086707305,0.308699389943664,1047.9678324485,0.47872925,6.955561942958052,-1.1435069717631758,-10.424158114830316
KIR,2009,0.684414540557064,47.3510238975116,0.545708999032564,1316.62753853678,0.33271313,7.183588079173843,-0.587510504779221,2.617999791959896
KOR,2009,0.269174727174503,81.9245045084002,11.2836813865383,19937.3029137734,0.17902148,9.900397930253547,2.4242433999919264,8.018225273930966
KWT,2009,0.330877386323779,100.0,30.5211548340109,37907.1001320042,-0.10773015,10.542920092034423,3.4187476322354846,19.19428209330725
KGZ,2009,0.369067709837764,35.2815523593591,1.30648727568783,870.198894546917,-0.25955883,6.769870302732405,0.27496703464950834,-5.008947276289824
LAO,2009,0.572871537373915,30.0420311503825,0.423077773444872,935.03237283283,0.03378439,6.841650062239359,-0.8368379517624274,-11.019243530990174
LVA,2009,0.292573660393932,67.8323653539295,3.61956025884485,11996.0322729773,-0.32443163,9.392414587598607,1.2891115001245275,-0.6191605231697253
LBN,2009,0.525125960215821,87.4558678091878,4.31860187525276,7090.85493856621,0.009315173,8.866702212750026,1.4652445973220487,24.649470622192403
LSO,2009,0.681964932833805,26.2591028264855,0.25857155622013,878.847950537772,-0.14873464,6.779749109063663,-1.3146378969258503,-14.137475980422469
LBR,2009,0.770025097104865,47.6245255922562,0.132537734959021,448.386367025545,-0.0284578,6.107883023344367,-1.9481485075985736,14.44248214319326
LBY,2009,0.470508087563154,88.1345825195312,9.46592937047626,9551.05403869755,0.25131154,9.164511492933963,2.248754832752115,22.13029273541035
LTU,2009,0.303403424682857,66.7816619873047,4.17668379432144,11854.3711053096,-0.30407834,9.380536301705009,1.4319089633639188,-1.5423141959024633
LUX,2009,0.218267965299896,88.0379076027949,21.3143076400761,109419.746953106,-0.030689657,11.60295579407145,3.059847625796801,-4.15053256876206
MKD,2009,0.490071049022173,58.0280165522288,4.65666929755328,4799.78722768888,0.15748934,8.476535189217023,1.540445604708407,-0.5887454580923404
MDG,2009,0.786842754879522,27.5933392025561,0.0824187554067149,446.315238370592,0.17689896,6.103263577308983,-2.3814253403401193,-5.5391003783189525
MWI,2009,0.806304460243727,15.4015312766848,0.288827537610307,625.869729869625,-0.22323799,6.440738751693224,-1.2078886692929443,-21.35473547710584
MYS,2009,0.370772886466609,70.2462628363839,7.03693732266971,7191.43287234626,0.058842022,8.880784762375026,1.9525931001191121,7.288646449078087
MLI,2009,0.77848423549708,22.6557955217884,0.130044049644136,787.482564287398,0.2780652,6.670110293650552,-1.965798265546459,-16.56347559359753
MRT,2009,0.636761274201522,44.7591814741371,0.638554789115249,1435.43010811893,0.14446704,7.269916222950221,-0.4330087928803415,-0.9008390357427487
MUS,2009,0.481499482906711,40.4548202346069,2.75622901183154,7426.88645617593,0.2784845,8.912996636434377,1.017485025126699,-22.84868904606448
MEX,2009,0.418307315044555,76.5143930040295,4.12122098054155,8423.56933214711,0.31760845,9.038907636067961,1.4185730002159538,11.858844413581693
MDA,2009,0.386730142020259,39.3255348205566,2.7251028108556,1898.43975710988,0.5773739,7.549314256994384,1.006169025973863,-9.334677302456946
MNG,2009,0.436750826912179,67.3659050254095,5.17581002669897,1703.32756790019,-0.114673294,7.440925923597752,1.6459260544939,19.869572848547314
MAR,2009,0.499731070060067,57.7306189138977,1.52837686302843,3119.58862304688,0.2893459,8.04577692424221,0.4307278755462307,3.7393630861332454
MOZ,2009,0.620223828128309,30.7715592059159,0.151975649954928,547.697144193651,-0.095160164,6.307546639374241,-1.8203092639674683,-4.554483245538343
MMR,2009,0.664388449816348,29.0033937270962,0.160062197522633,758.442935789255,0.326437,6.632585185295102,-1.771591041064977,-9.812930689845313
NAM,2009,0.598609354728614,40.8524900328246,1.47083316886445,4302.91374148376,-0.24561898,8.367280060163965,0.39260488131346627,-16.591084331426664
NPL,2009,0.744738998360788,59.8638612146309,0.149560032583773,473.078751198621,0.5488584,6.161373449664304,-1.8353350477347927,26.107434595775665
NLD,2009,0.206843340545733,86.2223179632671,10.5716574831758,53172.0261581418,-0.007530153,10.881306519645431,2.3591220760858342,1.7829877958798193
NZL,2009,0.27777102745083,85.8918345477824,7.7665829963278,28276.7255416225,-0.46657375,10.249829690383718,2.05111703815533,8.233337658340758
NIC,2009,0.592515439922558,56.651098305894,0.803556764919428,1467.08288052845,0.022737026,7.291712665706408,-0.20633957612263792,10.75702638267127
NER,2009,0.732053017919463,16.2511180003032,0.071125383576873,461.131533961487,0.7240904,6.135849556105151,-2.511759375748747,-17.23123163138689
NGA,2009,0.577142350066085,50.86453484762,0.499337659024901,1820.48633854782,0.4441328,7.507408116309496,-0.6746441051099085,2.6543131916178595
NOR,2009,0.210380214119356,79.0570820210427,9.34509433751263,80347.5700665184,0.008909185,11.294129574697637,2.235921043856141,-9.815165048258393
OMN,2009,0.415291265213807,74.5338635149003,17.5455802766757,20655.9180249218,0.33582368,9.935805555598153,2.865371863854828,0.2473752322060676
PAK,2009,0.644951606078475,34.6280259603331,0.823532021617383,963.788066395225,0.3029213,6.871908456903084,-0.1820831592720425,-6.758165044118094
PAN,2009,0.431112800870003,64.9730405510737,2.43388683757432,7796.92618363433,0.2433273,8.961613103433919,0.8935897380992047,1.147484946593309
PNG,2009,0.652454975567452,13.008427139986,0.668364468858039,1568.83193368607,-0.053706963,7.358723844004644,-0.38807057079050467,-33.605214538995284
PRY,2009,0.450292103451695,59.3666109432844,0.831000508531121,3941.84815479431,0.21461296,8.279658623066176,-0.1731630143350306,2.8639204389029516
PER,2009,0.525124930317579,76.822147540745,1.4525720502515,4181.18755462253,0.12309933,8.338589727051449,0.3801965640396187,19.686651567512676
PHL,2009,0.425390545303367,44.3356772609527,0.833249191469975,1864.45043406471,0.02232186,7.531257822522494,-0.17049276386683768,-4.130643865472443
POL,2009,0.257935933772405,60.9800753477,8.16161512269878,11556.3026866026,-0.18377739,9.355072783391542,2.100666578770745,-7.070472161084702
PRT,2009,0.286477218564009,60.8066368745822,5.53453188594097,23151.2154130712,0.29301772,10.049845753124421,1.7128121963082898,-14.704421385309296
QAT,2009,0.346853917271658,98.3494885340955,39.7629937914219,60785.7351551657,0.32871318,11.015126872361293,3.6831881340183115,12.473187984084603
ROU,2009,0.375021908326538,53.7875150259042,4.20729371276879,8548.4543409242,0.5523966,9.05362274011929,1.4391936220351749,-11.026045169429153
RUS,2009,0.34771010131957,73.5288696289062,11.6405620274147,8562.82421875,-0.63617706,9.055302123897565,2.455354421544609,8.697276117253878
RWA,2009,0.781105978278186,16.9206894426355,0.0692316194771755,564.039095842449,0.043720882,6.336894924933821,-2.5353798240122503,-18.720496529770607
VCT,2009,0.464648643760061,45.9420760438477,1.12299562022659,6463.78777336717,0.056270123,8.774125463655102,0.1248651163954939,-15.870226867731738
WSM,2009,0.497835812235951,20.1045321482817,1.29599557210215,3279.18269477295,-0.10219685,8.095654399452922,0.26696564042134796,-34.42231077952588
STP,2009,0.716984963409587,65.0832313370367,0.644352358408348,1128.28046213305,0.050169308,7.029335949714869,-0.42410929828702326,22.006575167981197
SAU,2009,0.380306232431567,81.8644480116889,18.3345628771474,17718.3911648365,0.26623997,9.782414864925261,2.909333229621879,9.225077487943736
SEN,2009,0.625098183307906,43.23773199459,0.534391839310571,1308.69404336205,-0.26875767,7.1775488342315965,-0.6080859985622745,-1.4304423632268168
SYC,2009,0.455397293624901,42.6708881192085,11.6864074778345,9747.09180546291,0.12642622,9.184826832577535,2.459281741476693,-23.551548910740763
SLE,2009,0.6849401330465,38.2496351532666,0.107783711267138,652.845806767943,0.12088839,6.482871554191231,-2.13890529179796,1.040944025321778
SVK,2009,0.393734721445167,54.7260356993483,6.91125028451253,16586.7527805228,0.2910475,9.716419917742,1.934596430262141,-17.204677414813503
SVN,2009,0.291729875699353,50.2439782050416,8.28055924760341,24501.7897290425,0.27297422,10.106542256542053,2.1151174273788915,-25.87589025864932
SLB,2009,0.692046911210716,19.5633740998673,0.632839323659004,1554.70671006386,0.12306277,7.349685197295743,-0.4418604714158714,-26.953210088559704
SOM,2009,0.891620181695657,37.8418671506609,0.064842986920795,246.513251675105,0.30358076,5.5114641226970535,-2.59236286761912,11.064202994236993
ZAF,2009,0.48195658865424,62.2592839131287,8.83353970564321,6374.70560042992,-0.15223224,8.76025004632216,2.1796872156935905,0.5959760037991444
ESP,2009,0.30132796062924,78.2919921861701,6.47936608687463,32279.8208476151,0.2765347,10.382228551044932,1.8701648505794448,-0.7882110252331387
LKA,2009,0.483095221324576,16.7428136405592,0.615577771423657,2026.65939950702,0.17350896,7.614637401645032,-0.46907962199409986,-32.61884203911666
SDN,2009,0.717610215986906,32.5774622972843,0.460761026758193,1178.22180175781,0.59310865,7.0726100098647455,-0.7534046879099826,-10.963873134000302
SUR,2009,0.463969828529767,66.5058869102882,2.6712389250287,7129.5768626291,0.18242407,8.872147416535189,0.9862789731602328,3.641018822508059
SWZ,2009,0.59096429219278,22.2343865624794,0.949461296309199,3189.79679956637,-0.22857356,8.068025945017283,-0.04138330170157813,-31.99578048654032
SWE,2009,0.249202387262782,84.9341031919813,5.04604229815191,46707.6425044751,-0.26733863,10.751684490870351,1.6205840227415063,1.886661571479408
CHE,2009,0.187083363043434,73.5741230920283,5.76174764144517,71568.3123885672,0.13641506,11.178421663149354,1.752974918792481,-14.055645994247683
SYR,2009,0.451949260723636,55.0293653833552,2.83975010384735,2462.20193643202,-0.11091713,7.809217382754842,1.0472313075756132,3.578299055510314
TJK,2009,0.468982410531245,26.529186594207,0.407197108767021,664.795655734657,-0.44433418,6.500982800239279,-0.874196485968169,-10.873984100076381
TZA,2009,0.806290752980616,27.498387547781,0.139276768276615,693.823547363281,0.2293288,6.543657924643677,-1.9019531908539424,-10.36303100341921
THA,2009,0.470442142743592,42.9991311200422,3.40595891903064,4135.43986952819,-0.12698507,8.327590761966666,1.2284582498091152,-14.018257354998845
TLS,2009,0.763356410410376,29.4007657042596,0.31847915812698,686.579329690731,0.10731713,6.533177211525032,-1.1132818886501972,-8.348110367156206
TGO,2009,0.57211780421828,37.1195037247939,0.413729525867825,720.693768151415,0.211339,6.581600905083783,-0.8586599379908646,-1.1493486585130483
TTO,2009,0.382352412518651,54.3920297229449,28.5737184624756,14634.0565003912,0.14688285,9.591175059753395,3.352837271193019,-16.193797147435603
TUN,2009,0.376341865042872,66.3362197875977,2.38155663473538,4080.09032448781,-0.073017836,8.314119468090993,0.8719444655368295,9.463486814668975
TUR,2009,0.413072119001417,67.8401432171223,4.1835136272879,9076.92472236977,0.03987487,9.113600890667618,1.4335389570585826,2.3825343087692943
TKM,2009,0.323735675873735,46.8925342953825,10.0209076541311,3707.97850699617,0.2579321,8.218511782648365,2.3056710918108316,-8.953558039227495
UGA,2009,0.810952839547253,17.6123523369348,0.121798404134717,798.947089938247,0.36382756,6.68454558790355,-2.0264817652213525,-21.761925770175754
UKR,2009,0.323306125531524,68.5251442249547,6.26790678763997,2607.08764648438,0.41230497,7.8663725292626685,1.8370366108485576,16.460342758325325
ARE,2009,0.34925808633852,83.1701992996163,24.6511808903397,37803.0663738777,0.2667335,10.540171951850304,3.2052303834647478,2.39399107490938
GBR,2009,0.222709010305264,80.8692180088478,7.76330695463938,39009.3715547821,-0.03594629,10.571582827058831,2.050695679322924,-0.2442819390604285
USA,2009,0.214453485130984,80.6850378350499,17.1890632001903,47194.9433547336,-0.4850556,10.7620632220058,2.8448549172309145,-2.473851177034632
URY,2009,0.358483416001159,93.9337324320314,2.36627935606604,9881.39573127081,-0.13835645,9.198510244269828,0.865535968690974,27.564362167069532
UZB,2009,0.318561288372593,51.6105041503906,4.45651377155528,1205.7993547038,0.16277786,7.0957269725679915,1.4966081874540698,7.8209374892025
VUT,2009,0.644096883073946,24.2861753285463,0.620029132345927,2546.38324565986,-0.16461198,7.842821933098567,-0.4619892188467468,-27.525738527983904
VEN,2009,0.480351983127756,88.7865574027187,5.81077320450049,11596.6021921731,0.4085846,9.358553648156217,1.7614331059261241,20.69863217469141
VNM,2009,0.439397473376887,29.7581347355675,1.62877944346484,1226.16976051536,0.016788164,7.112465789269109,0.49395172296096695,-14.2111742693786
YEM,2009,0.676040294620215,30.3031502248211,1.0658436506035,969.243509864478,0.4224542,6.877547081089285,0.07310514505105796,-11.14358863942778
ZMB,2009,0.782841937928206,39.4908312026796,0.213107272147601,1136.24168316848,-0.40447235,7.036361033315859,-1.5001025821645266,-3.6612607044023164
ZWE,2009,0.705586849171909,32.7074288573175,0.604392218090679,735.821693871697,-0.53124434,6.602345927873145,-0.4871217630969229,-5.78418473331088
AFG,2010,0.761623922312546,22.2614799010924,0.278191742360873,560.621505463146,0.88581735,6.330828145182043,-1.2441292482877426,-13.31456065326421
ALB,2010,0.406363657639165,51.8815774292716,1.56778821711206,4149.14469936847,0.11850534,8.330898479934596,0.45602400372858154,-5.171329505088401
DZA,2010,0.431425416336437,67.1235057867459,3.27777236779378,4912.78585503672,1.2437766,8.499799973587946,1.1902102435910715,8.25692522924065
AGO,2010,0.556075091104886,60.1310289535053,0.976178185498281,4101.63715566712,0.12003342,8.319385254621642,-0.01391822519108547,3.201751672239368
ATG,2010,0.460292526844209,26.0170447850587,3.26887013595874,15217.3950790922,0.5891679,9.630260177701372,1.1874988923080905,-44.988480253446085
ARG,2010,0.428892837973625,90.9930051940977,4.2945461050427,10260.1313108254,-0.20352285,9.23611837685911,1.4596716979523896,24.219796711855636
ARM,2010,0.429110806288973,64.3304164043132,1.41194823962165,3041.34450723339,2.0224278,8.020383716648002,0.3520279310150829,10.611834250561287
AUS,2010,0.211434733255017,86.2198600512143,18.8509537372201,52313.8939041213,-0.41536865,10.865036387792854,2.937093845238503,1.9552394636408934
AUT,2010,0.220111526914708,67.1047429254747,8.82413428790478,46611.1393420232,-0.80743456,10.749616287091055,2.178623114315847,-15.920490207934122
AZE,2010,0.349895245747885,53.2848367714869,2.94181834728393,5843.5337683582,1.5510573,8.673262104832178,1.0824213693719178,-7.444389789006976
BHS,2010,0.443508619354236,82.4198104431593,3.49136546949749,27473.100430502,-0.5116019,10.220999037352808,1.253153026554971,5.0708987078166246
BHR,2010,0.374520833657989,100.0,23.4711361344292,21819.3291098099,0.79955196,9.990597342216024,3.1561973811158937,25.125154468329697
BGD,2010,0.722016469801483,27.7254372588696,0.399267470769648,757.385280361508,0.63584805,6.63119154194643,-0.8933863739178263,-11.075922138361992
BLR,2010,0.267652738625158,74.5501403808594,6.97190461749866,6034.67885177216,-0.29393616,8.705443613000469,1.943321747389108,13.475346997625323
BEL,2010,0.247916630579875,84.9719309583717,10.5458393885377,44197.393671162,-1.3251462,10.69644372512399,2.3566792033432207,2.517667749673251
BLZ,2010,0.426025881194032,45.1914838193558,0.72850473855954,5461.40735999001,0.088414825,8.605644879990471,-0.30312776056610174,-14.811665223923342
BEN,2010,0.761983464108452,42.8916891239353,0.518653564527383,973.244254931526,0.49456468,6.881662047287422,-0.6374219491281721,1.4007635240201708
BTN,2010,0.711181612630301,33.9051967813552,1.28984994983125,2435.5798056672,0.687172,7.798350615971327,0.2622488345989893,-17.429181601002462
BOL,2010,0.514370962764516,66.4075665659133,1.45277929592839,1929.78373077158,0.4599309,7.565681277591515,0.3803382534660921,17.571604466363638
BIH,2010,0.383914907561721,45.7392153332604,5.82913897832648,4506.47828548389,-0.16743024,8.413493137646876,1.764583350752427,-12.200597624636131
BWA,2010,0.515427245953107,63.4945974665277,1.66355894980648,6215.73216077919,-0.03703316,8.73499967159434,0.5149524665083464,2.102429483955518
BRA,2010,0.432784503056523,84.343846036308,2.27112813109879,11403.2840038694,0.33499083,9.341744353604385,0.8246701149375675,16.436419947115482
BRN,2010,0.344411888527832,75.2506559029998,18.8093247555642,34937.5555357155,0.16247797,10.461346241554581,2.934884254425583,-4.6791174649351746
BGR,2010,0.383848810238895,71.5149307250977,6.69444084245238,6853.94805511171,0.2931592,8.832726014303475,1.9027701191401831,9.073371844764822
BFA,2010,0.758705001030953,24.115092498158,0.121305612623944,624.957252224766,0.52376145,6.439282081587538,-2.0302277520223035,-12.625532451104093
BDI,2010,0.791697924740248,10.9843097335487,0.034117411675471,216.727705301976,0.46115255,5.3832452238178385,-3.120900751878221,-14.416532762770563
KHM,2010,0.593260320076354,21.1232251168762,0.355795978766856,952.274616324008,0.56451684,6.859903021980445,-1.0056795360686928,-20.1340508603446
CMR,2010,0.587444086556933,50.8505075371362,0.398005579196246,1398.58702025047,0.56700104,7.243932486551181,-0.8964744301708675,5.469501832385426
CAN,2010,0.252761717397561,81.0120892252937,16.5297747432196,47560.6666009406,2.0105917,10.76978239226268,2.805768070592263,-2.2296886658921835
CPV,2010,0.535193945453061,61.7974262732302,1.47081901354299,3579.46006137809,0.9068462,8.183246579903031,0.39259532224265825,6.330013645061122
CAF,2010,0.750140727048538,38.6244963104203,0.044491480627065,476.873786950728,0.2756785,6.1693466535895585,-2.9097109083014403,4.7824529848183985
TCD,2010,0.718547923548112,21.8472378191095,0.042606847064891,1141.80069268412,1.0052814,7.0412372764853455,-2.9449089953738254,-21.357215458054153
CHL,2010,0.342469342774312,86.9560135592209,4.2093619030369,12632.8704724192,-0.34261537,9.444136619104302,1.4396839088037057,17.949093634098062
CHN,2010,0.465256689764778,49.2340270628041,6.80718476794211,4629.24551710077,-0.008594722,8.440365173125944,1.9194465960095437,-8.994339305097398
COL,2010,0.479633807478834,76.7232975672119,1.52200045741908,6398.2958447102,0.419274,8.763943239030619,0.4265743698947779,15.02033194938231
COM,2010,0.583098319491959,28.8540982913801,0.238074876763037,1386.5742428453,0.36797634,7.235312352546042,-1.3940246559549594,-16.43434393548228
COG,2010,0.607967246457559,62.3922871058739,1.18584852172315,2946.55798067708,0.41050133,7.988732303355314,0.17885599342950126,9.013579586635494
COD,2010,0.822216750417918,39.391363708294,0.0429619235950426,352.400398754692,0.36060873,5.867601688223081,-2.93818204635434,8.789474585977338
CRI,2010,0.44856694588609,71.5081448974915,1.58829243966477,8265.78820275582,0.2509308,9.02000134532316,0.46893583414588924,7.055613107509288
CIV,2010,0.639457926342471,47.2374301523201,0.325279209216089,1553.54887048143,0.461243,7.348940667075682,-1.092791633945742,0.7288407707627798
HRV,2010,0.327852901465711,55.2824979327886,4.87506829937978,13729.7654965022,-0.55595917,9.527394250776831,1.5861832668462963,-14.618447067091253
CUB,2010,0.302477458086484,76.6099132468685,2.49451002437816,5272.26755824835,-0.51775503,8.570405479424357,0.9180931163542041,16.98516684479622
CYP,2010,0.355727904080225,67.5229111556342,7.01719074742689,31105.02734375,1.0153407,10.345156884654784,1.9497870167721816,-11.159214442341622
CZE,2010,0.240060015131784,73.3495599222723,11.551447766509,20160.4355077059,-1.2085081,9.911526925389676,2.44767609471983,-0.6762230803041263
DNK,2010,0.214837140310546,86.8652420043945,8.75320381499808,58104.5445594981,-1.8586226,10.970016369603387,2.1705615703902597,1.4733405393718755
DJI,2010,0.782439091765356,70.6486554782903,0.872452703625151,1213.23352553429,-0.16325538,7.101868313527711,-0.12505008523676606,26.793142756659144
DOM,2010,0.435895709540369,74.1642773174177,2.13109236851685,5478.62470398954,0.25993586,8.608791892923437,0.7613161513751281,14.12733547441394
ECU,2010,0.519052143259428,62.7405258611644,2.53722052479008,4520.30959039763,0.4391419,8.41655696325081,0.9350027744205132,4.767813373704342
EGY,2010,0.470073703053096,42.9057175520154,2.37407988100642,2455.08194645282,1.6284113,7.806322654529959,0.8688132557753172,-8.514265023317378
SLV,2010,0.480981772689851,65.4327927543162,1.10817799335525,3040.07300952878,-0.22715473,8.01996569578403,0.11170056899754542,11.718699331827175
GNQ,2010,0.550921424284524,53.1218806529176,4.8069734291493,13720.1658723222,0.35135317,9.526694873786388,1.5721458115750127,-16.771554397980957
ERI,2010,0.76465013928325,35.6346549987793,0.175472788475838,539.699512069686,0.3092413,6.292863693982681,-1.6848471005477215,0.46627883073524856
EST,2010,0.260290936025561,67.8048042926262,16.6849546555512,14663.7041018705,-1.3988446,9.593198804042665,2.8151065573422858,-2.8027536563732554
ETH,2010,0.849387306479363,17.4937839508057,0.0760019100821557,330.619412798644,0.16350365,5.803987964366165,-2.453385772717649,-12.425017470308475
FJI,2010,0.424001349143823,52.0415147785104,1.86342771844612,3449.14452883369,0.36991024,8.146171401563505,0.6277697574804473,-3.027782524723719
FIN,2010,0.177023583217441,69.7855798796947,12.2771915772077,46506.2919016566,-1.5952336,10.747364394370637,2.508557384625826,-13.215472304565395
FRA,2010,0.282580481526664,77.0962844808803,5.80194807906,40694.8211697025,-0.8327317,10.61388069219627,1.7599158122648297,-4.47141229297533
GAB,2010,0.474936092487133,86.1852592472945,3.46431347786676,8356.74662013345,0.3702415,9.030944126699254,1.2453968991730313,21.61522326290651
GMB,2010,0.648024118624123,56.0110896605662,0.22879328153304,801.033372714536,0.5050399,6.687150218864276,-1.4321570321432184,16.608842881484087
GEO,2010,0.387869304737735,55.1969344748228,1.66699456914275,3281.72930937343,2.0310535,8.096430461885783,0.5170032443997815,0.6617581454925414
DEU,2010,0.255595541597295,80.305702559949,9.96567124737992,42396.9665976293,-1.3885044,10.654855682466964,2.300149253482275,-1.7019859360350011
GHA,2010,0.584233456471063,50.7296926788704,0.436820497903925,1263.89251760539,0.46272835,7.1427424312319285,-0.8055983357043992,6.435271410334266
GRC,2010,0.257450771874864,76.3631476983077,8.01145293539691,26653.0488008626,0.72693557,10.190696343040022,2.082119569484782,-0.6603720218635232
GTM,2010,0.501300933380542,51.3270380592706,0.812345449469632,2805.25960237322,0.24036233,7.939607773265813,-0.19559471737904863,-1.5241675264704497
GIN,2010,0.56215069929498,33.8075426880206,0.241465874753248,659.235326211315,0.25658146,6.492596326335519,-1.3804479855144518,-3.50557358352534
GNB,2010,0.834923326288243,40.0095596313477,0.200338749970473,600.194298540768,0.31488833,6.3989181743687285,-1.5590359528076332,3.7023645604506044
GUY,2010,0.530084119457879,26.4592185137368,2.35059846033932,4581.76179693492,0.12295707,8.430057107800497,0.8589151717798476,-31.6584592759761
HTI,2010,0.707679621455715,46.0679741838751,0.26510476988653,1209.72733503094,0.105042614,7.0989765613319,-1.2906032724649903,2.2435132579905286
HND,2010,0.510648440830488,51.3273733161098,0.95425728178202,1893.32722662035,-0.10567474,7.546619028949885,-0.0363971301649692,2.6961027015870087
HUN,2010,0.279558393806943,69.5305480957031,5.23461796037869,13189.8433874768,-0.65860844,9.487278185098338,1.6572024003734,0.0603716379580419
ISL,2010,0.21608111165403,93.4588348107886,11.7481708333202,43776.4677400475,0.39354458,10.68687452883864,2.4645483889883284,11.10732616347407
IND,2010,0.672022103538117,30.9042190810094,1.39129863287623,1347.51939071367,0.4925283,7.206762521945196,0.3373994015825051,-14.077653478610777
IDN,2010,0.447819254477761,49.8521375148888,1.80134962735397,3065.68348377765,0.29867664,8.028351958194524,0.5940722178903433,-3.9520080593112183
IRN,2010,0.450534007541097,70.6092626774386,7.44954181717631,6291.19443655454,1.161553,8.747065165886742,2.0094939937203957,9.087534746786545
IRQ,2010,0.562059730390805,69.0582953378474,3.59130892513878,4461.75196161555,1.584466,8.403520886480655,1.2812973696954506,11.225564967039624
IRL,2010,0.285514631770469,61.8910689348512,8.97445371922665,48623.9666422487,-1.1798362,10.79189239489992,2.195495719191478,-21.58812739310195
ISR,2010,0.263746485134661,91.7316426703946,9.43716879164699,31439.0887027614,1.6545693,10.355839067873813,2.24571509784946,12.934811195502618
ITA,2010,0.320953856108889,68.2163741829857,7.08186391750757,35856.8625485539,-0.5271315,10.487318139932395,1.9589481998591647,-11.992286872748679
JAM,2010,0.496937673946916,53.7535679480806,2.79862095462073,4809.977380312,-0.083706535,8.47865554002804,1.032693599401676,-4.885962507057549
JPN,2010,0.21292021221502,90.6228586840649,9.50311626454283,44968.1562349739,0.36663225,10.713732116746254,2.2526715057982045,7.982951765570377
JOR,2010,0.386812994329053,82.2601083887084,2.82145795221434,3718.46571622945,1.9147025,8.22133531228268,1.0407917564576954,26.383696836007687
KAZ,2010,0.299037789582699,54.2054127497102,14.3850527504913,8793.07589980782,0.2036831,9.08183358056635,2.6668845885583834,-10.91107701775946
KEN,2010,0.763297055433376,31.8713287706458,0.324116934124197,1091.51873101194,0.2340072,6.99624107191379,-1.0962642451086457,-10.849952761805103
KIR,2010,0.516243794564205,48.4603839564718,0.562076832499264,1522.10068744154,-0.44497395,7.328503461965024,-0.5584819740716445,2.1712504188993975
KOR,2010,0.266893211349881,81.9685075986486,12.3690482033055,24071.2620526362,-0.21154374,10.088815504451865,2.516005382500045,6.0389899838139485
KWT,2010,0.315713742917931,100.0,29.4966453441835,39212.252220155,1.2447596,10.576770035487524,3.3846155038817454,18.83079951977922
KGZ,2010,0.347034964099757,35.267768240398,1.20827304040436,876.954476440354,0.33710185,6.777594743134131,0.1974343152688617,-5.105676865460438
LAO,2010,0.550045173834715,30.6468600890172,0.467525939369713,1125.91610151261,0.525235,7.027240067180488,-0.7391367972494514,-12.407290376935283
LVA,2010,0.288180042972066,67.8270681752453,4.23345275809216,11188.4191700977,-1.1733255,9.32272389380131,1.4453772675960148,0.1238848402094419
LBN,2010,0.497142111877249,87.6392192810679,4.09800035229092,7625.81051551165,1.7078663,8.939425017947357,1.4129363778235913,24.051920571329134
LSO,2010,0.653132034227239,27.4004815007995,0.261640445014179,1119.47557793042,0.62201405,7.021508497314403,-1.303275980488076,-15.592123049480577
LBR,2010,0.770941451991049,48.1407517057907,0.1956938966072,492.252808033724,0.16669099,6.201021837808414,-1.5813661540944928,13.958578492149385
LBY,2010,0.470802204017651,88.1177139282227,9.79867306653797,11600.9068649472,1.6494874,9.358924748493978,2.2832670010785097,20.02580380414993
LTU,2010,0.302809592747181,66.7712860107422,4.53332954506564,11829.122609457,-1.0761298,9.378404321200803,1.5136601232319808,-1.5297968473563373
LUX,2010,0.218202877186339,88.48791681658,22.1192102620953,110885.991378721,-1.1691517,11.616266865995831,3.0968984671223145,-3.8434583848742676
MKD,2010,0.48144029925345,58.1206815541291,4.71412907992507,4833.36586759968,0.35338354,8.483505244704636,1.5526832222473923,-0.5709252992796223
MDG,2010,0.734957961757492,27.8651684949103,0.0887332565790363,450.009391645726,0.419964,6.111488163334034,-2.3153334432067596,-5.355587147666007
MWI,2010,0.799704802858455,15.4776969380518,0.302506403583916,683.124694716799,0.18210666,6.528140203225063,-1.163130318547097,-22.217091458378917
MYS,2010,0.365994801993765,70.8625314831025,7.52034773024468,8899.34505544675,0.2637205,9.0938453252436,2.018941220060933,5.617058933906861
MLI,2010,0.795139073944994,23.1359461824894,0.124608048140889,797.151541135109,1.0955124,6.68229848059268,-2.0053880705360916,-16.214202361466043
MRT,2010,0.636768780712225,45.9541923109942,0.621327557199794,1659.96369705455,1.2489349,7.415153253296513,-0.4599304430488314,-1.2653915002240979
MUS,2010,0.481926919139628,40.3046131827718,2.93961932181702,8113.17670740212,0.36820364,9.001368021616772,1.0816761185730481,-23.94783294196958
MEX,2010,0.414262788987393,76.5244441414713,4.19755809286418,9728.80078377082,-0.4134086,9.182948700537848,1.4368824539665175,10.32217459771465
MDA,2010,0.390562383276412,39.2804946899414,2.97129565385693,2436.79935102421,0.009785433,7.798851006007988,1.092357989199963,-12.059256908431976
MNG,2010,0.423112474623628,67.8298018313254,5.44277377454793,2625.21881402433,-0.934099,7.873300377371649,1.6961244286626405,15.690608746785273
MAR,2010,0.489933382251643,58.3287516486646,1.60291293785669,3067.9853515625,0.7229974,8.029102281575598,0.4780418223960186,4.516549060310055
MOZ,2010,0.616594338301822,30.9861779822921,0.156770431712185,496.185839392659,0.3416308,6.208963878524334,-1.791137072683864,-3.281277305822595
MMR,2010,0.668654347167427,29.1415329218024,0.176083810704641,1010.53417343401,0.59205943,6.919223440944676,-1.6815581115702194,-12.752729010143945
NAM,2010,0.563970409852056,41.7946176561991,1.27238885378833,5418.21633365814,0.051578205,8.597706496093904,0.24872463059446798,-18.123288579736055
NPL,2010,0.728604469219542,62.0156581578338,0.175005793295226,585.278491984574,0.6603814,6.373794918979654,-1.6873681392847903,25.978237999171775
NLD,2010,0.206075581343028,87.3502790247129,11.2017265434693,51305.7338533973,-1.4645848,10.845577286743248,2.4169602433751867,3.29461134537263
NZL,2010,0.274149745203665,85.8614043258228,7.68715379134392,33761.9009639947,0.32757708,10.427117874046486,2.0408506230390597,6.299177069943923
NIC,2010,0.621542864071464,56.842311091973,0.814142171173605,1526.56706951408,0.10403633,7.331431598110679,-0.1934122261235603,10.52173506577909
NER,2010,0.733246993144879,16.2416301279116,0.0871239576683192,474.425692340831,1.1652555,6.164210597093957,-2.3317672022096296,-17.545261937677324
NGA,2010,0.572928231600819,51.6778188255446,0.566502430832841,2202.25672957344,0.68941087,7.697691876359964,-0.5507757227461956,1.4243195818099608
NOR,2010,0.20882829378099,79.245002746582,9.81436424221947,88163.2085931423,-1.7120088,11.386956361372793,2.2848654474906147,-10.624023515563863
OMN,2010,0.415694725287398,75.1579724666274,18.6742369569522,23570.1798147325,0.41347298,10.067780050457339,2.9276802249054166,-0.5456652744681776
PAK,2010,0.640541013899085,34.8159187475539,0.781255493557947,987.304571124485,0.55145854,6.895990920611232,-0.23413436266261176,-6.82887109023541
PAN,2010,0.426682783535031,65.0926097647906,2.52989154024971,8331.46422259967,0.33162084,9.027914516455265,0.9321213794296542,0.5551059035300199
PNG,2010,0.678588472169606,13.0021920069407,0.554318104497753,1866.86889851208,0.38247967,7.5325534335164805,-0.5721371714138566,-35.478041462323006
PRY,2010,0.446766477400542,59.5122792618786,0.913894475939317,4750.96273669458,-0.34096718,8.466313019407059,-0.07915741739105008,1.0052834789283907
PER,2010,0.51612348711807,77.4020936833934,1.57630028365174,5072.11494019615,0.38295522,8.531710294553493,0.4614044392456839,18.192858326398387
PHL,2010,0.423635522526724,45.5208176726647,0.881994350568382,2162.91375885614,0.37425342,7.679673786517955,-0.11429547986570189,-4.539202321247657
POL,2010,0.256742229596755,60.8474783987677,8.65823367232175,12567.7317676382,-1.2136027,9.438967402909324,2.159665041354331,-8.103934195647874
PRT,2010,0.280257232968085,61.0788867241731,5.03622400242124,22551.935098809,0.0007578532,10.023620496053217,1.6186402413107053,-14.150563268192556
QAT,2010,0.329995220662483,98.5066232166665,44.6630200292918,76462.6119486736,0.8162222,11.24457024585049,3.7993697406294853,10.166546974080106
ROU,2010,0.373454318283923,53.9038227941329,4.11641877898071,8399.5374234284,-0.015715847,9.036050961764408,1.4174099070701998,-10.721050668924356
RUS,2010,0.347294291839428,73.6696307887624,12.2289345872818,10674.990234375,-0.56716305,9.275752595797039,2.504622229772944,6.4708278614574795
RWA,2010,0.777593183121779,16.9255580310614,0.0708695172198292,593.624927744346,0.46538067,6.387930833237779,-2.514918321722457,-19.263654360306525
VCT,2010,0.507611040535661,46.0626395961215,0.882146982056949,6551.96835992405,0.53655833,8.787673410693344,-0.11412438188579614,-15.895141923488836
WSM,2010,0.51507605165313,19.8302101862085,1.36304999922289,3524.2479246203,0.17893124,8.16770604599872,0.3170345421627642,-35.4703273254522
STP,2010,0.713681534418896,66.0572200728291,0.679860507585175,1045.20958234528,0.02004083,6.952928990085237,-0.37126586474854584,23.801026081505434
SAU,2010,0.375111383316696,82.0791668544465,20.3047423300728,22028.3901426586,1.0370197,10.000132756374558,3.0113468456316013,7.101929515746974
SEN,2010,0.65323492452203,43.6371785059692,0.552265288044008,1275.88357492357,0.51391727,7.1521776811037725,-0.5757814976826596,-0.75855899992046
SYC,2010,0.469394453111956,42.660307244583,10.2149938732316,10934.79494629,0.10581907,9.29979662788875,2.3248351027337324,-24.79668183522744
SLE,2010,0.709026345825613,38.6417328938613,0.114146335505697,685.039673490948,0.08998855,6.530935459130801,-2.086294284131352,0.9169288842082182
SVK,2010,0.393669100686309,54.5650740704331,7.40271408613822,16899.448680529,-0.57541496,9.73509544970247,2.0031966456792145,-17.566177943547004
SVN,2010,0.286078219911755,50.1194862794826,8.37691223640926,23329.8417691156,-0.70584327,10.057531445338238,2.1266724237063483,-25.47410137042378
SLB,2010,0.692046911210716,20.1194058206257,0.672648264060882,1685.14535823757,0.313594,7.430200349695793,-0.38177553879626064,-27.261754547756205
SOM,2010,0.889424347918156,38.5735080618592,0.0643056345273874,219.202453852397,0.31533447,5.394547367970344,-2.5995684953102205,13.051302513674596
ZAF,2010,0.477438207909079,62.6299120560569,8.87117430020844,7973.47195771517,0.31441936,8.984000713262196,2.1839337892754704,-1.4360429466321634
ESP,2010,0.299070510095787,78.5138156234888,6.17799635729276,30658.7422282912,-0.54282105,10.330705744963561,1.822611344037854,-0.013132833566359636
LKA,2010,0.480916460946077,17.2486209380693,0.647461199097336,2808.36244503709,0.12427807,7.940712848697684,-0.4193695294512571,-35.614451009058016
SDN,2010,0.70824296266229,32.7174026591513,0.47757128392889,1305.63598632813,1.0677371,7.175211163989822,-0.7183187757899641,-11.925669665726602
SUR,2010,0.482683791002884,66.4338443691967,3.18171816781622,7943.60482816915,0.082811676,8.980248339303254,1.1605593823988223,2.408182566563511
SWZ,2010,0.599156113870683,22.3330792067471,0.769666711644852,3922.74039390733,0.41414562,8.274800659961342,-0.24888874337707578,-34.117446219902504
SWE,2010,0.248264855811698,85.1334228515625,5.63902638970728,52542.5759090299,-2.1320918,10.869398121620687,1.7314832099036914,0.821965723804567
CHE,2010,0.183138327089364,73.6086716419323,5.92014552501505,76531.3729407691,-0.9503148,11.245469105997373,1.7800487531832347,-14.741056610852667
SYR,2010,0.452327378672809,55.6962002889119,2.78848083131261,2730.61477118949,1.6271468,7.9126482045951905,1.029076709696592,3.1344880494501552
TJK,2010,0.442940799027428,26.5274312963978,0.401325589792452,737.338883219356,0.3128095,6.604402910558527,-0.88837018882617,-11.98627028859373
TZA,2010,0.801116499898912,28.1968953939105,0.163841548892358,736.530151367188,0.31284618,6.603306970588026,-1.7496110332004502,-10.305037926786536
THA,2010,0.466799821404865,44.0018736622496,3.59232409675161,4973.86288823778,0.5560042,8.512153089059694,1.2815792195943738,-14.99735533553978
TLS,2010,0.759016681492553,29.6398840020416,0.308293974530714,813.060220670369,0.39476967,6.702034344433598,-1.1447798750312506,-9.92218934437724
TGO,2010,0.542752465939207,37.5545882975638,0.375041403085588,704.986772286079,0.5175228,6.55959650117902,-0.9544044099943693,-0.4779795740323749
TTO,2010,0.382839571670825,54.0899565963587,31.1317933937106,16815.424737361,0.66089964,9.730111350728357,3.438550756067722,-17.987775885917053
TUN,2010,0.373678702772098,66.6280059814453,2.57579895188362,4291.86120891575,0.511664,8.364708738075986,0.950034532502794,9.212042616639366
TUR,2010,0.408720273919641,69.3471253941487,4.26801919276368,10698.9699409757,1.6912146,9.277996211191445,1.453490097037172,2.1242304000816716
TKM,2010,0.32300828422804,46.9171732247121,11.0800243550197,4058.53937000739,0.85260886,8.308824790495994,2.4060459974842736,-9.898705206025198
UGA,2010,0.808403387442335,18.7990645544572,0.117311081090243,823.488144282,0.05383873,6.714762762614281,-2.0611217301510396,-20.899687253586425
UKR,2010,0.318002603171429,68.637397133357,6.8001696142477,3039.63232421875,0.4608072,8.019820774158724,1.9184170264955582,14.924859887332474
ARE,2010,0.351162866021833,83.3714299144178,25.0301244367043,44795.2949302268,0.889929,10.709880712532746,3.2204795157364945,0.7728795883548827
GBR,2010,0.223201132190927,80.995165116277,7.97797355319206,39778.3220528565,-1.195253,10.591102509850886,2.0779371047308697,-0.3279382699807485
USA,2010,0.213607473892363,80.6997744673366,17.847084306938,48642.6100179312,-0.08041688,10.792275733004598,2.8824003094301407,-2.7835381664831402
URY,2010,0.354729571717534,94.3333219475319,1.94598292040572,12641.0576849008,-0.13473678,9.444784445978708,0.6708928396755862,25.319445621437936
UZB,2010,0.317353960569049,51.3321647644043,4.78418105352781,1753.20730243278,0.7699993,7.469772354336561,1.567402901992376,3.52607801153912
VUT,2010,0.677955147871116,24.742504119873,0.650162855511904,2815.18828985779,0.38147005,7.943139579338706,-0.41526872362401934,-28.14662619570861
VEN,2010,0.480169593881582,88.8026372923982,6.13592407148401,13646.3046622664,0.5033488,9.521297320475362,1.815789109496609,18.967161468845603
VNM,2010,0.432490010194498,30.2504027258526,1.79273486369334,1683.16182443979,0.4707686,7.4290232854584515,0.5893048805478039,-17.118118261350144
YEM,2010,0.672480766683018,30.6232848305331,0.984687109444892,1155.20305261418,0.26834503,7.052896684857812,-0.00532705414681553,-12.706367821539704
ZMB,2010,0.781223554372792,39.9558857709992,0.230036760341164,1451.10616017155,0.062364895,7.280770305777917,-1.4269631992809964,-5.820686483345547
ZWE,2010,0.706052189120615,32.7284525810054,0.753832502230367,902.010759067388,0.25023547,6.805734468149313,-0.2694067517701299,-7.947158455530612
AFG,2011,0.801086070232269,22.8205691572485,0.392640542832169,606.694676337726,0.47087845,6.409672578756921,-0.9097110683325228,-13.602107305491906
ALB,2011,0.399481870451645,53.2917382892465,1.72129581663193,4465.70914328865,-0.022100529,8.404407206917165,0.5488701550838706,-4.550509439653162
DZA,2011,0.429304465210862,67.7344007507578,3.38189926038203,5916.31364364343,0.042295933,8.685637848478796,1.2213900183088011,6.872282767380796
AGO,2011,0.559715398032181,60.8431610396073,0.976536306021153,5184.15269149912,-0.36334214,8.553554568928021,-0.013555151336915832,1.399360650694085
ATG,2011,0.459681853420111,25.694689859722,2.46490293286383,14911.7275084471,0.042849857,9.609970322514245,0.9062011762066495,-45.092961586463616
ARG,2011,0.429581637257598,91.1072286738406,4.42921822947444,12704.2831819684,0.07307998,9.449773184523451,1.490478286498515,22.03978299607506
ARM,2011,0.425204155941659,64.3207449145194,1.61963737243634,3349.55309771906,-0.726695,8.116880714987715,0.48835751917039893,9.565972631148952
AUS,2011,0.209217638924889,86.3268946146423,18.480821685778,62799.3895017032,-0.8193019,11.047716554693476,2.9172744838804237,0.10064424504086844
AUT,2011,0.219343316352753,67.1484255415056,8.6022725227944,51116.8953522042,0.4433452,10.841889917472349,2.153188223543287,-16.8676469617307
AZE,2011,0.349583325055372,53.5085461893249,3.21257348402642,7189.81869211976,-0.72321063,8.880560309618145,1.1701802589929087,-9.44666001180677
BHS,2011,0.446700284553434,82.4130347470308,2.29791057463905,27090.8376801379,-0.0036792755,10.20698776888535,0.8363426020715791,5.214576790968422
BHR,2011,0.373040020525612,100.0,24.2703050994962,25032.7867743333,-0.36899915,10.12798166240875,3.1896655319894562,23.649914004922778
BGD,2011,0.718000418404865,28.1100162712427,0.425203089273234,837.336944695647,-0.12165276,6.7314201016445,-0.8319424849517335,-11.767602968801846
BLR,2011,0.259616866450006,75.0597534179688,6.65434111179211,6527.6593428786,0.2315735,8.783956893822754,1.8967710907982334,13.14188006300737
BEL,2011,0.243535978191285,85.2349607044689,9.46659728377578,47760.8298776546,0.6066318,10.773982061353765,2.2488253155233022,1.9480865332461406
BLZ,2011,0.434725603767647,44.9417819131729,0.45829794254777,5596.05222152289,0.22030513,8.629995349118136,-0.7586505562514273,-15.322843820529712
BEN,2011,0.766069232524582,43.4616136137276,0.491508351362043,1059.41358852588,0.32690653,6.966414288861132,-0.690135018953014,1.0606137348949147
BTN,2011,0.701913165625698,34.4637606688377,1.55939648452092,2787.97967608562,-0.011413966,7.933431100431924,0.4506911406940207,-18.321119460832406
BOL,2011,0.520212843602429,66.833715633176,1.55521407094396,2315.52121930607,0.25134993,7.74782186488644,0.4480226011833513,16.04191778738373
BIH,2011,0.383579545044897,46.0528777644843,6.75293000851462,4982.69375768263,0.28249288,8.513926613491707,1.9114562293620534,-12.965395437194395
BWA,2011,0.511937480418822,64.0187810722889,1.93548698237551,7287.38295334919,-0.72912556,8.894036983298776,0.6655123222741127,0.9188616004003691
BRA,2011,0.427262302679907,84.6225758599683,2.37418967936326,13396.6263158041,-0.10581461,9.502832829636118,0.8688593095293969,14.985372764948679
BRN,2011,0.339812443688894,75.312125504778,19.6830658831365,46382.8274255349,-0.05750243,10.744706130594299,2.980266588154873,-7.660382095356624
BGR,2011,0.381259643799157,72.6101653885532,7.4553286135295,7849.58061302818,-0.5139856,8.968342771484373,2.0102694505888543,8.712346234641558
BFA,2011,0.754068518781913,24.4682976845657,0.133063992431119,725.024767725475,0.43563366,6.587584129567228,-1.9444632493019631,-13.864802895676984
BDI,2011,0.786486819947849,11.5616652230006,0.0427455176375168,230.069761381132,-0.19918299,5.442719662250699,-2.9422764839327944,-14.477817097655796
KHM,2011,0.570857061914952,22.3824788531276,0.364412931860331,1088.98152823081,-0.21684933,6.993916028502356,-0.9823959947499568,-20.313836233990138
CMR,2011,0.609004413308489,51.2229843034125,0.367209784906356,1513.96056994878,0.018776735,7.323144691168327,-0.9749537876622738,4.991393544392416
CAN,2011,0.252573224842226,81.1031425434213,16.7674945217889,52223.8588398531,0.30612025,10.863313883498243,2.8200383765289048,-3.142981697332928
CPV,2011,0.524403967113,62.7419929036884,1.70437992597473,4002.01386888785,0.2874179,8.294802823610066,0.539051456041209,6.076683132443343
CAF,2011,0.781268267685956,38.8030669465007,0.0476449067813708,534.057281471636,-0.23468478,6.282373809335901,-2.853453383414135,3.7473317426197497
TCD,2011,0.754922886541081,21.9558736797638,0.05359468136292,1308.1421872538,0.101531185,7.1771273828174404,-2.755225438502123,-22.707775109351648
CHL,2011,0.336466453388673,87.0109164653326,4.55717718537356,14487.3927832032,-0.12305963,9.581103110129161,1.5188953303352308,16.533242749622303
CHN,2011,0.458039015170929,51.8300285339355,7.40185065816131,5703.76027973346,-0.2718251,8.649056242085287,2.00308015956407,-8.639274127486104
COL,2011,0.47799233078744,76.839003613206,1.61663552853102,7400.9940695669,0.017483234,8.90950471175244,0.486513788717226,13.57299081378325
COM,2011,0.623991758437933,29.1136750253686,0.210760774545846,1531.43789372951,0.0347902,7.334615140874649,-1.5106756318744747,-17.241086059904887
COG,2011,0.654028032909657,62.5597508130231,1.05242743383335,3396.16505817952,0.07298025,8.130696556376543,0.06055632191543787,7.656623257200756
COD,2011,0.823778048225249,39.7849692825859,0.0475516268605633,372.514273875789,0.04455884,5.922956220377549,-2.8550728755680392,8.588680118454604
CRI,2011,0.446533375121081,72.8426586679914,1.66999542065841,9276.39107511347,-0.086950935,9.13533565210738,0.5187910676128871,7.1516606836983385
CIV,2011,0.64848683851834,47.6797551269623,0.307997563310417,1596.62826565998,0.0522631,7.376275474521446,-1.1457115587771762,0.8776430643096518
HRV,2011,0.326866637065347,55.2773793281248,4.77830091047516,14691.558296292,0.17036743,9.59509640623745,1.5661756325202727,-15.35055517867449
CUB,2011,0.303437925527051,76.707663902788,2.45522503021925,6104.46105236166,-0.0818882,8.716938904145639,0.9022830934777585,15.509433444549956
CYP,2011,0.354602379001196,67.3979892758544,6.67871500305715,32485.798828125,-0.3520186,10.388589095896517,1.9004217784199564,-11.750513819561874
CZE,2011,0.24015797157687,73.2878338394746,11.253602294493,22049.1080788682,0.204647,10.001072782398952,2.4215764911301583,-1.6994975509034163
DNK,2011,0.213633559096653,87.1567653955846,7.80618220175594,61809.737898222,0.13425773,11.031832380750997,2.0561962258500373,1.1010801683143114
DJI,2011,0.73985601420494,70.6776532458676,0.661108756660109,1306.34552844977,-0.3599267,7.175754046282642,-0.3988240736835668,26.02875142076644
DOM,2011,0.431399033011052,74.2440389501301,2.12429168575798,5826.51014109195,-0.12366581,8.670345111121517,0.7581348285240155,13.5461352301717
ECU,2011,0.515918024782135,62.7949053547691,2.50021091296638,5153.6916424375,0.18643427,8.547662577482019,0.9203667786837187,3.41437349736659
EGY,2011,0.463795082818862,42.8634168470177,2.40787061503775,2590.64384891965,-0.39975205,7.860047644065191,0.8828872416781224,-9.133467650945725
SLV,2011,0.44017980538128,66.334413642034,1.15322718229029,3330.60049486653,-0.22535467,8.111208096598373,0.1511981960679996,11.640554250103307
GNQ,2011,0.549358990653666,55.9743349096911,4.80007408391614,17198.2136668275,0.11254851,9.752618944711577,1.5707124860606267,-16.345085367315512
ERI,2011,0.764642070081778,35.6706275939941,0.205637180109289,688.68165957684,-0.24006891,6.536230128198565,-1.5341580053285002,-2.11103086628448
EST,2011,0.257496218105744,67.8775556334506,16.8260839104471,17555.5455239426,0.55015355,9.77318212368732,2.823524434885397,-4.662673201903431
ETH,2011,0.846370672073135,17.863790512085,0.0854374939680603,343.024942351887,-0.026545843,5.8407141615817855,-2.3492837592063234,-12.449378855265984
FJI,2011,0.414615708651487,52.5335449475105,1.36409091456743,4139.60288609702,0.088634335,8.328596680878235,0.3177923594186102,-4.494645140692583
FIN,2011,0.18312313075604,70.0583261874252,10.8053750812877,51060.3242589767,0.83243036,10.840782625809272,2.38096874038363,-13.945856156411025
FRA,2011,0.282902188461274,77.1182717387509,5.56604040689413,43929.7840873812,0.6639525,10.690370585373737,1.7184789200055193,-5.2707777578810635
GAB,2011,0.472701429800502,86.5665383650315,3.26602075775049,10219.1139339454,0.13959567,9.232113011831114,1.186629502280422,19.836339715001202
GMB,2011,0.6474775121486,56.6696692994225,0.233694797417461,710.608411468152,0.11649784,6.567527776222313,-1.41183866688636,18.551934955743768
GEO,2011,0.38708204520238,55.6899257648533,2.01914524945287,4119.66818307193,-0.7792377,8.323770609551024,0.70761464500048,-1.2864417012980027
DEU,2011,0.254307873116066,80.3405762928198,9.81776726131477,47630.9761883572,0.40318036,10.77125958334691,2.285211773193626,-2.9170637583023904
GHA,2011,0.57203688711302,51.3304086646488,0.459557752784739,1507.43573198753,0.12165133,7.318828453772107,-0.755963978772647,5.145165902602763
GRC,2011,0.25691235015017,76.6352609929407,7.75736006243731,25504.7866510124,-0.42713523,10.14666063289305,2.0499303463438685,0.08459917498522884
GTM,2011,0.502954100725145,51.8657469899423,0.820889438069957,3168.98370607705,0.32004547,8.06148172681933,-0.18525853982542964,-2.2941478804660633
GIN,2011,0.605822198862795,34.0732054685603,0.248995712600675,636.694958747648,-0.039301556,6.457860047923266,-1.3509437710849603,-2.8669107154207865
GNB,2011,0.834596158130715,40.4391136169434,0.19800059201182,719.539573498937,-0.03661728,6.580000338981823,-1.5702143530741965,2.187448201367971
GUY,2011,0.499012550082155,26.3999996185303,2.45713680706236,4947.22170589917,-0.002673785,8.506783539683015,0.9030582908383399,-32.541570859716046
HTI,2011,0.699919673523317,46.7523749519985,0.296967070987273,1312.03953552013,-0.12135538,7.1800999846797335,-1.1810147977755476,2.0568061989257274
HND,2011,0.500282050996651,51.9908892304951,1.11128244992174,2073.66121088074,-0.027532896,7.637553147469793,0.11447307481645184,2.383162998936676
HUN,2011,0.276395073970005,69.4779934082031,5.15825393134008,14211.460557822,-0.0668737,9.561874362879708,1.6425349005944232,-0.7932009511787186
ISL,2011,0.214318798052584,93.41106112427,11.2966829041986,48254.953927254,0.05344979,10.784274496610333,2.425393958357032,10.013666211406672
IND,2011,0.667098211001007,31.2746502853309,1.46337391608571,1445.46127486037,-0.15502739,7.276875352443838,0.3875549518966988,-14.460097743705937
IDN,2011,0.446798169258389,50.4830017089844,2.00399300866727,3579.46442466152,-0.022669792,8.183247798539938,0.7001193229235478,-4.984424004975494
IRN,2011,0.448275952977025,71.204050944517,7.47503068180157,8025.68743364356,0.04761819,8.990527197999253,2.0129051169682763,7.068014186104946
IRQ,2011,0.563121914831265,69.1252233869916,3.60389826022629,5775.54229080293,-0.697623,8.661560563077426,1.2847870402038486,8.521648632006823
IRL,2011,0.282716465848469,62.0872735820277,8.10989492769128,52613.8540355689,0.071630955,10.870753754973,2.0943172141503674,-22.238740411987386
ISR,2011,0.262191456000762,91.7304024673781,9.16057585825028,34522.5215979073,-0.29569253,10.449396156155926,2.2160000823610284,11.928949780409738
ITA,2011,0.32065293264264,68.4015073889511,6.9053125750862,38432.3742820019,0.2830008,10.556681483035183,1.93373816656601,-12.551981098901166
JAM,2011,0.4975894298242,53.956586109128,2.75432585616922,5232.63644918132,-0.20573854,8.562861621216708,1.016796791926644,-5.587153924368046
JPN,2011,0.212660949350663,90.8631654434251,9.93397401297005,48760.0789494211,-0.14264064,10.794687711107184,2.296966740867309,7.353952854728462
JOR,2011,0.379839906281472,83.5505043825064,2.80918568252281,3946.85503855525,-0.47726664,8.28092768218809,1.0364480781865302,27.034186650763957
KAZ,2011,0.291221484467551,54.3996086425518,15.389052456457,11287.1464926039,-0.76839775,9.331508471177347,2.7343059787251156,-13.397903972425752
KEN,2011,0.744029634194167,31.8673949025409,0.324518228099931,1096.14499807675,0.23109977,7.000466628456539,-1.0950639073262847,-10.899260890841177
KIR,2011,0.493591451628562,49.1228169536795,0.515151789022748,1771.12926848792,-0.65665656,7.47993707911821,-0.6440679362301179,1.2075808213491257
KOR,2011,0.265037294798018,81.9615408086376,12.9702684429817,26175.2398553363,-0.47984672,10.17260740253807,2.56343039233957,5.132261136611632
KWT,2011,0.316236627173305,100.0,29.3265415693367,49169.6063813095,-0.49076375,10.803051292673027,3.3788338915113836,16.40097880776237
KGZ,2011,0.323511423404219,35.2466507961984,1.42500243843647,1117.40174350185,0.06573379,7.019655930403447,0.36116654846900476,-7.726060787661801
LAO,2011,0.603700722037966,31.2146877128668,0.486447711772495,1361.54704394913,-0.6599159,7.217111053610419,-0.7002771146933455,-13.878307954746841
LVA,2011,0.286842607677433,67.8266897008267,3.99736079222842,12902.574053337,0.3998413,9.46525961037439,1.3881328680868603,-1.4070500781638202
LBN,2011,0.472838620387211,87.8270813653079,4.11737002602031,7834.96257108993,-0.5191326,8.966479002520344,1.4176404065574741,23.94927546608443
LSO,2011,0.67029145892261,28.6150355175921,0.270207332737838,1280.73390931581,-0.691992,7.1559690569012275,-1.2722254757648406,-15.821413992262354
LBR,2011,0.769140109912341,48.6583302770849,0.209775565020002,568.087865520004,-0.122068405,6.3440348431536835,-1.5151484123461314,12.940475466134622
LBY,2011,0.470883674820413,88.0970458984375,6.97396882931226,7593.8391525702,-0.44408265,8.935224236737175,1.9436173553704483,24.554855410732273
LTU,2011,0.299408107724827,66.7518340055756,4.72911365651569,14261.8433787325,0.25900123,9.565413069514697,1.5558501259254778,-3.5573591822659694
LUX,2011,0.216955514430026,88.9562814837254,21.3951272024339,119025.057203467,0.5862004,11.687097716220013,3.0636304822297498,-4.135679322852084
MKD,2011,0.483819593021288,58.2409503926967,5.28745255234082,5416.86672931659,-0.14498933,8.597457424578868,1.6672260545068642,-1.6742812994713958
MDG,2011,0.789399489831687,28.1336807024963,0.100533250373538,506.163691559309,0.18770234,6.228833814518241,-2.2024388949303595,-6.3471390623097435
MWI,2011,0.793117862979387,15.5523153908723,0.375983735889801,763.061000394572,0.06647714,6.638647629427595,-0.9519600454055258,-23.329107887997935
MYS,2011,0.363044275767977,71.4245166681964,7.48482299197254,10217.1068585031,-0.10801029,9.23191660770483,2.0142125144608083,4.696427016586497
MLI,2011,0.807030576464394,23.6379674039304,0.131495145833861,938.292902583696,0.3678794,6.845127360902185,-1.9554898675483299,-17.46064670368506
MRT,2011,0.629572172168829,47.1350407023691,0.646623526076628,1931.19975525465,0.26062918,7.566414402416726,-0.4206444444063191,-1.7087937322866438
MUS,2011,0.496523921593297,40.1665923228716,2.9195850540241,9324.24232310496,0.24548404,9.140480230566329,1.0748607932129504,-25.57964843075036
MEX,2011,0.409481303128455,76.5667802279537,4.22179978144365,10664.4944032313,0.39000264,9.274768987377273,1.4426273828138594,9.378539342510265
MDA,2011,0.355560547545281,39.3469161987305,2.98346662826114,2941.36224066021,-0.21963799,7.986968020930647,1.0964321232540308,-14.012846357806957
MNG,2011,0.426943466543278,67.9196058798676,5.82704695840423,3736.04201455077,-0.61854476,8.226049672277721,1.764225011144618,11.9925712676067
MAR,2011,0.487754046855774,58.902576690412,1.70993845880488,3301.98876953125,0.11861674,8.102583025303645,0.542288510420646,4.30133379325963
MOZ,2011,0.613106866421238,31.2062230032794,0.179664805829954,618.17649286789,0.028536478,6.42839035784023,-1.6624969446619182,-5.417446011231629
MMR,2011,0.678496332275059,29.2724765136213,0.185603670753961,1213.62898703376,-0.26682314,7.102193948676607,-1.6316647549217187,-14.586532896331235
NAM,2011,0.541622548499773,42.6276075621535,1.32617380871956,5834.7917675794,-1.1439623,8.671765228330884,0.2898101629996342,-18.085545455301883
NPL,2011,0.705655176061042,63.139949798584,0.195186556140448,785.518656222132,-0.1859356,6.667616442779155,-1.5838356837165382,23.947457792415385
NLD,2011,0.204390070412387,88.0059204972573,10.4278277326273,54701.7728030611,0.31892255,10.909669678223331,2.3454364892171733,3.2620251571818386
NZL,2011,0.272243817836659,85.8233151875134,7.46138229927007,38431.7766788499,0.1573116,10.556665933846247,2.0110800287820547,4.869993667715846
NIC,2011,0.610005350881237,57.0362425004184,0.838899676253052,1679.71192084633,-0.12169838,7.426972745043902,-0.16381426661059068,9.68974033011667
NER,2011,0.724579026089022,16.2303066053496,0.0858043617469507,510.75956176268,0.4123117,6.237854908807844,-2.34544706532412,-18.34738217115706
NGA,2011,0.578754214445471,52.490352424079,0.606966647220167,2418.41316975875,0.18737333,7.791280297909606,-0.4829403129071067,1.2318955099003546
NOR,2011,0.206469883897185,79.311620451463,9.47669413505272,101221.813476644,0.72320366,11.525079440041171,2.2498901994622846,-12.040579103647318
OMN,2011,0.416380607412503,75.6585803514688,19.4168676625401,25188.0074151885,0.06270584,10.134162964647652,2.9666570389955615,-0.7578808104876202
PAK,2011,0.66006282798426,35.0113675889897,0.761925389822866,1131.73513834324,0.13671446,7.032390463481696,-0.25886737893498796,-8.098088118605098
PAN,2011,0.420131794711408,65.1896678664818,2.7068055952273,9662.29590911979,-0.07494831,9.176090060434275,0.9994567766245621,-0.9389532187714167
PNG,2011,0.649509206534563,13.0000025015364,0.568647823877457,2288.37591141234,-0.0964543,7.736034531638308,-0.5470612353838679,-37.665222304924214
PRY,2011,0.442915068953699,59.693499539898,0.937463561714889,5805.40154542925,-0.1572655,8.666716302618395,-0.05396680005804944,-0.9654378327345299
PER,2011,0.510158111393585,78.0118164985462,1.67824036552445,5861.35793645245,-0.1422944,8.676307179872852,0.5236867826740339,17.24989175307887
PHL,2011,0.41622093180662,46.6833632464759,0.860953621187979,2383.91892522087,-0.12244383,7.776920409126562,-0.13816655132234273,-4.420896384104061
POL,2011,0.255514865823291,60.7357090652544,8.58934161043243,13867.6669408192,0.16127743,9.537387397717982,2.1516856434023692,-9.272542901706387
PRT,2011,0.274217128816097,61.1410698395502,4.86833131897901,23246.5425416481,0.4174118,10.053954708295752,1.5848032185571048,-14.414110609267723
QAT,2011,0.328196881680319,98.6300610210909,51.1981146765586,103261.510293068,0.073330246,11.54502966854942,3.9358980092638194,7.063634803809123
ROU,2011,0.367644724456573,53.9608874244169,4.45806056206995,9560.6755277458,-0.33093116,9.165518255096991,1.496954435741311,-12.054213027747004
RUS,2011,0.34204231193988,73.8534851074219,12.8138402250147,14305.33203125,0.58655137,9.568457517629392,2.551305956169648,3.5116004665728724
RWA,2011,0.774487711164851,16.9323586881273,0.0720464570081352,651.133677964662,-0.28808498,6.480249568464539,-2.5004696432664124,-20.248177411404782
VCT,2011,0.525095339935092,46.18402928344,0.631007142269248,6527.68996854448,0.107916035,8.783961584769614,-0.44471467973782053,-15.733894443169447
WSM,2011,0.56572651661415,19.6174273708146,1.37484400117095,3821.50678264479,-0.3223276,8.24866171220185,0.32558749876194626,-36.55241658249375
STP,2011,0.710374953524781,66.7275977610702,0.685702589294852,1219.80189089671,-0.19693153,7.107263209428657,-0.3628330242039953,22.81415434751017
SAU,2011,0.374409141645688,82.2543876159947,20.2940259487267,27126.7498747702,-0.118300356,10.208312463576084,3.0108191889817895,5.041705014742178
SEN,2011,0.630091617052996,44.0689668509475,0.577132451936303,1374.67591873844,0.12714338,7.22670046658047,-0.5325048424671899,-1.1270004659336408
SYC,2011,0.504329893470833,42.6739844860866,8.9397422261868,12110.0937461973,0.033541203,9.40187715007381,2.191624730328617,-25.879150912618535
SLE,2011,0.703622209180073,39.0472153491602,0.135958333248529,761.146365577281,-0.16481829,6.63613861805157,-1.9244340867136134,0.1927339738482985
SVK,2011,0.395748789748331,54.4167387988534,7.01956363237591,18469.4354316836,0.08411715,9.823926647993016,1.950124631687751,-18.668387557899592
SVN,2011,0.280210917910207,49.9463818748723,7.83269836027402,24940.6284841605,0.3304241,10.124293513179337,2.0595829537528267,-26.36410056886311
SLB,2011,0.694274010816939,20.7284892962955,0.674208103880133,1924.05795643133,0.16540194,7.562711353505725,-0.3794931621940538,-28.07558159340971
SOM,2011,0.887201598906147,39.380318284448,0.0638360071358987,235.325945610434,-0.01263396,5.465211977617032,-2.605908764790538,13.099312231697755
ZAF,2011,0.47254078136664,62.850627754452,8.37758623633968,8646.05571071635,-0.5898033,9.064974161719409,2.126752783775757,-2.084824636717066
ESP,2011,0.298168997057631,78.695397956495,6.19393014485236,31824.6219134777,0.53580004,10.368026964899329,1.825182985555924,-0.23230783382581421
LKA,2011,0.474866676001212,17.7881192817964,0.757197565544141,3224.95745150496,-0.096101604,8.078985069356067,-0.26501092858772807,-36.55972745327048
SDN,2011,0.735530006490478,32.9059760141986,0.449334195811792,1332.6572265625,-0.2007885,7.195680241855526,-0.7779772384039674,-11.956894406078781
SUR,2011,0.471551514552128,66.3675227342307,3.51736300243228,7949.88867218383,-0.050337475,8.981038984065794,1.260550566976419,2.333370944208525
SWZ,2011,0.623137083804851,22.4634753665393,0.733025416139978,4225.06049411911,-0.0071123443,8.349025512820141,-0.2970250273932108,-34.78408065409743
SWE,2011,0.247661726378309,85.3600748880524,5.12869166987769,60379.4814599322,0.80377173,11.008421177060312,1.6367985081322394,-0.44421953324301455
CHE,2011,0.180004391494785,73.65058748615,5.34446068056738,90476.7589651577,0.8118851,11.41285934219367,1.6779299855817384,-16.496586423239776
SYR,2011,0.454103384465343,58.4817704183521,2.56219288858715,2952.14349372257,-0.67183715,7.990625473087072,0.9447587991260018,5.082733937348124
TJK,2011,0.474374308649619,26.4792213439941,0.393927756481488,833.601978202852,0.25347838,6.7269549383953,-0.9065192376016713,-13.350450724992672
TZA,2011,0.796093350546255,28.865726405543,0.193059357083924,775.392761230469,0.025630632,6.65465852774607,-1.5942569432525342,-10.187622789048724
THA,2011,0.465703386988001,44.8048723557374,3.57565835731247,5373.6232832898,-0.6307972,8.589443763709863,1.2769420993985223,-15.024308200774215
TLS,2011,0.754986809911248,29.633352306451,0.333991769102519,939.045238884406,-0.24751346,6.84592800057878,-1.0671375489225556,-11.473859114495891
TGO,2011,0.553740767272335,37.9872305648732,0.335011741531885,783.988944671672,0.21630032,6.665669634462439,-1.0641768291041476,-1.1843565054243683
TTO,2011,0.379958646901646,53.9253615474727,31.0660464948167,19151.0870229722,0.20179224,9.860166971593415,3.436437313251835,-19.548915417641346
TUN,2011,0.371909565346569,66.9191886197857,2.41262314515799,4420.64772206537,-0.24534917,8.394267693401233,0.8848508974053315,9.185819550379215
TUR,2011,0.404382492965964,71.0028723528334,4.48332295905392,11373.6355760885,-0.90155643,9.339141206039002,1.5025925079974927,3.1233990068308373
TKM,2011,0.3242936312963,46.9397537877858,11.6373653384927,5143.61929334647,-0.35030237,8.545706650068052,2.455080003233327,-12.41977521237272
UGA,2011,0.805855771945815,20.0561028736631,0.127802680432468,835.620060555838,-0.16372506,6.729370037391231,-1.9819324689773323,-19.799502662526713
UKR,2011,0.311011119678115,68.7234299826222,7.19759562163247,3656.69799804688,-0.24807994,8.204589266233386,1.9751354174049496,13.026838402821873
ARE,2011,0.348743836879855,83.5695007795347,24.9498559934509,51921.904511613,0.3900299,10.857515291870534,3.2172687739914303,-0.6143578621470169
GBR,2011,0.224109286651161,81.1359685592627,7.25917227971883,42295.9273835322,0.45150796,10.65246972370887,1.983642430829544,-0.846099379011207
USA,2011,0.212905908781443,80.6957554256024,17.0203888981196,50024.868799398,-0.042166363,10.820295526605433,2.8349993304749033,-3.088435308704163
URY,2011,0.350922102427096,94.6036824756941,2.34076033455321,15132.2675725587,-0.18429463,9.624650749926252,0.8547388224445347,23.658391784302637
UZB,2011,0.318745451791318,51.3395500183105,4.81134014423661,2087.86386135694,-0.39116096,7.644375590144751,1.5730519276404082,1.6585640182482706
VUT,2011,0.616240429572475,24.7861634049013,0.738066487592104,3163.1861645138,0.11484877,8.059651165498547,-0.2902634178026696,-29.354074796337112
VEN,2011,0.479937231852906,88.8079278904659,5.92634036716951,10843.9229703167,-0.0020798047,9.291452320452596,1.7810928437039681,21.44054044752096
VNM,2011,0.42803980748116,30.6996041680996,1.77200618969635,1950.92504174913,-0.74423075,7.576571365492437,0.5777398024973269,-18.253296300391735
YEM,2011,0.677906544724768,30.9237389467026,0.833886302805684,1186.47500581215,0.15478818,7.079584487950153,-0.16973750577623917,-12.692488817770418
ZMB,2011,0.779656813706798,40.3684491825881,0.239454830917406,1624.86817763443,-0.289996,7.393797215255738,-1.3884774185871847,-6.62181230559063
ZWE,2011,0.655340872241759,32.7567295776968,1.16578931263931,1037.77565157218,-0.06843662,6.945798040519075,0.1619396775071424,-9.422891880984423
AFG,2012,0.803846141365712,23.3434391310979,0.323442048526517,651.417134470046,-0.90138716,6.480684134151277,-1.098286196262467,-13.841763358923178
ALB,2012,0.397686693388916,53.8637553661449,1.58649537107597,4280.93316338873,0.4067483,8.362159860290943,0.4678108337484963,-3.5248380073876433
DZA,2012,0.427670310081535,68.3421258553675,3.72600758334859,6033.64884689543,-0.030322155,8.705272945740235,1.3180175501687625,7.26916510665621
AGO,2012,0.561368429428918,61.5114223949332,0.981682218580684,5702.45306277434,-0.06720146,8.648827070886327,-0.00835256719111685,1.0445805865789595
ATG,2012,0.459240537811972,25.4555618588267,2.59912903965162,15639.8078114787,0.07739576,9.657638663115769,0.9590164643610348,-45.843954877227375
ARG,2012,0.428487631591333,91.2041217246797,4.47886128746974,12949.717486654,0.49670744,9.468906469967745,1.5015990587809822,21.93122176475343
ARM,2012,0.423697060615882,64.3268379506998,1.87480572732383,3511.56399687426,0.35381177,8.164101533226702,0.6338247531610008,9.065005897454505
AUS,2012,0.21271891870446,86.4451259136625,18.1834489375025,68301.4402512587,-0.42759028,11.131700773343166,2.901061580796869,-0.68295166202644
AUT,2012,0.21890484240697,67.2085909812279,8.18751763791919,48250.4059142637,0.22433643,10.78418024446208,2.1038313813560885,-16.187791846830777
AZE,2012,0.349144249190506,53.8076442276208,3.47266029417207,7495.86527658099,0.5916664,8.922240249030935,1.2477964540898092,-9.595123478694575
BHS,2012,0.446749113019164,82.3947485339925,2.70887876229462,28552.0242683151,-0.20580705,10.25951813831175,1.000219575577366,4.632216552402127
BHR,2012,0.372373196222593,100.0,24.9936309104324,26438.6733230428,-0.21873061,10.18262093848244,3.2190210507397095,23.06319442264372
BGD,2012,0.718969257821563,28.4787972894576,0.450583313929743,859.680536375497,-0.03911543,6.757723397684732,-0.7752615190651698,-11.681268204898114
BLR,2012,0.258930127328017,75.5281066894531,6.80323020321301,6953.21591683101,-0.46294975,8.847103361385615,1.9188663400381112,12.932163057335842
BEL,2012,0.239495933615119,85.4915403816388,9.27476642514783,44874.1709182123,-0.31652027,10.711639934545717,2.22837503833831,2.8740994318568767
BLZ,2012,0.427310307954913,44.6903068035216,0.487120754513866,5732.66519942347,0.06565062,8.654110256078615,-0.6989223155684638,-15.833266140965229
BEN,2012,0.755219854993747,44.0475065829838,0.454419683203629,1071.5258366283,-0.0656449,6.977771740608327,-0.7669666458971758,1.5245497562610595
BTN,2012,0.693582456209616,35.0188644248365,1.47097572910959,2751.2128864294,-0.1384654,7.920160553048764,0.39270114697418973,-17.623515829711522
BOL,2012,0.51867671008374,67.2581444827699,1.62055085263547,2575.59857098084,0.22728188,7.854225424742988,0.48891790412977654,15.323779299375225
BIH,2012,0.372554701782714,46.3655655972,6.35152105670861,4693.78899115381,0.52687365,8.45420844732116,1.8502675086177147,-12.01145061815258
BWA,2012,0.508672511408008,64.3993247826904,1.67156956431633,6595.53845015424,0.034590006,8.794300313178857,0.5197276217357537,2.3703832159948774
BRA,2012,0.421794687537249,84.8973874181312,2.52901988702936,12521.7238454434,0.17242353,9.435300180531652,0.9317781353146944,15.985353661360733
BRN,2012,0.337520790470896,75.2714233503027,18.7948919633985,46968.5971164922,0.056427162,10.757255801519749,2.9341170468060094,-7.835843313498685
BGR,2012,0.3784446065267,72.7684860229492,6.83236589446759,7431.95789508871,0.5383081,8.91367916011739,1.9231335628319899,9.457647765048094
BFA,2012,0.747944243958131,24.8001912059054,0.15032942321544,731.470138867833,-0.03077046,6.596422574009525,-1.830524685271552,-13.627817081829377
BDI,2012,0.780785107705963,12.2244596804615,0.0396483854478411,231.098787811507,-0.13266547,5.447163090567516,-3.0027894076935944,-13.862736420341136
KHM,2012,0.609563199755475,23.9411047582349,0.376906521441665,1192.80263041673,0.46193728,7.084898979130288,-0.9495721617918131,-19.732190307807578
CMR,2012,0.577299540475366,51.5887119982861,0.360945218894671,1449.09874362279,-0.025469938,7.279386932146185,-0.9917008852430589,5.826994486860187
CAN,2012,0.249413789494856,81.1513483248791,16.3390529794046,52670.3447335415,0.76278037,10.871826843450958,2.794169973916779,-3.1861885528339116
CPV,2012,0.593357030471369,63.7260454520996,1.46106591399635,3736.81517011087,-0.06679837,8.226256540594736,0.3859872495864146,7.796789476356828
CAF,2012,0.758028307610678,39.0301696038517,0.047952133750668,544.395849142785,-0.19355345,6.301511859716566,-2.8481378893277647,3.7689289516585163
TCD,2012,0.742683731946603,22.1061904148178,0.0915222301903308,1354.34344701937,0.2061305,7.211810167631571,-2.2874774878274353,-22.929884044633706
CHL,2012,0.330216255011819,87.0824943735696,4.64341271955513,15241.9069981119,0.11585271,9.631869558958174,1.5376008685969125,16.05968770971083
CHN,2012,0.45026044491684,53.1003112792969,7.58441651466929,6405.0574241349,-0.5516753,8.764999294246143,2.0274133081682146,-8.61399431811222
COL,2012,0.478019196021131,76.942211203265,1.61000537888315,8108.59838244229,0.020257473,9.000803624606087,0.4824294695370213,12.695825604982687
COM,2012,0.626033606675257,29.397950693899,0.213312207502604,1490.31511351281,-0.018588385,7.30741363617243,-1.4991844530113831,-16.664719122545748
COG,2012,0.683419787296835,62.7187169094345,0.944931388370302,3732.32737320389,0.042659443,8.225055172150558,-0.04611578572078368,6.8023612947942595
COD,2012,0.825330402188744,40.1770385579151,0.0411769262109865,409.931424783784,0.017323494,6.018426350900787,-2.9724665084560553,7.955585827832138
CRI,2012,0.444172776529739,73.3895020668217,1.63797343615926,10126.9991024177,-0.0011065801,9.223059055760109,0.4995463125219696,6.75652530012654
CIV,2012,0.665657556512928,48.1242507553354,0.384376785213736,1546.9460184731,-0.017723719,7.344684181754235,-0.9304485190059736,1.661367749653344
HRV,2012,0.325819860188867,55.3042888624873,4.40975990806428,13507.7805260991,0.4596655,9.51109516234271,1.4860853751717817,-14.421635620197193
CUB,2012,0.308008086810505,76.7776920066844,2.55579516374824,6470.83673392653,-0.23342848,8.775215231894567,0.9422684359409373,14.953687103201233
CYP,2012,0.354624173582348,67.3010289148738,6.11139379970946,28991.935546875,0.13834159,10.27480747746097,1.8117898156448329,-10.62568083998822
CZE,2012,0.239307416242899,73.2249239592898,10.8487615339863,20014.0354015165,0.054587945,9.904239040174373,2.384972268775041,-0.7226013269242628
DNK,2012,0.212299530492798,87.2336196899414,6.9026384708987,58443.7747103968,-0.482129,10.975837565306009,1.9333513986042286,1.7792099020339691
DJI,2012,0.785730460224176,70.7266311335377,0.82337985015728,1400.19357858954,-0.32353163,7.2450797085191825,-0.1822657381631074,25.33330649555399
DOM,2012,0.435215179297847,74.2398679969568,2.17318836341436,6013.81965002603,-0.043684006,8.7019816445887,0.7807863603384061,13.202249422877891
ECU,2012,0.514332615804089,62.8408732819135,2.48269447452299,5634.08393191094,0.16664171,8.636767321112009,0.9133642436909902,2.5035297366847686
EGY,2012,0.456794728786577,42.8118514138525,2.50058176167515,2996.0677072015,0.21282251,8.0053896587203,0.9205145038472442,-10.745723712790472
SLV,2012,0.442152995536581,67.2232666950659,1.14454180790729,3497.91256915509,0.066903114,8.160207504674844,0.1437035621556901,12.003248936765658
GNQ,2012,0.533849024372787,59.0106940671203,4.3371269664928,17308.5723924575,0.08811569,9.759014944945289,1.4695151594229483,-13.377406815762555
ERI,2012,0.732126188838555,35.6824264526367,0.208858250345408,688.68165957684,0.06726805,6.536230128198565,-1.5193310174247459,-2.0992320076418807
EST,2012,0.252540462271914,67.9629593320316,16.0506269014195,17568.2137969714,-0.99923515,9.773903433280221,2.7763707427143993,-4.585014965807503
ETH,2012,0.830652605056015,18.2061367034912,0.0938018335872736,452.101031885754,0.17089891,6.116115129061261,-2.2652716437890867,-15.064303554141812
FJI,2012,0.423286627507082,53.0383211294771,1.31727652095598,4341.40338748749,-0.080367886,8.376183249735927,0.2831291141663409,-4.5008561790658845
FIN,2012,0.180871905037078,70.3661363168712,9.66512380653683,47551.6740841369,-0.8921781,10.769593303703253,2.269558035375245,-12.873611130857654
FRA,2012,0.280706972423539,77.1669464919916,5.55949763606406,40863.5814412333,-0.08388338,10.618018987422143,1.7173048588599005,-4.4451875259263005
GAB,2012,0.466808170191233,86.8838635787001,3.1891467218658,9296.96587941088,0.13327725,9.13755093257407,1.1628841248314665,21.16907778967304
GMB,2012,0.644871572882173,57.3207304207091,0.217513242170943,692.579361628102,0.119150795,6.541865669585484,-1.4805468349403093,19.47855720390281
GEO,2012,0.389454892614189,56.1683526759979,2.21884676178385,4530.69533409431,0.5589285,8.41885139440147,0.8014843045231732,-1.8289975406382766
DEU,2012,0.253356220946247,80.393447520218,9.94745307113612,44718.0159214069,-0.15788436,10.708154102251594,2.2983213231462742,-2.186562368714135
GHA,2012,0.549627521847349,51.9197918381031,0.541462365829504,1543.77524235764,-0.0056532226,7.342633704547273,-0.5951816822733955,5.478926970595474
GRC,2012,0.256267428868073,76.8679797449322,7.38387675666416,21624.346052551,0.48652968,9.981621334102147,2.0006521923560734,2.089519087102545
GTM,2012,0.505720890310663,52.3523385176,0.833631164466604,3286.61959336267,0.12374973,8.097919054033525,-0.17003988882823382,-2.198822396920029
GIN,2012,0.580783275831996,34.3313936933767,0.229920924452238,699.353377212197,-0.25581264,6.551585032251193,-1.4274458913800923,-3.615146579749158
GNB,2012,0.822190186725945,40.8686027526855,0.193894092164487,635.461653303881,-0.12006601,6.455924169998582,-1.590154576002522,3.9492741334185197
GUY,2012,0.474720127119838,26.3999996185303,2.68341444589756,5444.39751913913,0.031891186,8.602526038972046,0.9908096994624894,-33.56965913660781
HTI,2012,0.698602176046021,47.4314843495779,0.273948632992746,1361.39396587374,-0.06281837,7.216998700297082,-1.2589619269236878,2.339695138085311
HND,2012,0.502796908160455,52.6641557109031,1.13935896829815,2126.03474686503,-0.12723081,7.662484151157557,0.1392043680883287,2.7887189765599274
HUN,2012,0.272495766158658,69.5772326660156,4.80352430687509,12950.1594488143,0.5392044,9.468940595846842,1.5714295199530792,0.30396626050354314
ISL,2012,0.212207894947555,93.514892578125,11.3655071776899,46594.9869146614,0.3218217,10.749269698694265,2.431462550892703,10.493381130177625
IND,2012,0.663109301643621,31.5898935604399,1.57607553513255,1429.32199520032,-0.04545498,7.265654869375418,0.4612627482655452,-14.024368297989664
IDN,2012,0.444784294775354,51.1593933105469,1.9954892890649,3632.27254030331,0.04834636,8.197889047382532,0.6958880654333045,-4.4652509469636925
IRN,2012,0.448271591583616,71.7633634041294,7.46470417628295,8114.08099831877,-0.18108289,9.001479461207415,2.011524543414432,7.509720634872025
IRQ,2012,0.560535095461592,69.2222213745117,3.95321422100273,6477.59618450955,0.27370134,8.776259127683907,1.3770553680092195,7.387007060042947
IRL,2012,0.283151480959998,62.2529318511038,8.17522126702863,49335.8408099555,-0.1968245,10.806426359049933,2.102330243692726,-21.382330991410292
ISR,2012,0.261274304825213,91.7276502819515,9.80845711396245,33321.4300881602,0.39806047,10.413986025438916,2.2842639933178175,12.306433546036203
ITA,2012,0.321362187137898,68.7608794235259,6.55333989010063,34854.3949441965,0.3076685,10.458963208919178,1.8814996029820135,-11.143304807566992
JAM,2012,0.502183701390553,54.2478817703732,2.52991058385604,5340.83333232158,-0.066744804,8.583324193692661,0.9321288772045143,-5.515586503285739
JPN,2012,0.209715450711695,91.0265277326652,10.2516011251361,49145.2804308193,-0.31321663,10.802556444803544,2.328408882648787,7.4328202443441995
JOR,2012,0.390374270856283,84.9592629639423,3.23339783293465,4169.50470054618,0.47484657,8.335792338775187,1.1766214941567246,27.853805501445507
KAZ,2012,0.28513311105753,54.69208192838,14.9547390961317,12018.7966527993,-0.31759986,9.394310290541712,2.7056967068814974,-13.779800112249
KEN,2012,0.731061948615789,31.8558130142761,0.293759364539568,1285.00536171512,0.09094572,7.159296074085234,-1.1915194550427113,-12.616362190951826
KIR,2012,0.526954756759574,49.5800786695548,0.496954151971786,1843.55336349889,-0.17012501,7.519992447764283,-0.6793347095159212,1.2347257631961241
KOR,2012,0.263230745231337,81.9087898200378,12.8528563619499,26600.5477433903,-0.5501518,10.1887246789188,2.5543438062729686,4.906441938747406
KWT,2012,0.317908565718266,100.0,27.5578052739662,52155.2225833921,0.145895,10.861998774181163,3.316648616280005,15.767997476161057
KGZ,2012,0.333066377248167,35.218916221918,1.84730353944285,1168.62244675446,-0.701492,7.064436280632882,0.6191257259019347,-8.234649250736226
LAO,2012,0.594203048773343,31.7422801040872,0.511690636170271,1563.5650771337,0.46623468,7.355363158366373,-0.650680517801335,-14.835274345788065
LVA,2012,0.285566970963533,67.8331638942219,3.94598880509891,13329.3499931271,-0.77020186,9.497798668876616,1.3752305839027987,-1.7499821028603861
LBN,2012,0.449694327778436,88.0195066808075,4.47632828355561,8406.98405608118,0.1290162,9.036937016275395,1.5010346129915455,23.38511871518139
LSO,2012,0.664861565774909,29.8970340055453,0.283333185866373,1217.93071228944,-0.14524098,7.105729288070456,-1.2264461629063947,-13.999938075244522
LBR,2012,0.767338767833632,49.1773247639526,0.223437089459216,638.368751462083,-0.16489999,6.460481363773808,-1.454842662331927,12.20906074472608
LBY,2012,0.471779259830822,88.0727920532227,10.1719960487613,14975.8902795144,0.06641134,9.614263644033425,2.3206210674189123,17.239038682023917
LTU,2012,0.295941783748985,66.8536758422852,4.8479177448757,14288.1853493139,-0.59695464,9.567258260853377,1.5806098985460828,-3.4753311126713555
LUX,2012,0.221546458690691,89.4405768017292,20.4689365773544,112584.676270958,-0.26175454,11.631469777634685,3.019396873889294,-3.0540481095884218
MKD,2012,0.48508509043464,58.3924217811729,4.98507374518155,5049.8265386157,0.5488265,8.527307179889776,1.608452175791643,-0.7695326859227265
MDG,2012,0.748543081687393,28.3988032871081,0.121500587449608,493.511162904211,0.0690732,6.203569724931759,-2.028743960076897,-5.810729280026244
MWI,2012,0.786544376028599,15.6253133040464,0.361753852443003,558.46208832772,-0.010937055,6.326975765541464,-0.9895233307016124,-19.909360183688527
MYS,2012,0.358978862045939,71.9680127926087,7.40984230399317,10600.5744240026,-0.035161495,9.26875779963687,2.004157804122335,4.844320375107884
MLI,2012,0.802637055072818,24.1606168848588,0.133938525684299,872.506092465564,-0.27370453,6.772515104324332,-1.9383689755261513,-16.158282777231417
MRT,2012,0.625848161701802,48.2732447351525,0.698114469220239,1859.11733247641,-0.23689032,7.528394846694227,-0.34514951866756655,-0.16233359775959855
MUS,2012,0.482134340718323,40.0369511615085,2.98093292204204,9421.52514098225,0.083911896,9.150858393323695,1.0955853527972137,-25.820730880420683
MEX,2012,0.405459033674932,76.6585199140734,4.33350424276325,10744.1335242686,0.37427998,9.282208235641429,1.4686814515248319,9.390395967439147
MDA,2012,0.356094770050563,39.3614196777344,2.92022861745732,3044.8084324815,0.53415483,8.021521639974235,1.0750804464210173,-14.36938155991848
MNG,2012,0.41783320521605,67.9522782537785,6.21877976761671,4328.89001905655,-1.2469966,8.373297420917963,1.8291804496695607,10.44408913542167
MAR,2012,0.486060305343826,59.4348555979895,1.75533733964027,3164.17724609375,0.15164821,8.059964334935582,0.56834179939771,5.291254565936271
MOZ,2012,0.609464465872396,31.4315251735105,0.193192939095761,685.685748199513,-0.008960724,6.531876761369487,-1.5935993124260381,-6.303386591881058
MMR,2012,0.655112019000443,29.3956289363345,0.251973184982232,1202.6658960055,0.17901786,7.093127092347858,-1.3395131278549535,-14.366020066598484
NAM,2012,0.521867359686366,43.3804079185694,1.36313058914982,5942.64680978673,-0.43762898,8.690078165013528,0.3170932345352137,-17.52939043046492
NPL,2012,0.707273239012512,63.6558406194333,0.226080233042303,788.202937148377,-0.34263507,6.671023495819661,-1.443583561215176,24.426763488417272
NLD,2012,0.202597310960425,88.5342462391333,10.2418555171895,50473.9442002689,-0.294606,10.829232337687984,2.327458715268444,4.6540915308862765
NZL,2012,0.27143355307814,85.777700676896,7.89151788752524,40053.6991536369,-0.2577237,10.598001277789328,2.0670548786783223,4.380517937214478
NIC,2012,0.592962585857884,57.2316842226606,0.82136320433153,1784.69836017555,-0.10970211,7.487564855893619,-0.18468851062250763,9.234540599510801
NER,2012,0.737551609095272,16.2141284004355,0.11521705528619,528.510104469655,0.31181702,6.271952247899335,-2.077706605263239,-18.72969949770971
NGA,2012,0.578833225825454,53.302114902293,0.580337328542393,2633.19734671361,-0.054862976,7.876333802318827,-0.5270611621731042,1.1303487321306775
NOR,2012,0.205419739042657,79.4905925441617,9.2436037096601,102175.919298374,-0.19555123,11.534461092678603,2.225013065887288,-11.962347718221125
OMN,2012,0.416364469009559,76.088156621068,19.0117803076649,24642.2978768596,0.1657006,10.112260251096377,2.9455846546119884,-0.09311198584337887
PAK,2012,0.635343951186343,35.2160229383731,0.756547286914094,1204.36475491585,-0.4428874,7.094537501294977,-0.265858890578237,-8.560771114197443
PAN,2012,0.414356255035705,65.2829468288151,2.77914034053547,11064.8063662003,0.13978069,9.311615125220767,1.025733426682164,-2.3009499319912408
PNG,2012,0.649121905411479,13.0143796071362,0.527248406524125,2635.0873631547,0.0018486977,7.877051037392892,-0.6212947094497232,-39.16508827310156
PRY,2012,0.441285919796672,59.9212909454702,0.91780441878322,5642.16991672846,0.4624246,8.638201228578803,-0.07493432402955352,-0.4314499778059613
PER,2012,0.500764395297101,78.6488061451268,1.6622975160443,6519.37852981527,0.0015095075,8.782687709955606,0.5141984390509099,16.744561357047616
PHL,2012,0.421630485243393,47.9182784810426,0.893452882976031,2614.61644401308,0.10454289,7.869255082566379,-0.10153131975513893,-4.177476003118876
POL,2012,0.254313947476398,60.6341632788866,8.39990338165267,13087.420943321,-0.24672621,9.479483220865133,2.129409985411452,-8.752310419828142
PRT,2012,0.26870174856553,61.1409793914666,4.73413585593852,20593.4274224109,-0.38169065,9.932775804707104,1.556909298709184,-13.112975257824289
QAT,2012,0.326398542698158,98.7428010471968,53.5992587251326,108470.387023229,0.22116248,11.59424170311236,3.981721790568558,6.647933268520077
ROU,2012,0.361650181901802,53.9563092496073,4.36901221879411,8929.95366231474,0.45464158,9.097278461260924,1.4768231781314471,-11.326028504890019
RUS,2012,0.344589416980784,73.97265625,12.6922981666833,15401.8515625,0.09070984,9.642307937656643,2.5417829351001795,2.8377616957128
RWA,2012,0.770974905917626,16.9410248882148,0.0782278619167433,706.817269168561,-0.13621299,6.5621859659869415,-2.4278324711059756,-21.11934880036147
VCT,2012,0.485657990741913,46.3063114823836,0.80562095350206,6713.80768643865,0.102097355,8.81207046914866,-0.20380554970691372,-15.913447006439064
WSM,2012,0.485884687597082,19.478718368689,1.36439047725677,3934.60320799981,-0.081482254,8.277819442114717,0.31801034356899766,-37.00422290844939
STP,2012,0.70706582863148,67.0335889448132,0.701017213984449,1192.0202911189,-0.04023393,7.084243430435168,-0.34105863852338425,23.367333197081706
SAU,2012,0.373706885887033,82.4311918025358,20.6100945700312,28733.4375513452,0.28964162,10.265851597106469,3.0262660649037674,4.600650788515949
SEN,2012,0.632336321795427,44.5359772452989,0.553255156926921,1326.83798848379,-0.1385277,7.191307325970533,-0.5740225440491644,-0.27993656124289146
SYC,2012,0.467438101945089,42.7261758463169,10.0404289774979,12337.1554669388,0.11781088,9.42045181034985,2.307615317922284,-26.026415286454615
SLE,2012,0.658001651537462,39.4644094876975,0.148738833902196,937.504428180231,-0.224384,6.8442875743747615,-1.8404949813071048,-1.625186945527311
SVK,2012,0.39674122125306,54.2764528316182,6.67699907851554,17516.9691054078,0.2535398,9.77098243913019,1.9001652052694602,-18.240155668745217
SVN,2012,0.275891668941996,49.7619476318359,7.54292692008736,22442.1417859955,0.34923038,10.018740358124957,2.021935159670489,-25.41509916831192
SLB,2012,0.695000238949403,21.3906964219987,0.648354445385857,2066.25738638356,0.124343716,7.633978073643933,-0.41801182188867975,-28.17864046818381
SOM,2012,0.885549237058618,40.2722730087349,0.062458069714216,350.261946720512,0.017668247,5.861532232085253,-2.6247472331991037,9.735558043649835
ZAF,2012,0.468101814572031,62.9616560303263,8.57667504044573,8076.97678479741,-0.201936,8.996896722239235,2.1502115877747565,-1.2427770332702934
ESP,2012,0.298119901285442,78.8455680301618,6.09265740713323,28456.4438151477,-0.019531569,10.256165050854902,1.8087243168291314,1.1190416879831417
LKA,2012,0.473534969157037,18.2617686748284,0.845279080834285,3327.77613691283,0.13320589,8.110359988967486,-0.1563274529731428,-36.422983690240315
SDN,2012,0.706392135085607,33.1425561614901,0.474625992378013,1019.22210693359,0.0954059,6.92777563446949,-0.7243778352696161,-8.84353969969208
SUR,2012,0.4594953710234,66.3132562693376,4.34546142867553,8851.24050668908,0.20843172,9.088425870558861,1.4714305584634104,1.1259781256557062
SWZ,2012,0.615645671090421,22.6237715926065,0.72161820435409,4224.54789174487,0.18331282,8.348904209903237,-0.31249647984158163,-34.62248187056883
SWE,2012,0.246948149066992,85.6250668883122,4.80375075083719,57749.5615420853,-0.7210842,10.963888352009239,1.571476562124573,0.29896841669287255
CHE,2012,0.177150587230311,73.7522629583622,5.45216429296445,85836.2076767359,0.003003915,11.360207847380519,1.6978451018676233,-15.82953627436683
SYR,2012,0.450846328297501,65.0896662830335,2.0319939183901,1897.66115018696,0.38351205,7.548904258970198,0.7139267414765793,16.43385674158346
TJK,2012,0.427826865180799,26.4102249145508,0.436993173518022,952.452819695469,-0.8876423,6.860089942636868,-0.8052119562569457,-14.849058227064123
TZA,2012,0.789998728484104,29.4878764597911,0.223794524706032,861.969909667969,0.10845073,6.760379823346899,-1.453312648926552,-10.700713880917991
THA,2012,0.46393736860645,45.373565813715,3.81363739650232,5725.52802835463,0.27619776,8.652864697325859,1.341202167602764,-15.136632251680538
TLS,2012,0.750950482968766,29.6136082349605,0.554064949312045,1022.61906675901,-0.20699215,6.93109973127023,-0.5725858757596027,-12.408181962357379
TGO,2012,0.560692904151454,38.4194359598204,0.316333405438535,762.39162379069,-0.068562664,6.637771168009239,-1.1198357041640865,-0.4525758276426757
TTO,2012,0.378528723329611,53.9254053431618,28.5171293459977,20332.1389531925,0.10309871,9.920007294762588,3.350855541375677,-20.19144033691674
TUN,2012,0.362054276697665,67.2098922729492,2.56515036313153,4297.26782454273,0.43718013,8.365967389021558,0.9459079258600063,9.780413444358125
TUR,2012,0.399929809181788,73.7788680234324,4.57803809727294,11776.7593362033,0.11218944,9.3739682299627,1.5234525029102732,5.525420159521204
TKM,2012,0.324309204084291,46.9603023107661,11.7581405053864,6053.8748468749,-0.15394859,8.708618986388755,2.4653959228426117,-14.14858840833756
UGA,2012,0.804262065227732,21.372369321253,0.126072306268161,795.222867553127,-0.069783054,6.679879131019301,-1.994568870792697,-17.95180011256259
UKR,2012,0.30631032357884,68.8241983107739,7.03131803172885,3951.34228515625,0.27274725,8.282063665733736,1.951795373062426,12.29568232460219
ARE,2012,0.347099446324966,83.7643244751488,25.0303188225095,53141.6124340099,0.57456416,10.880734379452996,3.2204872786791747,-0.6688620190635817
GBR,2012,0.225473110943596,81.2905667759508,7.55583494216069,42688.3263728372,-0.4709443,10.6617042001203,2.023642710239417,-0.7906614831035768
USA,2012,0.212579368457089,80.6837493386238,16.1854221004814,51708.4011556577,0.79756284,10.8533948845005,2.784728615913244,-3.4558641397855183
URY,2012,0.347124302201962,94.7606597546186,2.66279826623545,16259.5940814256,0.54392934,9.696499918807403,0.9831259633904336,23.043848695786807
UZB,2012,0.316033519746145,51.3359680175781,4.20977063590157,2307.34649117185,-0.27661523,7.744286742517834,1.439780774888722,0.5821305121940128
VUT,2012,0.676115369935541,24.8183551383933,0.593451541487366,3004.78416664293,-0.045330048,8.00829376688446,-0.5050895374640132,-28.770404463070882
VEN,2012,0.479650394557534,88.8401868543141,6.55732695996789,12607.2361246243,0.023597559,9.442105540080943,1.8821068943001655,19.855076768592383
VNM,2012,0.422516613793636,31.1222779403029,1.74532095481779,2185.11767654291,0.15461428,7.689882499191949,0.5626517204353338,-19.047363777506654
YEM,2012,0.676280864931675,31.2031839858628,0.773829681433409,1245.05068272078,0.27349725,7.1277343748610535,-0.2435635253020543,-12.930079939503841
ZMB,2012,0.778090073040804,40.7698556821596,0.289620990303567,1710.05061343728,-0.10864401,7.444862854657063,-1.2052369686998885,-6.768751479156357
ZWE,2012,0.632149492420769,32.7931752128328,0.922261124294909,1239.22709745709,0.23303287,7.123049784940987,-0.07014232725649952,-11.289785325692783
AFG,2013,0.819985698735813,23.8077136743646,0.266539509081829,637.087099117099,0.31294256,6.4584747930192385,-1.285401578239018,-13.139003676612745
ALB,2013,0.38889189944137,54.2979678058548,1.69345614437421,4542.92903556739,0.5392049,8.421547343106369,0.5326592133637809,-3.7283316577635404
DZA,2013,0.424248738316662,68.9463836079277,3.79361564251901,5979.60138960585,0.0843389,8.696276408711894,1.3359520992309606,7.970028173681186
AGO,2013,0.570137648500704,62.1333075212361,1.09052642360471,5688.57916215215,0.16114013,8.646391563427688,0.09578863224107408,1.6926183272913704
ATG,2013,0.450057945236847,25.2475667667937,2.95012718023256,15051.5113587425,-0.048084896,9.619300123946688,1.085232233707728,-45.640268605544364
ARG,2013,0.403637752768911,91.3014507719473,4.53658672333476,12963.675773326,0.37373292,9.469983689817873,1.5143767807483652,22.01698356541921
ARM,2013,0.418831747095888,64.3584061131466,1.81763732627399,3680.16692158886,0.08347074,8.210985079155792,0.6030240541545749,8.593135938829235
AUS,2013,0.202577868529003,86.5740515760243,17.5432435542019,68476.6788496118,0.7300677,11.1342631149376,2.8652387507383925,-0.5815405660713111
AUT,2013,0.218157874812537,67.2981308784247,8.2087562440867,50305.3545774973,0.030154586,10.825886681657074,2.106418889114534,-16.54609798947523
AZE,2013,0.341595512602488,54.1821087431318,3.52686650169203,7875.34536661549,0.27220276,8.97161928930745,1.2632411661387035,-9.750893841209859
BHS,2013,0.446542400178165,82.3635791100868,2.87924887782918,27642.7419759179,0.058612186,10.227154651349098,1.0609965644781423,4.948568049641352
BHR,2013,0.372107217633575,100.0,25.6391882801584,26989.7601148469,-0.23581283,10.203249868447902,3.24451192511831,22.84167982651553
BGD,2013,0.716465276234323,28.8407036106763,0.460477953853579,958.262989798283,-0.06524547,6.866165270654643,-0.7540061779013225,-12.483816740743343
BLR,2013,0.25831644413171,75.94970703125,6.82283812148219,7998.0802045456,0.27129793,8.987081839620107,1.921740124823177,11.850666722539955
BEL,2013,0.235156361688798,85.7415410247275,9.35170659157785,46964.5946777056,-0.82620525,10.75717058449485,2.2366276020297686,2.63518942607422
BLZ,2013,0.419210626137974,44.4380542363795,0.602118684998551,5957.34953619006,0.27281442,8.692548798250971,-0.49082908553555693,-16.498273909628757
BEN,2013,0.735519389568282,44.6502883669319,0.464168181148386,1168.92699279226,0.15916793,7.064696626522029,-0.7461932076688103,1.1939272856550005
BTN,2013,0.698687360556814,35.5740003158589,1.52604605438228,2679.95217201538,0.1857924,7.893927298470484,0.42921161759778653,-16.78668579348794
BOL,2013,0.512767789599892,67.6697055519889,1.69450194184791,2870.02377000756,-0.027666569,7.9624239594346,0.5332729518429922,14.573498491482745
BIH,2013,0.361706154299118,46.6954224739896,6.42871959276172,5034.56634817068,0.51929444,8.524281281085335,1.8623296993490142,-12.43403972362269
BWA,2013,0.534482365699145,64.7579735458393,2.57945832216088,6666.91219583487,0.27802315,8.805062075792815,0.9514487118153774,2.6134715742633787
BRA,2013,0.399203002505375,85.1676585442726,2.63744450973958,12458.8903396625,0.0619119,9.430269991312546,0.9735948387797503,16.309639238818036
BRN,2013,0.34253983378637,75.1756915148608,18.9425148710366,44003.0644273461,0.1442693,10.692037281983017,2.9419366335957706,-7.231255062564557
BGR,2013,0.375268687594066,72.9632821572019,6.20837555281037,7795.98092108928,0.66630435,8.961491876351275,1.827508707498506,9.139028295870425
BFA,2013,0.739628257700543,25.106116148748,0.171824228532949,759.762065168498,0.23414023,6.634320648222134,-1.7047148358602051,-13.728843765527628
BDI,2013,0.77543198496766,12.9670962745892,0.0433169105214592,234.844770150871,0.09268745,5.463173835012804,-2.9315017275585356,-13.292024089636094
KHM,2013,0.598838160244092,25.7644735090271,0.375413441925121,1305.6600972686,0.15534432,7.175229616503199,-0.9534386457555978,-18.87879695996468
CMR,2013,0.570352305746891,51.9475591877024,0.382158504270741,1575.92882118897,0.13323243,7.363234450363529,-0.936089173288706,5.285482367026695
CAN,2013,0.247735596992711,81.183439957458,16.396768369606,52638.1187235237,-0.27704954,10.871214824284658,2.7976939551544575,-3.147525024443027
CPV,2013,0.613785314592404,64.7486207521826,1.42808336180389,3960.97596791345,0.008212566,8.284498161594833,0.36331122827501217,8.193963014191993
CAF,2013,0.787678435323196,39.3042963482777,0.0320522555159282,364.36696260838,0.24632454,5.90090222553877,-3.168842255097338,8.344824206061961
TCD,2013,0.725743314999748,22.2975929852391,0.096069856875415,1304.88742971475,0.7288866,7.174638111416001,-2.2436573748065283,-22.339325869261877
CHL,2013,0.324061725959584,87.1827777654221,4.82901967693119,15683.5486369155,0.18505172,9.660431343475974,1.576712154124714,15.853273072496705
CHN,2013,0.442140286925451,54.4900016784668,7.89327631231478,7147.03518622344,0.20288777,8.874592798794264,2.0672773965769498,-8.401125059878602
COL,2013,0.475957360352416,77.0315988189922,1.8121783209001,8279.10255642981,0.18337536,9.021610633344846,0.6000326650147424,12.561786404819841
COM,2013,0.640330488113866,29.7043482521482,0.250792884721456,1603.32797107303,0.06448889,7.380460238268951,-1.3440287318115682,-17.14270003613381
COG,2013,0.639016989581923,62.8682817180686,1.11984540566293,3697.41705884249,0.19735432,8.21566018515594,0.12208081421717445,7.052809995769202
COD,2013,0.824544652594227,40.5675263197158,0.0439415039531586,460.370334930107,0.28577504,6.134201050066547,-2.919855079694869,7.1028784374604825
CRI,2013,0.441896657881209,73.9431776192863,1.68258114091864,10803.2401962173,0.15095933,9.287693946821735,0.5262546661137141,6.616147801207646
CIV,2013,0.624905655473366,48.5702332186208,0.409402344006993,1786.15862031324,0.13155635,7.488382274685904,-0.8689245715766858,0.5643121070630386
HRV,2013,0.324706464228088,55.3659479687433,4.34143567122871,14134.9474982889,0.09081072,9.556476299949688,1.4705058300125042,-14.847281690975493
CUB,2013,0.308515180092898,76.81640625,2.56876181773557,6828.36428245396,0.095210075,8.828986870993344,0.9473093681308054,14.414998498280958
CYP,2013,0.353487418185356,67.2102333625375,5.440262861149,27764.73046875,0.18574476,10.231557822306762,1.695663838915542,-10.25205919229488
CZE,2013,0.239080087663941,73.1622186934979,10.41753532722,20260.4954999375,-0.32383025,9.91647759047517,2.344449934972939,-0.9167248258292773
DNK,2013,0.21158815028121,87.5436524760432,7.18355983652162,61377.5940590412,-0.43244204,11.024816422389092,1.9731861585977875,1.5633049994750365
DJI,2013,0.748312988176345,70.7969331287484,0.888889791475431,2075.94498424748,-0.20370372,7.638653335440309,-0.10659484215274108,21.177393017635303
DOM,2013,0.429979504738105,74.2251359951216,2.10753894045547,6136.59429329301,0.09242678,8.722188135454088,0.7502545372004691,12.970538999442148
ECU,2013,0.514446575525652,62.8837286624122,2.60378102840693,6109.29031510341,0.1608963,8.717729565783726,0.9607978429124073,1.677008035574616
EGY,2013,0.451628703333783,42.7514277188751,2.39951090462348,3025.52563552448,0.25830278,8.01517058564924,0.8794237827669802,-10.911175544566582
SLV,2013,0.440183490697314,68.0878511957995,1.080823263161,3582.26694005169,0.23074548,8.18403021635838,0.08693269845880532,12.612023835833448
GNQ,2013,0.521833041566188,62.2120073583984,4.25139167653382,16304.0713196418,0.1932772,9.699231462310253,1.4495957915638253,-9.534135166333634
ERI,2013,0.761446666298936,35.6713333129883,0.193080836336668,688.68165957684,0.33594608,6.536230128198565,-1.5941511706493199,-2.1103251472902755
EST,2013,0.253608734696345,68.0923458296768,17.9337282254815,19310.3874900757,0.30754426,9.868450226288957,2.8872406513988795,-5.470877184581909
ETH,2013,0.801901137032591,18.615514755249,0.106072048801188,484.039833104062,-0.038605053,6.184231017676458,-2.153544170329907,-15.386357698904629
FJI,2013,0.407238416498571,53.5552726299291,1.49844164687806,4572.44377544245,0.24921767,8.428021761469404,0.41107709599046066,-4.5405494977951335
FIN,2013,0.180533105880078,70.6742118159277,9.80540072646081,49691.0145200739,0.77974635,10.813599525534963,2.28395265485839,-13.03807688684924
FRA,2013,0.279106524097503,77.2440721470918,5.45712098979101,42669.1795111893,-0.4859967,10.661255583138027,1.698752150597373,-4.832338837881423
GAB,2013,0.464175456591804,87.1482480671637,3.17695376880692,9197.70106323947,0.26673618,9.12681756429074,1.1590655291507932,21.54871778311717
GMB,2013,0.644328066630382,57.970305611505,0.212137920544533,653.862713272743,0.20151393,6.484425615609629,-1.5044568263001539,20.74492688570458
GEO,2013,0.387494207274016,56.6182119019407,2.46103202330063,4712.00229382665,0.16419007,8.45808041362564,0.9046358865747152,-1.8003817027187878
DEU,2013,0.250390497527198,80.4732318400362,10.1408601249876,47206.8353514242,-0.55502695,10.762315161004778,2.317558443275537,-2.688362507017274
GHA,2013,0.589477600181606,52.4985794475913,0.562243171221352,2294.79584693743,0.14677827,7.738834836647022,-0.5581912534293088,1.80328481036004
GRC,2013,0.259030694380082,77.0951999650171,6.73744445045335,21573.3449762805,0.67017245,9.979260155179297,1.9091638332645524,2.3420937776499073
GTM,2013,0.494286869148248,52.7809822766245,0.87963888748261,3444.15802275864,0.3489008,8.144725052572428,-0.11693964299404551,-2.272784050783173
GIN,2013,0.585563062461467,34.5812741977122,0.20281681180621,748.455020824734,0.021033922,6.619346303499997,-1.5473235217864771,-4.092890370951132
GNB,2013,0.795229117232413,41.2976379394531,0.194283753338054,654.304534409417,-0.14224482,6.4851000656147,-1.5882453038740594,4.065016932025266
GUY,2013,0.474754528512449,26.4003891353669,2.63645951246698,5556.91231156932,-0.11761967,8.622977833202338,0.973222713678942,-33.788882122533344
HTI,2013,0.696684340070039,48.1049430223048,0.291263408593826,1457.83221179626,0.19950056,7.28539153971368,-1.1997702853127825,2.2787477011985544
HND,2013,0.491138198706817,53.356379133253,1.13847266335916,2081.12843527945,0.22910483,7.641145935686984,0.13843294082557134,3.7100733422003387
HUN,2013,0.268555620680883,69.9277636266638,4.5374057479924,13739.4620151401,0.25024697,9.528100190767063,1.514556905080431,0.019238203946272847
ISL,2013,0.209903331007202,93.6166725158692,11.4608171384095,50173.3360061057,-0.056156296,10.82325894001655,2.439806169964632,9.800660483704533
IND,2013,0.654994978010607,31.9096789235237,1.59945855716817,1432.84397512195,-0.23287964,7.268114211280397,0.47589782253933377,-13.730991484924438
IDN,2013,0.444325590455013,51.8307495117188,1.85640226795234,3566.60284506078,0.16649373,8.179649177263643,0.6240126568724053,-3.5980340070341086
IRN,2013,0.448274778104103,72.3030873515412,7.61840318570665,6222.74194840326,0.36903736,8.736126604266584,2.031878542359519,10.898818303321214
IRQ,2013,0.554327061738415,69.444450378418,4.09302888224357,6650.35282247395,-0.32722378,8.802575544911397,1.411725452734218,7.3266489136002875
IRL,2013,0.282785873794912,62.4047157756118,7.8579683966663,52537.6108648692,-0.17846711,10.869303623317657,2.062799883826613,-21.905726624117797
ISR,2013,0.259769172048209,91.7227831465406,8.47298219492524,37034.3161080785,0.2030762,10.51962722579853,2.1380620619108925,11.16718533165826
ITA,2013,0.321146848693346,69.3073989916076,5.99742374656768,35701.6746002376,-0.028809706,10.482980883735621,1.7929959955088417,-10.854688366104568
JAM,2013,0.483403476393427,54.548819811983,2.68841288550042,5124.21301411137,0.17498572,8.541927366871908,0.9926637799912352,-4.770127035235475
JPN,2013,0.209473966375665,91.1516595654317,10.3847926556554,40898.6478964744,0.055149954,10.61887673310568,2.341304974565144,9.530315026707001
JOR,2013,0.387698143386167,86.4627110188335,3.015399892565,4311.21916713038,0.060330153,8.369207938553753,1.1070432786349544,28.998434989318305
KAZ,2013,0.282357334722485,55.0779764821252,15.7272046561439,13478.459627612,1.1479474,9.50892229669039,2.7560276323091486,-14.624615648458608
KEN,2013,0.72278430723394,31.8324454433988,0.308839543589584,1370.87885214659,-0.046609562,7.223936504202438,-1.1430673008950738,-13.33384229189917
KIR,2013,0.565525797944802,49.9687043258795,0.527943217554771,1772.08718317132,-0.066438995,7.480477477550731,-0.6200022679689605,2.0476653651557726
KOR,2013,0.259865432270894,81.8269383502703,12.7317329769662,28449.3591104972,0.016314423,10.255916061987897,2.544882667342725,4.103085664379563
KWT,2013,0.319948459850343,100.0,26.7612812884495,49651.0439275077,-0.28651723,10.812794835343167,3.2873297192351907,16.296352105211753
KGZ,2013,0.318399722123828,35.1850529225105,1.67670910396995,1269.66303464348,0.48496988,7.1472941177415725,0.5227793547712376,-9.158244608661356
LAO,2013,0.543267154630622,32.2264033448341,0.596607216188438,1812.51774424651,0.038286686,7.503023743205836,-0.49987378767504165,-15.936738669181835
LVA,2013,0.28336882576764,67.847334482933,3.86525804077913,14484.4715282132,0.09748147,9.58090146253611,1.3546122517570245,-2.6281739297194235
LBN,2013,0.444020409986971,88.2165478464663,4.02278357415317,8162.37929361396,0.1622669,9.007413491349714,1.3944568507153947,23.89918513184169
LSO,2013,0.676391271136868,31.2407460933407,0.2825669193933,1151.03735837227,0.32217816,7.049287269872619,-1.2290618542267533,-12.050148460079253
LBR,2013,0.765537415664107,49.6977986242077,0.202986909648455,710.744570927863,0.076711975,6.567719098349446,-1.5465245722107808,11.578009852897807
LBY,2013,0.46801126393172,88.0451431274414,9.93067314994636,11951.7134126011,0.47080883,9.388713595400562,2.2966347396980686,19.633358710194727
LTU,2013,0.293538900829782,67.0092086791992,4.51309413254538,15636.5252586048,0.08967793,9.657428770032363,1.5091963022502608,-4.288054213263436
LUX,2013,0.22045891288096,89.9413746679705,18.9995583038869,120000.140729859,-0.8226912,11.69525652780116,2.9449419212954684,-3.238195910675117
MKD,2013,0.478120451013563,58.578694432799,4.57514266277495,5626.26115664893,0.73018104,8.635378129703192,1.5228212203334035,-1.7437318978973266
MDG,2013,0.751371298519849,28.6604637105393,0.126490659824491,515.301589361832,0.067410626,6.246691070249705,-1.9914990928925065,-6.012108258473926
MWI,2013,0.780625017029376,15.6966173464742,0.310800469452195,496.947368267313,0.11194643,6.210494385229257,-1.136935939611188,-18.58727260767408
MYS,2013,0.355740669378905,72.4882717118078,7.85952532729463,10713.6407638899,0.120382786,9.279366380877141,2.062997746416517,5.250663759528095
MLI,2013,0.798161107452568,24.7033626854883,0.157002316488651,901.920957644831,0.11086718,6.80563501652354,-1.789747595472059,-15.971180433964555
MRT,2013,0.64646857731795,49.3553973225913,0.620006116243983,1934.24103064714,0.21421003,7.567987161348409,-0.46202575131990153,0.4946745151434513
MUS,2013,0.472593681696692,39.9108848558771,3.06387900172131,9877.13865958834,0.24816132,9.19807937821488,1.1229402825073898,-26.45385874544749
MEX,2013,0.400022844566684,76.7955768077952,4.17443117084187,11216.8008505428,-0.0639325,9.325257157240243,1.43137077375756,9.065191149202036
MDA,2013,0.364342888036616,39.4275512695312,2.62071970563283,3321.04397795719,0.55331546,8.108335528483323,0.9672574610855778,-15.235462326378013
MNG,2013,0.408468242041786,67.9776750055915,6.61573895373284,4340.14310544449,0.14213799,8.375892980765093,1.8909619058382308,10.4416146213849
MAR,2013,0.479237731824237,59.9083499302469,1.73118097184317,3379.7431640625,0.014418364,8.125850835333381,0.5545636024506561,5.0572559962179895
MOZ,2013,0.605828520684731,31.6619153976179,0.204274287988904,686.505672517351,-0.15036456,6.533070080441016,-1.5404983650873034,-6.085810294265453
MMR,2013,0.673346539694315,29.5103946237239,0.28292574578925,1199.09561597055,0.12866783,7.090156512577269,-1.2278361294236484,-14.219356128584824
NAM,2013,0.518264198099616,44.1106769079132,1.37810831304484,5346.62131149967,0.4089291,8.584407126346683,0.3279418943749135,-15.664419956753179
NPL,2013,0.691161170076784,64.1314570156048,0.228209529280106,803.269595420477,0.01355652,6.689934530659715,-1.4346046174870504,24.69931214176477
NLD,2013,0.201744825270812,89.1749992370605,10.0780436970437,52602.2860520766,-0.7671511,10.870533869247417,2.3113509302396467,4.851346388183742
NZL,2013,0.270678409241721,85.7080129786455,7.78476396299048,43000.4646849189,0.63057935,10.668989456535563,2.0534522214855886,3.5485552314296456
NIC,2013,0.592708828426556,57.4274279501299,0.775237326501605,1835.43996363715,0.13040113,7.515584174084015,-0.24176928013761564,9.12941133147698
NER,2013,0.729840278760181,16.2162595696064,0.109995206237097,552.103334363117,0.50455457,6.31554484548204,-2.120303485022226,-19.19566806341981
NGA,2013,0.599713207730745,54.1130855192568,0.63302873569183,2872.79083379398,0.20300801,7.9633872852131455,-0.44156586570913714,1.0065342130175026
NOR,2013,0.204147833407891,79.9723980455359,9.22857857758341,103553.840134417,0.10951156,11.547856607734419,2.2233880402251227,-11.624384001781294
OMN,2013,0.416114323763932,76.4914234214313,18.4231097575767,23458.0233840053,-0.27569675,10.063010492355675,2.9141484909029005,0.8390014602316711
PAK,2013,0.64830586516529,35.4315352494366,0.761812998094914,1225.4340119198,0.03913021,7.111866060310524,-0.25901298874689677,-8.531333832630814
PAN,2013,0.406506696852781,65.3709770103365,2.68272349907681,12273.3224983788,0.2564977,9.415264757524737,0.9905531346171033,-3.3259152610023506
PNG,2013,0.688482352001053,13.0582475733094,0.551230455449542,2560.77458976327,0.14463012,7.848455496448347,-0.577623663784503,-38.8141597994758
PRY,2013,0.440626724255982,60.2375315600901,0.942925509553368,6435.68342733004,-0.1130352,8.769768690686334,-0.04821854254517043,-1.5279880812850877
PER,2013,0.490939657104066,79.3105527820586,1.68769322902782,6746.80025696601,-0.0080736475,8.8169718428967,0.5292704055057222,17.038163069605417
PHL,2013,0.421667186882914,49.1313688766206,0.955039177738511,2781.27957677397,0.19230509,7.931025862320517,-0.035586579774498237,-3.62768367257236
POL,2013,0.253186421579401,60.5333187465323,8.28307772126095,13621.9023794031,-0.23360795,9.519507653874065,2.115421157336516,-9.282939537620322
PRT,2013,0.263065404387758,61.1405315215642,4.60337018320703,21676.4859642714,-0.19155192,9.984029487771988,1.5289586491788973,-13.663788024171055
QAT,2013,0.324600203715999,98.8357621827901,53.2936831372565,103697.062789144,-0.5109131,11.549238713128412,3.9760054307966817,7.2241390109613945
ROU,2013,0.356821276270366,53.9101758034365,3.9798049339529,9497.67411615237,0.44042394,9.158907501127487,1.38374234097307,-12.03393800530435
RUS,2013,0.342399847179543,74.0762949770228,12.2682756012668,15941.4482421875,0.24733011,9.676740531653657,2.5078314895091056,2.57166131529452
RWA,2013,0.766906294073022,17.0742206053612,0.0850149729477326,704.92421851123,0.1885298,6.559507892512755,-2.353720789824611,-20.957395781453453
VCT,2013,0.421812676438532,46.4319347036311,0.762935219864059,7072.46737188939,0.020399252,8.864106073163304,-0.25756003744580824,-16.34658499223859
WSM,2013,0.596401891964344,19.3865949620667,1.4061774971251,4023.5254013825,0.10085503,8.300162270200415,0.34796133849278627,-37.33626484444045
STP,2013,0.703758126511978,67.1306686401367,0.690662082962288,1382.5757842916,-0.17092292,7.232426574952351,-0.3557295581534623,21.873214053411374
SAU,2013,0.37258438224186,82.6071884619102,19.8087286694572,27865.465604962,-0.1310579,10.235179295245711,2.9866273830230052,5.10600832944759
SEN,2013,0.629260903749347,45.0398750539456,0.571875600117834,1379.83196553924,0.05608018,7.23044147007514,-0.5414985995995281,-0.19626336631429808
SYC,2013,0.477066650165155,42.815069634181,8.91949882711314,14821.2921476077,-0.036072094,9.60388755272103,2.1893602709297406,-27.90726469200176
SLE,2013,0.699022780034127,39.8916422780075,0.167216483759209,1117.47183075115,0.052682083,7.0197185957682935,-1.730383221665737,-3.0817422100221563
SVK,2013,0.39754106867355,54.1384024098892,6.72042469482633,18312.7805149823,0.18042783,9.815409089047554,1.9066382463946405,-18.855261925665353
SVN,2013,0.269547736396272,50.0466580754027,7.52978344651553,23236.9655321695,0.09989224,10.053542665488823,2.020193460986137,-25.504097834861014
SLB,2013,0.69268437812699,22.1027262484765,0.660733345099127,2161.38627543917,0.22508128,7.678967648030873,-0.3993836202506104,-27.949711191127975
SOM,2013,0.883875172343076,41.2593474250273,0.060817769387286,393.398703952979,-0.11509117,5.9773623365998025,-2.6476453297262736,9.478842362056213
ZAF,2013,0.467068010177407,63.0524024097034,8.68872722515024,7331.65467384919,-0.05649193,8.900092894914728,2.1631767189984976,-0.11254577758828788
ESP,2013,0.298878011961378,78.9858086902112,5.5007234648845,29228.846559842,-0.38410005,10.282945608684807,1.7066959148877021,0.9717112301068482
LKA,2013,0.475381197437631,18.4323136480916,0.720767549186301,3739.43181100202,-0.030727228,8.226956341231046,-0.3136598599711719,-37.504456825765324
SDN,2013,0.706023543459016,33.4264777958103,0.466404764386795,1138.62780761719,0.4412724,7.038457003534534,-0.7414874407390875,-9.74812075593345
SUR,2013,0.459083854187415,66.2683575134509,4.02147551931391,9043.19281529222,-0.2544775,9.109878152862352,1.3941324427727504,0.8507235704889666
SWZ,2013,0.62597206629511,22.8121644356992,0.851954442074709,3949.94310039907,-0.21843617,8.281709588991333,-0.14855286113658075,-33.712549454739815
SWE,2013,0.246364620702393,85.9249771259894,4.579871273832,60843.9888799369,0.10455233,11.016084743010376,1.5238519787624123,0.03839090772862619
CHE,2013,0.174485564443404,74.1121384785551,5.51425294455201,87304.3305813557,-0.47530675,11.377166800460206,1.7091480246058812,-15.651766934595955
SYR,2013,0.454010464546131,73.0620491886137,1.43975259608924,985.892669227054,0.331791,6.894561289069569,0.37139291848792605,31.432610813750188
TJK,2013,0.425013201215513,26.4883155822754,0.437388428770396,1028.19704279396,0.6631383,6.936534207097942,-0.8043280935363928,-15.59183031842407
TZA,2013,0.785042656016506,30.0725108782502,0.23745636583617,963.05712890625,0.17847681,6.8711505552054835,-1.3965210121678409,-11.305541735662565
THA,2013,0.463491985610881,45.8321343847773,3.95099362283237,6018.08244729255,-0.009373347,8.702690109292892,1.3764949086491802,-15.213091722658056
TLS,2013,0.745055012007176,29.5836906253246,0.654615753067028,1204.56843320518,0.16757362,7.094706463496682,-0.4085462202624664,-14.194917752755522
TGO,2013,0.592013679523777,38.8516767884103,0.265104025260238,826.542799987227,0.10049534,6.718460827952624,-1.2906059791694215,-0.8867850507037716
TTO,2013,0.377857893917066,53.9255789963372,27.8473798577755,21304.9777496628,0.198246,9.966742957848004,3.327097917187261,-20.693116830621555
TUN,2013,0.359265969258594,67.4999542236328,2.53281443802063,4369.79345826358,0.19494931,8.382699841004609,0.9332715140648739,9.890801395979942
TUR,2013,0.396019880556449,78.5218368384696,4.38456228128668,12635.5570016068,0.062803805,9.44434924148281,1.480367931475707,9.512633762432884
TKM,2013,0.322720583828958,46.9788451198152,10.99020918314,6599.64529055481,0.7639293,8.7949226945314,2.397914289266647,-15.056779612423902
UGA,2013,0.800932902756194,22.7367659239271,0.124837840133874,818.285427416713,-0.086138405,6.708432530362846,-2.0036824067371946,-16.894011498488094
UKR,2013,0.30144489543255,68.9326288082226,6.83496373147307,4129.89697265625,0.5924185,8.326249847036435,1.923513160183361,11.929639152204643
ARE,2013,0.343169841792068,83.9558135814626,25.3545579109196,53247.2409495441,-0.26003727,10.882720049214665,3.233352841768385,-0.4986951449758976
GBR,2013,0.225437057079339,81.4573768694887,7.33126023168431,43606.9837896348,-0.4418943,10.682995527014889,1.9935105215787101,-0.8524788407220996
USA,2013,0.212627860038484,80.660889281215,16.495975221911,53179.0127634561,-0.3958144,10.881437904801798,2.8037224500128772,-3.7798517072812103
URY,2013,0.343399832319884,94.8844735142936,2.28942554965314,18335.2594772322,-0.25825667,9.81663577065955,0.8326593307192519,21.87763700343406
UZB,2013,0.318682515077457,51.1276969909668,4.0848046860347,2461.97947403595,0.95130664,7.809127064361066,1.4097190204495338,-0.32239949294755377
VUT,2013,0.676115369935541,24.8407362750263,0.59336220243475,2979.79608084399,0.1283679,7.999945685046402,-0.5052375951957537,-28.658381159835034
VEN,2013,0.479363557262163,88.8786817039721,6.45112739625486,8656.35669723668,0.36253247,9.066164723697964,1.8658038221118423,23.930444992128784
VNM,2013,0.418328821871604,31.5334201724543,1.80141667663283,2359.51736472828,0.021712145,7.766636096336441,0.5941092334045892,-19.4604059359811
YEM,2013,0.680737490962406,31.4427187944215,0.982094877377072,1378.75002954928,0.04445362,7.229657623736012,-0.007936533753508496,-13.785002640297744
ZMB,2013,0.776523322283993,41.1682266235825,0.307539510527861,1820.71854827391,0.18735425,7.507535591833721,-1.1471530257842935,-7.043363871681414
ZWE,2013,0.654991980884898,32.9019343169941,0.907590570671441,1362.99498323368,0.034166496,7.21817316041547,-0.08600398929710644,-12.202466312503645
AFG,2014,0.81686338704167,24.1910166387726,0.242701667084292,625.054941813938,-0.23411898,6.439438133724786,-1.3755456675211384,-12.551284007009631
ALB,2014,0.379011742789151,54.7325813178673,1.83944794209463,4793.59751131525,0.4972982,8.475245044548405,0.6148871848786273,-3.8703270473208065
DZA,2014,0.420993372371749,69.5468765157615,3.95441595238121,6094.69392314956,0.56301504,8.715337886648852,1.3773585434504048,8.365837872357702
AGO,2014,0.580319474542278,62.723115793241,1.13720270585859,5649.68762469139,0.18563397,8.63953252022042,0.13732654952378281,2.3560793863495704
ATG,2014,0.4472335660219,25.0899726107741,3.15101672956683,15532.1062063584,-0.102838516,9.65072890943047,1.1508937257113545,-46.135346806296056
ARG,2014,0.4039364966421,91.3975345472954,4.41674615124171,12233.1444119186,0.29295516,9.411986043878551,1.4876648110717696,22.735849285257103
ARM,2014,0.415748781751907,64.4142934233291,1.91144070608534,3852.11800610384,0.81334573,8.25663797122797,0.653075272407342,8.158799957431242
AUS,2014,0.201081622863691,86.7221289343356,16.8873574131124,62817.2061751737,0.42760572,11.048000217689292,2.827157243614553,0.49283257572456307
AUT,2014,0.217330218654374,67.4154327591781,7.71395434498633,51314.9722616322,1.1758114,10.84575733282875,2.044326453749515,-16.642168265031785
AZE,2014,0.341381323143955,54.6319175926151,3.64178419497101,7890.84028062087,0.7219127,8.973584628800468,1.2952158687005622,-9.322188916398353
BHS,2014,0.446644952881785,82.3180931037043,2.97228863347441,29137.2175632622,0.29444933,10.279805909836563,1.0926910035681063,4.337709904276451
BHR,2014,0.372128132057733,100.0,25.3239482048013,26451.7965647453,0.22587235,10.183117161933515,3.2321453225658363,23.057865947655515
BGD,2014,0.709708891619084,29.1944442321013,0.485260877115325,1094.46199702838,0.086316265,6.998931468363866,-0.7026706307666662,-13.555726926910989
BLR,2014,0.256118141804105,76.3405227661133,6.77047133861776,8341.31809294883,0.49053034,9.029096405527007,1.9140466185061438,11.7903277143337
BEL,2014,0.230829250822834,85.9848336685807,8.72331187181937,47995.7786961339,0.9427509,10.778889177140808,2.167144664670659,2.645266615393581
BLZ,2014,0.465477589643427,44.1850161758379,0.586089194464108,6128.12053089077,0.099961914,8.720806548962257,-0.51736496797288,-17.054745267330276
BEN,2014,0.73563549366573,45.2880529235999,0.494995287399714,1204.39918670094,0.14174747,7.094566066335708,-0.6832061816320739,1.5109521380348951
BTN,2014,0.689393559767989,36.1326606084122,1.54036274158106,2849.49998647303,0.223998,7.955249691726164,0.4384889303776395,-16.886508766832996
BOL,2014,0.507075902789217,68.037425413,1.7940087500212,3041.43503162408,0.24151452,8.02041347101794,0.590011271973015,14.31852375517051
BIH,2014,0.351976042518658,47.130783484831,5.83357574795313,5206.06573475132,1.0695442,8.557771777387288,1.7653428950781942,-12.35830152282913
BWA,2014,0.526476890897588,65.0965122400825,3.29095543184208,7122.36423421503,-0.5814641,8.871135397616259,1.1942119513688478,2.2425112676823744
BRA,2014,0.391467768521101,85.4331367898168,2.7310345760982,12274.9941630213,0.17337434,9.415400940260636,1.0083354316512299,16.734782180693443
BRN,2014,0.353142764520344,75.0572639801502,19.4524295140972,41026.5084247957,-0.075511776,10.621998057898852,2.9684859155272108,-6.597597517626767
BGR,2014,0.372963961992554,73.0844879150391,6.68898259606321,8069.60005667684,0.43528995,8.99598311496522,1.90195566353249,8.889865217111605
BFA,2014,0.701916809138629,25.3814155996643,0.15105767526533,764.861675106225,0.30804858,6.641001572632643,-1.8259927466855672,-13.525284452128616
BDI,2014,0.755250741580594,13.7839781740413,0.0375470437605934,250.544492155185,0.21588182,5.527619881071239,-3.0460356630991887,-13.167167413430848
KHM,2014,0.613626171454711,27.8179557823331,0.456810037844296,1431.56396469993,0.13317251,7.26722110008759,-0.7618328752784485,-17.813124348504736
CMR,2014,0.57990504947087,52.2993944376709,0.402109837976095,1649.4433905949,0.097147785,7.408799252368118,-0.8864653681339271,5.148040241454829
CAN,2014,0.24536212912806,81.211183161556,16.3774543965685,50960.8431174661,-0.41019437,10.83883245751716,2.796516066267853,-2.7720581668067013
CPV,2014,0.611027411223029,65.8085112712742,1.51095201102423,3985.60706548134,-0.40838417,8.29069578859466,0.41933646184202467,9.187303070214575
CAF,2014,0.788284060631115,39.6226521868738,0.0349759105308854,409.8504859647,0.24008305,6.01822936720405,-3.1016282540834266,7.4033146786709665
TCD,2014,0.740676642968034,22.5294513486009,0.0989591842171624,1278.78981422494,0.48197827,7.154451135793347,-2.2167819236026998,-21.890698640060286
CHL,2014,0.280620019054396,87.3133701497978,4.4057176939683,14529.6767206336,0.0023326476,9.584017329508258,1.4851703789350037,16.80440338447852
CHN,2014,0.434268539265232,55.7502555847168,7.93164331637339,7781.06597484974,0.12646471,8.959577131386967,2.0721202206420277,-8.053437638803253
COL,2014,0.473858922016306,77.1058449419909,1.82364474726519,8187.20824890084,0.3255402,9.010450379884825,0.606305651290024,12.755871949544428
COM,2014,0.671221088450893,30.0302906552932,0.217145957220138,1615.71723662012,0.19138448,7.3881529751577775,-1.4821624847773358,-16.899362669115355
COG,2014,0.623282782278011,63.0075415618859,1.0605360257884,3601.2365808718,0.17567618,8.189310203998748,0.06815948171665363,7.475017401277448
COD,2014,0.826079527404523,40.9563873534225,0.0473985501773001,489.175952097319,0.32267252,6.194764412561652,-2.8577362342108006,6.841406719748221
CRI,2014,0.439063039138399,74.4866963181212,1.68785381694898,10911.497878334,0.26728296,9.297664005722547,0.5293649928691753,7.052607453621562
CIV,2014,0.648517320966853,49.0173144557368,0.426425227791211,1991.36539423404,0.143905,7.597077852163546,-0.8291382178233037,-0.15578580598491243
HRV,2014,0.3243779372306,55.4591834926844,4.20723258150827,14186.7295493276,0.88713425,9.560132753781158,1.439179126553535,-14.79330937143206
CUB,2014,0.308998256091927,76.8442459106445,2.38402768086374,7146.70459051328,0.07445685,8.874546547853022,0.8729771696686593,13.953615817475907
CYP,2014,0.352335897617499,67.1230558819804,5.67256975156453,26993.103515625,0.17703931,10.203373732826082,1.7374035514716073,-10.036594354078957
CZE,2014,0.237541868059095,73.0995921041469,10.1886522126064,20038.4163180257,1.1923629,9.905456428927614,2.322255575540512,-0.8610055701385164
DNK,2014,0.210886159824956,87.6823985731907,6.41399137942491,62520.4509747011,1.2492691,11.043264992434711,1.8600396347109496,1.5039493264560662
DJI,2014,0.768967111072029,70.8899032189478,0.881106034903168,2214.62084142432,-0.31363583,7.703287932787536,-0.1152918519667256,20.57631321037273
DOM,2014,0.467403756364452,74.1931533822153,2.10372169025182,6496.45166971142,0.26637188,8.779165328198088,0.7484502280016713,12.326732125154564
ECU,2014,0.513235081756734,62.9232432195799,2.71026279559796,6405.79979300441,0.29802546,8.765115172985407,1.0007284916695398,1.2076933098302547
EGY,2014,0.451173590378071,42.6825522284408,2.39012321445552,3133.39102265541,0.5690456,8.050190183051225,0.8755200753925468,-11.35609341761888
SLV,2014,0.428275841138148,68.9166664266223,1.10571957770258,3666.01248913873,0.4087286,8.207132573884651,0.10949955792434882,13.19276466795457
GNQ,2014,0.514258073610178,65.5593240167184,4.08471612226645,15548.6624656619,0.28692117,9.65179421098349,1.4096973918902256,-5.677434667617064
ERI,2014,0.761777503559281,35.639720916748,0.192428662307406,688.68165957684,-0.0035750072,6.536230128198565,-1.5973677394041452,-2.141937543530581
EST,2014,0.253522600854662,68.2668382808032,17.3074333704818,20581.7898991695,0.53469753,9.932210563813802,2.8517137033819897,-5.9810467803701926
ETH,2014,0.79979795230764,19.0262870788574,0.122678387639653,549.986577082588,0.16627581,6.311710447844543,-2.019827217225745,-16.34446657929532
FJI,2014,0.40080710906735,54.0838287543856,1.70000599399511,5293.35676680464,-0.091128506,8.574396771299284,0.5364968757687233,-5.583776361598865
FIN,2014,0.17914863460338,70.9879168940753,9.05273118506377,50073.7760815871,0.96305823,10.821272688863255,2.2041705299314187,-12.806766662847636
FRA,2014,0.277707088371963,77.3524296788613,4.93048874498212,43148.0459288416,0.69987583,10.672415585695674,1.5974642625371633,-4.843818033634179
GAB,2014,0.466452828369335,87.6236017962969,3.16776342891399,9201.36276648105,0.25274673,9.127215552507487,1.1561776251026767,22.019797892666404
GMB,2014,0.631360371240547,58.6141799655551,0.223512932149642,568.00453558864,0.05068286,6.343888405252101,-1.454517819468309,22.89789761292822
GEO,2014,0.383724276232365,57.0237612994258,2.64568558380433,4830.33486170249,1.007032,8.482878077346276,0.9767028450150272,-1.6611109960429573
DEU,2014,0.248470532263521,80.57574023743,9.61630846170469,48959.5991203133,1.0733165,10.798771154045841,2.2644998150075044,-2.9773205884211507
GHA,2014,0.579207650216366,53.0663398797148,0.529042716262329,1949.90832923846,0.13597202,7.576050352967933,-0.6179604602628129,4.119034072659446
GRC,2014,0.260674366408238,77.3130486275866,6.51907892218189,21474.7257123892,0.5544432,9.974678539640692,1.8762658800747507,2.609140082430983
GTM,2014,0.492562440487177,53.1458479013964,0.926919710682339,3689.14510410202,0.17372434,8.213421059866304,-0.06515768805402278,-2.645579969135383
GIN,2014,0.55861283650192,34.8177920826682,0.206869669841795,765.146999389279,-0.033857662,6.641374056537078,-1.5284587056813868,-4.0929077219860375
GNB,2014,0.825082964641589,41.7271995544434,0.195965590004606,652.022501029449,-0.2732927,6.481611586614545,-1.5800461629576843,4.5320380283417805
GUY,2014,0.456741469735504,26.4018152016157,2.73802784035087,5472.68820452237,-0.031380493,8.607707928629159,1.010883505440832,-33.62348697257022
HTI,2014,0.695366852683561,48.7723916158687,0.311214389725095,1460.18898613914,0.39468098,7.287005757347647,-1.135646498021686,2.9288627361217507
HND,2014,0.494138904854849,53.8768089124249,1.09616752372968,2179.88171977271,0.17464495,7.687484532623134,0.10090135974002516,3.732916692864137
HUN,2014,0.265198038138981,70.3071053512008,4.55934371452648,14352.501883174,1.1209434,9.571749225087057,1.5193695872689728,-0.07012582721840488
ISL,2014,0.210439125984931,93.6196716315805,10.5804768682839,55140.364935793,1.1464639,10.917655438275638,2.3599551886546295,8.790024756368453
IND,2014,0.653197403744712,32.2288233408821,1.70517686000076,1553.88396075118,-0.0034777324,7.349156198517738,0.5395162006657229,-14.282080429275112
IDN,2014,0.448518731269903,52.5002136230469,1.95102470107868,3441.06808464008,0.22368033,8.14382775712207,0.6734671432994269,-2.5439174959604145
IRN,2014,0.444338190344705,72.8324070385223,7.8101095500119,5672.06372896319,0.066870056,8.643484590995744,2.0566985634120236,12.42293307606539
IRQ,2014,0.552774868023514,69.6666641235352,3.78352330429891,6249.39226978969,0.31831193,8.740399503927273,1.333295218995499,8.216512441353181
IRL,2014,0.287878896242642,62.535401730577,7.75893459059544,57214.5379785709,0.32573298,10.954580783461623,2.0501330366504935,-22.690751552842436
ISR,2014,0.258315258143866,91.7151980935716,8.02420974475699,38343.3046626235,0.2900332,10.55436128631759,2.0837086427355866,10.786624006984738
ITA,2014,0.319401626070545,69.5807638614879,5.68586837020992,36028.3494022349,0.62216735,10.49208914646656,1.7397410646800695,-10.679128527491102
JAM,2014,0.487504053604754,54.8660395670395,2.58240808318858,4975.11325459872,0.28941584,8.51240439432856,0.9525872055994975,-4.135887960689665
JPN,2014,0.206497878043318,91.2548945132333,10.0063625506773,38475.3952461838,-0.19418083,10.557800221758049,2.304220010854928,10.289392946816918
JOR,2014,0.384914953668016,88.0371754329978,2.93907556095458,4191.18050084986,0.28555855,8.340976283482732,1.0814917520734117,30.876052484207477
KAZ,2014,0.284035129651291,55.5524361787178,13.07867493139,12427.7094576939,-0.78126985,9.427764354311202,2.571747347249444,-13.278677457401244
KEN,2014,0.706204108560451,31.7931545274563,0.341036024063525,1482.81566253497,0.23206186,7.302372199391162,-1.0468664281230269,-14.215380060725135
KIR,2014,0.560650884008942,50.3909308922385,0.526334044361202,1736.70535682101,0.3018217,7.460320761431065,-0.622998094938664,2.6863358691302395
KOR,2014,0.256636438498322,81.7315682816954,12.4261677995393,30667.0912467447,0.30009538,10.330978019982325,2.5206089851530247,3.201696120360964
KWT,2014,0.315513626721429,100.0,25.1870221469575,44368.7813457751,0.34563175,10.700313916386396,3.2267258187633705,17.504178462495062
KGZ,2014,0.324630178054259,35.1455493029297,1.68334843700684,1264.52668823891,-0.43436465,7.143243668849263,0.5267078923747307,-9.154254282990514
LAO,2014,0.522956871222521,32.6638235172635,0.654511028510084,1981.03910900473,0.14289744,7.591881446786444,-0.4087038042621454,-16.45347745480266
LVA,2014,0.281711619011069,67.8686035364944,3.79876034591545,15185.814581236,0.48035443,9.628182868610898,1.3373037676686577,-3.1146152415799975
LBN,2014,0.432928193529353,88.4182574811842,3.93405377982319,7577.6413302369,0.45417866,8.933089218538214,1.3722090725052283,24.898992937522657
LSO,2014,0.654781097653574,32.6404409096604,0.288016522369956,1173.5377928819,0.2766411,7.068629981428781,-1.2106063498192219,-10.858156755145409
LBR,2014,0.763736063494581,50.2198153156642,0.259010541172532,706.714490064507,-0.07818826,6.5620407497407305,-1.3130047136330805,12.161000967208068
LBY,2014,0.469043056964166,88.0142059326172,9.61533793913791,8926.42074591474,0.51009816,9.096882801906347,2.2643989901172694,22.736116790252467
LTU,2014,0.290447039510426,67.1514937628023,4.49797821297655,16446.1647181663,0.54219526,9.707908383779968,1.505848763197029,-4.68782202676789
LUX,2014,0.219216769740527,90.4577807676859,17.6515632218206,123678.702143275,0.97939676,11.725450455533057,2.871390708915243,-3.0460138845424467
MKD,2014,0.479106167859435,58.8033670608162,4.35528122501704,5925.38592218015,0.7442419,8.68716984956692,1.473682614482436,-2.0752016353642304
MDG,2014,0.77417547165322,28.9185894345838,0.126540783548996,505.684922503435,0.17921655,6.227889355779882,-1.9911319284044258,-5.552088679814901
MWI,2014,0.774080239152527,15.766154187056,0.299117927594907,529.5133440206,0.17234819,6.273845111405173,-1.1740324321894795,-19.19799938458384
MYS,2014,0.354510846310637,72.9802206910773,8.18962008151058,11013.3107334403,0.08141327,9.306950682012102,2.1040878216737693,5.44641098060562
MLI,2014,0.793840264322814,25.2656728660325,0.16153478747013,947.915033288325,0.028841654,6.855319261712605,-1.7629691905544502,-15.942382438755022
MRT,2014,0.650910439935399,50.4694791226856,0.697074247358851,1713.00865264234,0.14824057,7.446590147361051,-0.34661960111881934,2.912324196344521
MUS,2014,0.461278086433114,39.7887571971735,3.16403004104002,10490.3315563853,0.52179605,9.25830462911974,1.1550020867853312,-27.222688494528263
MEX,2014,0.396449163949692,76.9741367091766,4.01481960973153,11391.3773497683,0.12290406,9.340699757205018,1.3924800924081895,9.077927554159075
MDA,2014,0.371377604141076,39.6298484802246,2.81365308811102,3289.95758568777,0.2698426,8.09893386088939,1.038031467931713,-14.932209486697154
MNG,2014,0.40671982258377,67.9941357229626,6.59114249102211,4126.23975800524,0.39326236,8.325364123050653,1.8872427387518096,11.000657020315458
MAR,2014,0.478448985157443,60.3030486171654,1.73842954113431,3435.40698242188,0.29475823,8.142181722662047,0.5587179799603214,5.276592707644745
MOZ,2014,0.602295861275905,31.8972245802342,0.224549920070884,697.142680444123,-0.114625774,6.548423495116562,-1.4500868349841765,-6.015366931482568
MMR,2014,0.680963255607289,29.6164342116462,0.350073559191087,1293.00042319714,0.3306465,7.165493802106496,-1.0214469373183817,-14.922292541424518
NAM,2014,0.515279922890687,44.8214248210559,1.38659483707511,5378.32326241205,-0.21430056,8.590317857588147,0.33403701464157426,-15.017141804086052
NPL,2014,0.693877886211863,64.5640847098488,0.265694626083707,821.455224911731,-0.16412163,6.7122940433604485,-1.2884614530404077,24.891842146316755
NLD,2014,0.211357006047064,89.8364787097165,9.59164086966339,53457.2234864322,1.1159707,10.886655758434289,2.261934007791231,5.339708119006673
NZL,2014,0.269606469255507,85.5076659530411,7.81374958485553,44618.266973847,0.09980273,10.705921039654514,2.05716392619469,2.9516348143470594
NIC,2014,0.594058451203484,57.6222653742564,0.809215605987777,1958.37047579547,0.23095353,7.580378514814713,-0.19940797460029988,8.628483524814342
NER,2014,0.736947069863689,16.2450424611665,0.114592549329829,565.30989731175,0.42610884,6.339141450120047,-2.082706471127522,-19.420266823507944
NGA,2014,0.595749377096375,54.9232435340404,0.660183629190404,3088.72131316169,0.05318133,8.035836175909125,-0.40020353072987025,1.0387320141921563
NOR,2014,0.202121607487365,80.6117159535579,9.1470465028638,97666.6951838749,1.2141097,11.489326130168562,2.2145236925077856,-10.356562573659218
OMN,2014,0.412886643175204,76.8892576748951,18.7456448430569,23160.6502252547,-0.12172111,10.05025318239788,2.9314947654038326,1.3738244168281284
PAK,2014,0.652152744446194,35.6595549759128,0.78969023760602,1266.61340849959,-0.27861643,7.144891205624177,-0.22353082928911971,-8.657939951434834
PAN,2014,0.404111516416929,65.4531164770096,2.76763115859532,13213.1989591137,0.42573562,9.489047209167392,1.02159846323323,-4.036055859477273
PNG,2014,0.713561193106311,13.1316404025265,0.64972585602458,2723.17529825196,0.071137905,7.90992101844844,-0.4159308999112658,-39.4007871605669
PRY,2014,0.435808372182152,60.7101965948157,0.980244689661672,6652.25478942461,0.5333412,8.802861455930962,-0.00980320511840107,-1.4106749984155442
PER,2014,0.48519876146979,79.9945465682649,1.76825633140529,6667.13410360861,0.10503086,8.805095355187438,0.5756332950948748,17.849687240700476
PHL,2014,0.416634101911607,50.2392400212368,1.00237329489598,2866.83803761407,0.026165327,7.961313727884333,0.012297371324311997,-2.845045311197275
POL,2014,0.251315054776659,60.4340063344328,7.95991816737647,14262.2841914116,0.9064026,9.565443975404609,2.0756742251680405,-9.875518722571805
PRT,2014,0.257256494015536,61.1394537361116,4.58326274759251,22120.6850127107,0.01560982,10.004313628716524,1.5245906098020527,-13.882678042088408
QAT,2014,0.336274203511196,98.901627838826,51.4766852020105,95840.6898934238,-0.08266386,11.470453045637731,3.9413232344757367,8.136009541903888
ROU,2014,0.34941151558645,53.8267187624053,3.96756659394738,10031.7710755404,0.6136804,9.213612121515931,1.3806702237539799,-12.704816299497018
RUS,2014,0.34009528165167,74.1776476748791,12.1341694161707,14055.47265625,0.065964065,9.550838255955668,2.496849171162907,4.024959644822118
RWA,2014,0.761728005642013,17.5020716539756,0.0844012766836986,724.957526520906,0.19192028,6.587491509698674,-2.3602006817304106,-20.83003436897253
VCT,2014,0.423898607189007,46.5579930468544,0.857395266657367,7168.82875342911,-0.11052624,8.877637049546815,-0.1422605045275484,-16.36582302521277
WSM,2014,0.546153807834742,19.3126679480432,1.43223503651824,3982.68080202084,0.041377544,8.289961495520023,0.36619401900534926,-37.3006553731831
STP,2014,0.700451594741128,67.2606735229492,0.668811335234058,1489.67633417608,-0.2176199,7.3069852115054195,-0.3874120468309404,21.202604154382414
SAU,2014,0.369583358577301,82.7822571294871,20.6973806780556,27805.4850319422,0.30935708,10.233024547004751,3.0304901912163147,5.304214803355379
SEN,2014,0.676504102005789,45.6020905341588,0.592328969929697,1398.89137601382,0.038044453,7.244149924031645,-0.5069515212518882,0.21874997366180793
SYC,2014,0.45867632886759,42.9386256186342,10.1369323219387,15188.1902175113,0.03466161,9.628339283932522,2.3171714255140543,-28.046272755854368
SLE,2014,0.699774977791642,40.3272406886245,0.175528275394702,1117.7586465721,-0.0965085,7.0199749983387285,-1.6845479805468306,-2.648897064452413
SVK,2014,0.397664179340566,54.0029125499893,6.27281818770694,18770.9289896545,1.329244,9.84011789412719,1.837818635823535,-19.256076307350405
SVN,2014,0.262318793370296,50.983470916748,6.85069690297675,24013.0682060959,1.1277763,10.086395112850472,1.9258090259331562,-24.920056398592088
SLB,2014,0.69268437812699,22.8612778264703,0.607059723654094,2164.95289873002,0.23105271,7.680615681585814,-0.4827894629150801,-27.208856289013134
SOM,2014,0.882062780171764,42.3515167236328,0.057963231130783,429.431656725102,0.18040021,6.064788558013358,-2.688788438712043,9.632224037655526
ZAF,2014,0.437858754411562,63.1352327065742,8.75262375978144,6856.73137092522,0.042662222,8.83313196207856,2.1704953760591357,0.6893147364776837
ESP,2014,0.298946383895429,79.1196713833488,5.49369292128904,29707.765509467,0.50291926,10.299197416245914,1.7054193071576533,0.9310611106904787
LKA,2014,0.479121214244284,18.6153877203724,0.860549619790163,3972.04375736464,0.018504461,8.287287769437473,-0.1386305199163219,-37.96922498162522
SDN,2014,0.690774505645938,33.7624582408117,0.4769298698272,1275.43835449219,0.31378332,7.15182894291235,-0.719635170730787,-10.629534495002304
SUR,2014,0.461559940442401,66.2249266178037,4.55565346305788,9108.18905406764,0.1565795,9.11703896917513,1.5185616501459285,0.7303994314147673
SWZ,2014,0.619964355400526,23.026850446568,0.865001201268328,3771.07228381938,-0.028844595,8.23537980683044,-0.13353001974737583,-33.00037166890938
SWE,2014,0.245956156910577,86.2563838747314,4.41199615103377,59583.4584491714,1.0954102,10.995150054772878,1.4865912120218883,0.5945955019120959
CHE,2014,0.17253619066973,74.7402679059582,4.9941693678652,88724.9909402638,0.7358301,11.393308146122532,1.6102714385277284,-15.196964173740355
SYR,2014,0.448986984550558,76.0,1.52845127759128,1060.59105886854,0.7588918,6.967524060665782,0.4307762465045446,33.587083329869216
TJK,2014,0.401952916518049,26.5633735656738,0.565921378207624,1081.54402932039,-0.20875339,6.987069132786572,-0.5517841237700148,-16.059419174829117
TZA,2014,0.780005017712167,30.6443077170742,0.223568261465515,1022.74841308594,0.1516347,6.931226085066874,-1.4542809042728864,-11.378839274332357
THA,2014,0.462200949357408,46.3138799467897,3.88118627669814,5801.1978916205,0.033388615,8.665992071583414,1.3587140665902864,-14.337280592750375
TLS,2014,0.737487602500624,29.5463092024041,0.629577892602016,1224.74956308733,0.004561106,7.111307824086107,-0.4469468630318085,-14.4105655080695
TGO,2014,0.58128309332664,39.2839506458368,0.232146083279246,855.584809246574,0.11755625,6.752953331246969,-1.4182140850345317,-0.8248936100816877
TTO,2014,0.377362750055788,53.9259699537793,27.651535705021,21908.3014555644,0.07752832,9.99466654963326,3.3200428454842914,-20.992570953225552
TUN,2014,0.353932798347409,67.7524643379101,2.67906940110098,4458.97895464547,0.67411494,8.402899326313621,0.9891951862139867,9.926408314710287
TUR,2014,0.392465897547365,83.6024850744433,4.60446003106117,12209.3862327674,0.97109175,9.410042199099736,1.5291948580890966,14.961672925641409
TKM,2014,0.323307982567729,46.9954085410955,10.4055728761936,7164.14536184006,-0.4370723,8.876983627822014,2.3433020781155927,-15.921391052186152
UGA,2014,0.79886542172655,24.1938503391826,0.133324031827087,896.054795546394,0.26293692,6.799116947758684,-1.9426472552979859,-16.410701395724363
UKR,2014,0.305268061121729,69.0554339301313,5.85851548255714,3054.908203125,0.39236966,8.024832111590817,1.7696017028023487,15.289084664327241
ARE,2014,0.337561830053314,84.1438806787019,24.5815838321273,52725.2358407934,-0.035023373,10.87286844444247,3.202404263756466,-0.20484096833011733
GBR,2014,0.225224249144202,81.6355750750722,6.66445837202105,47746.2421759562,0.7054905,10.773676588763607,1.8982880582256787,-1.6480189145051582
USA,2014,0.212190617752363,80.6242231779766,16.4248953102317,54973.4207515712,-0.1438764,10.914623278788483,2.7994068371677963,-4.172864200193274
URY,2014,0.339768059184057,94.9897821210514,2.00617697761903,18322.4276767157,0.30112863,9.815935720984458,0.7012031328734873,21.990462782498298
UZB,2014,0.321230661032144,50.8868713378906,3.74415254822206,2674.9628382103,-0.7979596,7.8920645340852875,1.3228625735193131,-1.4538123039914055
VUT,2014,0.676115369935541,24.8549637694775,0.673608976329542,2973.09026493408,0.038516045,7.9976934779159565,-0.3803691968591791,-28.61996934008276
VEN,2014,0.479076719966791,88.9163913525251,6.34368674716556,7096.22047105512,0.441669,8.867458503429969,1.8490352345321854,26.10187307418839
VNM,2014,0.416778096795397,31.9480269945454,1.95182181139621,2546.38464459903,0.09914541,7.8428224822655555,0.6738735371391888,-19.86389275897043
YEM,2014,0.68901480085745,31.8626162180918,0.938116526235472,1430.16420964026,0.19473982,7.266243524643324,-0.053277866311002696,-13.757966653310667
ZMB,2014,0.774956571527181,41.5634741658525,0.346397664972352,1707.48573136694,0.2492234,7.443362719964687,-1.031708135111906,-5.959024465788097
ZWE,2014,0.652407177542162,33.1628075970801,0.886871374194176,1372.91526173161,-0.10214456,7.225419798196039,-0.10884282275264924,-12.019407831534096
AFG,2015,0.782908867823649,24.4649118421568,0.24909135686806,565.569730408751,0.44695863,6.339600162758528,-1.350574550256617,-11.205323124316084
ALB,2015,0.374625466522092,55.1579291374894,1.78508860089342,4199.53912925398,0.58233005,8.342968160141583,0.5850543805512892,-2.0245826935338442
DZA,2015,0.417623708480628,70.1433070861612,4.11245469680565,4685.05902729002,0.18408029,8.45234721550783,1.4164487861385118,11.786276881431604
AGO,2015,0.583202063211748,63.51567832685,1.17503861630089,3641.72893919944,0.58690405,8.200488388310973,0.16977536165181803,7.863122202028443
ATG,2015,0.448621468675054,25.0,3.25470590209039,16077.6340769406,0.10512861,9.685246593660993,1.1831696827418776,-46.59597222816633
ARG,2015,0.402247532658193,91.4923019108628,4.51258701954955,13679.6264980954,0.43389192,9.523735986772309,1.5090841795725245,21.63063955311945
ARM,2015,0.413914979121109,64.4929623431549,1.86953338214737,3512.39350276709,0.776906,8.164337659305383,0.6310235450494541,9.228594754957385
AUS,2015,0.200182498107295,86.8778642539361,16.8219551608068,56970.3613028094,0.33910608,10.950303987270745,2.8232791726263,1.697635445636351
AUT,2015,0.217029794063302,67.5576175537383,7.79423187131705,43915.228020857,1.0680054,10.69003918954574,2.054666134174557,-14.827873396080037
AZE,2015,0.339358365596309,55.1570486328276,3.57774691556657,5500.50364628486,0.5785393,8.612776724089873,1.2775244053560602,-4.922682548641603
BHS,2015,0.446894690815454,82.2568571432361,2.90751688093298,30719.405417469,0.5699789,10.332682384357762,1.0707328712571147,3.7086834225424354
BHR,2015,0.372049043744828,100.0,24.4242594076429,23734.0551143019,0.35131994,10.074708353051477,3.19598622159257,24.221965760706794
BGD,2015,0.70398531762784,29.5395099477892,0.536099232905876,1224.38647668165,0.08865976,7.1110115643906475,-0.6049545745020417,-14.41418350961414
BLR,2015,0.255589678324238,76.6263885498047,6.25386583936119,5967.05595058777,1.3248514,8.694176516938137,1.834797540732637,15.672581870096373
BEL,2015,0.224551114283213,86.2212893480444,9.08415110044211,40893.804537772,0.3164453,10.618758305545768,2.207631470664181,4.601216491037945
BLZ,2015,0.422796032199475,43.931184585988,0.693733109198418,6154.62264230369,0.6165945,8.725121193908958,-0.3513561009552841,-17.35490775434281
BEN,2015,0.705646494565504,45.9407403257663,0.511448213359745,1002.41886879614,0.2527021,6.911168316732961,-0.6511453127133441,4.132974765154181
BTN,2015,0.664088059850291,36.6983375690037,1.76825299952202,2954.04081911097,0.03738169,7.9912677433187245,0.5756314214131494,-16.707595645432782
BOL,2015,0.508514771236494,68.3958051297665,1.81142391012742,2996.01289811344,0.66096735,8.005371370982225,0.5996185634001171,14.838426377871066
BIH,2015,0.353135103432857,47.5711645087011,5.92032322488213,4662.25869219448,0.6442458,8.447469772900735,1.780078718249682,-10.733491446319086
BWA,2015,0.518247660415933,65.4103584313295,3.21839372606118,6141.20394726616,1.0603851,8.722938905800534,1.171984715107618,4.1476996219565265
BRA,2015,0.387853112755239,85.6935697061881,2.56818858918394,8936.1955889444,0.6851983,9.09797712644396,0.9470870551323239,20.403729646136966
BRN,2015,0.348172136413701,74.9484620568562,17.4445539207791,30625.1287744656,0.22189696,10.329608805109524,2.8596005842739296,-3.566707399099485
BGR,2015,0.370234033740959,73.1030578613281,7.138544362474,7268.65445473873,0.6087267,8.89146403910068,1.966908750311569,10.030766807193466
BFA,2015,0.70148793434833,25.621432645225,0.209618038878152,630.124750752312,0.19464429,6.447503546252976,-1.515865428466536,-11.207474848405404
BDI,2015,0.749898183185702,14.6695085474754,0.0393751391707505,254.402585226788,0.45261145,5.542841065813411,-3.008308237116712,-12.445082967458804
KHM,2015,0.595617717422874,30.0669222549819,0.54531544042914,1547.32010444393,0.67371655,7.344925818588925,-0.5882189655581319,-16.39855546045658
CMR,2015,0.572529122720661,52.6440863142742,0.403515922523748,1415.00009710569,0.245279,7.255591342831128,-0.8830592585517795,7.137887163014419
CAN,2015,0.244068584190611,81.2465670276699,16.0870291468599,43594.1941045394,0.18931626,10.682702196301582,2.77863472992382,-1.0601388810437413
CPV,2015,0.519241924008623,66.9045094767116,1.54334359887118,3415.06266730931,-0.2993668,8.136243899971252,0.44040976816295924,11.941814237154645
CAF,2015,0.789023572543801,39.9824421267351,0.0504177719405874,366.322853938121,0.45573267,5.906241172338684,-2.8064719798937663,8.965640077145931
TCD,2015,0.77359228248316,22.8011258828974,0.110147579596714,993.990730610869,0.30460262,6.902733421146223,-2.1190344618488948,-18.91606530025511
CHL,2015,0.268179205437982,87.4653320342387,4.67539634716479,13433.9202987032,0.3905022,9.505612588669003,1.544450511293462,17.79827973227843
CHN,2015,0.425973527768288,57.3297843933105,7.79057049265868,8175.33285077393,0.4747642,9.008999022325924,2.0541968711053866,-7.0046038410299545
COL,2015,0.471842328466747,77.1636280538646,1.83556759919216,6248.51490534512,0.5573179,8.740259124573456,0.6127868720190124,15.714983772983459
COM,2015,0.602634449317162,30.3732008585112,0.235591359081414,1329.37048235986,0.33141312,7.193212740590986,-1.4040862662213476,-14.463173396091303
COG,2015,0.621494152174534,63.135592763847,1.12810370252086,2439.35189403696,0.36623654,7.799897526756313,0.12936345854781006,11.78460356753262
COD,2015,0.827154009394546,41.3435764444694,0.0443348733039091,495.826633014883,0.4450717,6.208241138310537,-2.9125890242284083,7.083881980926449
CRI,2015,0.429575511723286,75.0198195767549,1.61015749564449,11714.7105980732,0.50455683,9.36868600621485,0.4825233640524159,6.823092524932491
CIV,2015,0.645287890781648,49.4694894689553,0.44620325590139,1814.71855088017,0.185709,7.504236564154632,-0.7848168321529556,1.2933241162059446
HRV,2015,0.323500487372102,55.5812594509004,4.34144843408463,12283.7840620053,0.6026329,9.416116707430449,1.470508763030057,-13.124781105860983
CUB,2015,0.30901150337823,76.8702850341797,2.61116898217438,7727.91997207998,0.4861625,8.952724412813387,0.9636203946683469,13.140176683445013
CYP,2015,0.351122048155196,67.0402477918073,5.62213100101517,23088.44140625,0.086823225,10.047130710035555,1.7284878787086608,-8.44165618454609
CZE,2015,0.236435424173246,73.0370442874355,10.2684424579836,17931.5987670768,1.114174,9.794375495699171,2.3300487366786364,0.2692398458983405
DNK,2015,0.209908430409526,87.7254056577329,5.99477468305967,53094.0133607574,0.38990662,10.879838292476625,1.79255493327257,3.3018413952600696
DJI,2015,0.848141598312814,71.0068853915837,0.800048612533605,2376.12554719873,0.4628981,7.773647283465916,-0.2106610176429226,19.9377727662051
DOM,2015,0.474177571924935,74.1372305958285,2.28789566173054,6800.95309395474,0.567468,8.824965069623744,0.8319937744490981,11.77900917067057
ECU,2015,0.510219873399752,62.959188676731,2.66047592480738,5976.1596805651,0.8747447,8.695700764305622,0.9822567055192222,1.9890145441022824
EGY,2015,0.441039006588989,42.6056314089048,2.40381816615146,3306.98159414141,0.30198964,8.10409349208379,0.8812097951288712,-12.011830964455449
SLV,2015,0.418893224089488,69.6982116699219,1.17485133438427,3790.34089108162,1.0476102,8.24047503262419,0.16961731050099924,13.61627673677662
GNQ,2015,0.523386464559751,68.951270615355,3.71883517902943,9068.91003238645,0.32911715,9.112717623808216,1.3160959004422716,3.5031462756132328
ERI,2015,0.76221324043876,35.591007232666,0.185989838823833,688.68165957684,0.7462718,6.536230128198565,-1.6296924638310468,-2.1906512276125767
EST,2015,0.251551528594573,68.4796609690553,15.9815175075091,17722.1557669523,1.0813922,9.782627298988604,2.772058425876835,-4.161990683465049
ETH,2015,0.768291081593422,19.451566696167,0.130068091316854,597.912113218663,0.58727074,6.395114864844244,-1.965626608061749,-16.81478822574141
FJI,2015,0.390259799092615,54.6234188083653,1.76054728068819,5097.53106864695,-0.29225984,8.536707751469534,0.5712886969227685,-4.639479518656671
FIN,2015,0.180702241990324,71.3054930040604,8.39046261440988,42560.3456767103,1.226262,10.658701741859433,2.1282867774768315,-10.743494691369918
FRA,2015,0.276360169120793,77.7610919150066,4.99116340691761,36702.4323733379,0.55036587,10.510625554828527,1.6096705667515077,-2.697845456860165
GAB,2015,0.465273347988779,88.085308383892,3.15596997338055,7047.12654634355,0.3693223,8.860517122384389,1.1524594773268437,25.34532704089115
GMB,2015,0.641797496994669,59.2458499408388,0.228812481203886,619.536364296461,-0.04834493,6.430584207756573,-1.4320766324815966,22.5986232440341
GEO,2015,0.382611305444773,57.3803800455672,2.8580432698141,4086.6223465965,1.003497,8.315718746646612,1.0536300097275046,0.4904739306511132
DEU,2015,0.247544701810595,80.6974371632814,9.60884887243027,41929.7549110722,0.6752085,10.643774844082685,2.2637245976872733,-1.191264674472393
GHA,2015,0.623024241394287,53.6226415210752,0.543997874552012,1722.77282833606,0.35164228,7.452270672434501,-0.5905944287909276,6.004488800881113
GRC,2015,0.261128383498551,77.5194426317545,6.41834866895798,17980.7298238137,0.21287076,9.797111511618905,1.860717688619204,4.722258699256102
GTM,2015,0.48279838356757,53.4411050262961,1.06172507283645,3893.50533299068,0.6615799,8.267321949723728,0.06926956785033513,-2.9291135942991815
GIN,2015,0.593721013993216,35.0373191833496,0.243671534205201,747.356966759448,0.008844216,6.617880092425306,-1.3717150212530786,-3.621101129329894
GNB,2015,0.782499500610551,42.1568145751953,0.202915603342258,645.066837207039,-0.2085193,6.470902961599449,-1.5468594202320454,5.076642859485148
GUY,2015,0.450048411521074,26.4043918297579,2.73412223026143,5640.41560569466,0.20752366,8.637890306915894,1.0094612534274743,-33.945010399426906
HTI,2015,0.700924324951075,49.4334707759572,0.332026955191185,1411.12684746796,0.7164879,7.252852249335489,-1.0728657286768828,3.956684162839707
HND,2015,0.486835211690059,54.3828473751434,1.17120740302502,2271.20265980349,0.58139974,7.72850497472023,0.1665371382444044,3.798475369217023
HUN,2015,0.263230387212166,70.4847717285156,4.85223400666785,12782.9412577973,0.83002424,9.45594507301719,1.5814980044494014,1.35105196918947
ISL,2015,0.208760732078792,93.727919768566,10.9704819914454,53505.6964079339,-0.37374434,10.887562091554862,2.3961193323351795,9.2214169224509
IND,2015,0.648554432336959,32.5472990022299,1.71550269097521,1583.99815907985,0.2752069,7.368338524846889,0.5455184230882952,-14.169585653834389
IDN,2015,0.433029341902882,53.1720771789551,1.95721455259026,3288.22269725538,0.33206907,8.098406553612692,0.6766186095085165,-1.384318533131875
IRN,2015,0.44503974848776,73.3561403575949,7.61916074830014,4952.73355532178,0.73500705,8.507896824856799,2.031977845576912,14.402615361297492
IRQ,2015,0.553824130170273,69.920524597168,3.67151586099612,4440.14189252367,0.4543821,8.398666805361218,1.303324586114548,12.139917619117178
IRL,2015,0.282731390267724,62.6392123492764,8.00687883789665,64250.1385181257,-0.30724204,11.070554722726937,2.0815491737991296,-23.83227553757434
ISR,2015,0.257295646334925,91.7042921554705,8.11347119962769,36213.1041481958,0.23918724,10.497203939286205,2.094757550465656,11.389476837012367
ITA,2015,0.318534344565667,69.6100006103516,5.87319309166979,30639.8829751432,0.63729924,10.330090441165911,1.7720996573171368,-8.910340680337626
JAM,2015,0.486865131068011,55.1995248014924,2.53581223278647,5339.30718256806,0.5628894,8.58303845512523,0.9344497475280757,-4.560875195553606
JPN,2015,0.20627426620662,91.3532644103625,9.69456115651128,34960.6393843385,0.54020905,10.462006721814717,2.272595997310217,11.416398768697405
JOR,2015,0.352082757878576,89.8881391939133,2.68560794130457,4042.75678097555,0.3256999,8.304929435150568,0.9916237601104294,33.1140893053041
KAZ,2015,0.280346047269756,56.1106048930882,11.2116791211142,10196.1226255982,0.8048935,9.229860863946346,2.4178475431857174,-10.59541006782441
KEN,2015,0.693144184642727,31.7338026039958,0.361032749251909,1489.11959777284,0.47485098,7.306611662679923,-0.9914649473543298,-14.320255576528151
KIR,2015,0.54025050041594,50.9541970402064,0.533321919274066,1639.85274740652,0.8351469,7.402971353612567,-0.6100532815411428,3.8654231446299363
KOR,2015,0.253489960282476,81.639489860678,12.6198190502874,30171.7906545222,0.63785356,10.31469582553944,2.536060609283315,3.2844568079223677
KWT,2015,0.312434419439782,100.0,24.9282188842881,29882.2126495698,0.65623,10.305052151859629,3.2164015216747037,21.748521251028038
KGZ,2015,0.326651733888302,35.1008937681291,1.70796995249697,1105.65193844261,0.4849732,7.009094464517668,0.5411433335936144,-7.758408208246529
LAO,2015,0.517985633686276,33.1240204432199,1.31255012574164,2121.01339097363,0.5923853,7.660120629697669,0.2795617862941545,-16.726036666367953
LVA,2015,0.280377123575428,67.8965395668259,3.86745667695055,13321.9753140616,0.93566036,9.497245291077132,1.3551794430726898,-1.6806642286994418
LBN,2015,0.445230592046967,88.6246882038608,4.15689901334406,7714.1099998804,0.14549355,8.950936022619196,1.4271721172880105,24.913783686395654
LSO,2015,0.627324813984784,34.0903875831861,0.283472812790582,1121.19851342518,1.2791255,7.023044998619131,-1.2259702750417047,-8.918716003473328
LBR,2015,0.764088865349973,50.7434382961363,0.264624586135088,692.590082351257,0.13696337,6.541881126562571,-1.2923502552968398,12.901099101451251
LBY,2015,0.469789333829819,87.8159103393555,8.3409996510926,7458.48917756374,-0.11453295,8.91724221599589,2.1223812503907777,24.466811789464963
LTU,2015,0.288527531793878,67.2282485961914,4.69257592209704,14269.8039878287,0.95019984,9.565971050007025,1.548110427112594,-3.0869362171786037
LUX,2015,0.218661767820743,90.9893679353068,16.3436352272807,105462.012584423,0.46607384,11.566115578809805,2.7944502106898006,-0.8034799579002225
MKD,2015,0.476090002040756,59.0700383784659,4.14802110404041,5262.68671928674,0.5562609,8.568586957420827,1.4250392649497348,-0.5351806332940114
MDG,2015,0.789336351647753,29.1731079210354,0.134437411505432,445.320069480568,0.21515115,6.101036339211593,-1.9349090036318826,-3.935415453402829
MWI,2015,0.767550744479112,15.8338504946918,0.287318193984204,539.605363240686,0.4906257,6.292689554697105,-1.2129523534600408,-19.332655756028423
MYS,2015,0.352300613563524,73.4387869957006,8.09596053481984,9648.6797937523,0.31094027,9.174680011787917,2.0925996595561993,7.325307091155352
MLI,2015,0.789449130825171,25.847015486705,0.189920713265439,838.11986940103,-0.008336544,6.732353568015323,-1.6098344247075078,-14.040627367093546
MRT,2015,0.636173501556975,51.6680350049622,0.695166036764374,1554.94897871782,0.34122705,7.349840914173624,-0.3493219907577785,5.149778720048758
MUS,2015,0.477410240099546,39.6709610617726,3.16000186874594,9630.5437837507,0.5643485,9.17279880178304,1.1537321773987756,-26.422318305218823
MEX,2015,0.391570138059044,77.1903854182753,4.05069677949307,10021.2386118827,0.19557564,9.212561764045136,1.4013545794533124,10.670129153253043
MDA,2015,0.34541280155544,39.6954040527344,2.92639787755758,2749.55137054338,1.2888585,7.919556668942914,1.077183618449971,-12.94049166073274
MNG,2015,0.392136468023673,67.9999999906095,5.95530555717072,3838.92126989984,0.7209391,8.25320714274134,1.7859602792455882,11.78134695162052
MAR,2015,0.475588117818733,60.6417124737154,1.76683506518859,3146.24780273438,0.2973937,8.054283636491984,0.5748337284261921,6.5591110971734565
MOZ,2015,0.598569541031756,32.1372836259918,0.243268951299953,610.563774706589,0.38165918,6.41601924193216,-1.3733033062742608,-4.353543658549761
MMR,2015,0.671466074297542,29.7166821191682,0.386395865290602,1166.73305547935,0.15377808,7.062819588876041,-0.9253419072300427,-13.719523227576449
NAM,2015,0.512838105729249,45.5103554445325,1.50195847197069,4774.10650865775,0.73375875,8.47117155814413,0.41340581175230345,-13.048811597320494
NPL,2015,0.691475413747128,64.9510094249155,0.263161214520219,875.543635474862,0.0018011729,6.77598648689264,-1.2976931287129452,24.594833863934134
NLD,2015,0.210023216287528,90.2787737214621,9.99734178248626,45793.8135434697,0.30096155,10.731926122281026,2.30331900186566,7.443498560662391
NZL,2015,0.267430178449707,85.1518763760531,7.67750683386124,38665.3723018158,-0.042285245,10.56272556850734,2.0395965220898007,4.13348616258682
NIC,2015,0.567090366440904,57.8149881864705,0.893922139285724,2074.45620634731,0.5056465,7.6379362669800965,-0.10101205140799767,8.203147996324027
NER,2015,0.799352276997167,16.3035606587493,0.108819188928427,485.662574175279,-0.09632269,6.187571016770036,-2.130152362130465,-17.734176891244058
NGA,2015,0.579635474656107,55.7325682057138,0.621244733321397,2585.73360671797,0.21944141,7.858151203060115,-0.46006164168060515,3.7560477966305896
NOR,2015,0.199566974232088,81.2378240971353,9.24221086700149,74809.9658049898,0.9213483,11.22271975488858,2.2248625356141707,-6.867620359472184
OMN,2015,0.413750047732689,77.3025363037955,18.9549319636454,18808.3077921839,0.49152613,9.842107121627716,2.942591587665163,4.022187011032145
PAK,2015,0.627147993548997,35.9017325715342,0.820485873767654,1380.47020838317,0.014834563,7.230903579442691,-0.1857443593839182,-9.339368004789613
PAN,2015,0.400479189673438,65.5287232947981,2.68464798922232,14082.6548434996,0.8123584,9.552770172980862,0.9912675795858789,-4.644709767614202
PNG,2015,0.56171775183947,13.2341359836319,0.683258826298608,2484.5963398603,0.072948776,7.818267885540056,-0.3663518627986603,-38.31411514597343
PRY,2015,0.431909128384624,61.3302768533263,1.08148865183778,5879.33792308762,0.8193881,8.679369509154201,0.08754250010340621,0.5354686458905107
PER,2015,0.48119874520096,80.698277662669,1.80255174406388,6231.71150338894,0.49408722,8.737566750383719,0.5947356557882308,19.27854424542761
PHL,2015,0.412640818418604,51.1549047745227,1.07477147738809,2909.85818010301,0.23982112,7.976203223940836,0.08136934489012189,-2.0892647938378417
POL,2015,0.250216565612301,60.3362886805635,8.05009433373176,12637.5220324406,1.0654203,9.444504733051016,2.0869252603869892,-8.674584072571847
PRT,2015,0.250794442653227,61.137469211538,4.99335011637296,19215.7813014347,0.35524917,9.863539202393854,1.6101077113433124,-12.373018955274866
QAT,2015,0.334475864529042,98.9382407681154,48.6591283555913,68985.2433380102,0.7145624,11.141662391789279,3.885044914410104,11.703194780077013
ROU,2015,0.342411519770638,53.7071839518893,4.0525613738175,8977.01748158196,0.97166944,9.102534366497697,1.401813654942971,-11.631592005062593
RUS,2015,0.342821490050487,74.275919065527,12.1481277789029,9277.7138671875,0.8883582,9.135478224277604,2.4979978991333605,8.583390133348658
RWA,2015,0.757711682222946,18.1953149858416,0.0951200951338408,733.998629882494,0.49962568,6.599868635105649,-2.2526518192439555,-20.26969729740913
VCT,2015,0.417707173315034,46.6845638727475,0.889117427075542,7353.73556054184,0.053658325,8.903099678689914,-0.10634163337918494,-16.512671325781326
WSM,2015,0.551925410363795,19.2340105383551,1.62948132142609,4084.36083819933,-0.0098206205,8.315165335877555,0.4943799243899023,-37.649953020974934
STP,2015,0.69690984810401,67.3915710449219,0.702477894663265,1298.10946596396,-0.2718598,7.169434282530417,-0.33900639235463176,22.810531194123023
SAU,2015,0.368886893790865,82.9562773406163,20.5071259148746,23256.1549553531,0.77996475,10.054368103688443,3.0212599478649396,7.396657829103091
SEN,2015,0.67437498169944,46.2747669629858,0.631685802233911,1218.00613555438,-0.0012907982,7.1057911627371695,-0.44365649970978116,2.377130468586998
SYC,2015,0.457941726432846,43.094803568632,10.5631616694677,15333.1051727105,0.33458838,9.637834722886925,2.3583188724182875,-27.992057356922757
SLE,2015,0.697317130558284,40.7669565187099,0.145275663555545,964.575980888989,0.04141887,6.872724794669661,-1.8625532671242624,-0.6280003660351454
SVK,2015,0.397990374808695,53.8700628001622,6.36564652722325,16442.0760860018,0.9592545,9.70765976096143,1.852485501937251,-17.966583263768868
SVN,2015,0.255678036004063,53.6612160294144,6.92739774687175,20697.2748530619,0.7246483,9.937805635348662,1.9369267397742724,-20.646749220766758
SLB,2015,0.672900401677217,23.6630502067213,0.521726890986292,2045.47721526649,0.1601464,7.623875162357892,-0.6316252842640154,-25.797801060746266
SOM,2015,0.880344578365571,43.8618107408479,0.0595713916231977,445.583080073396,0.238777,6.101625452601026,-2.665401836038402,10.746961434102346
ZAF,2015,0.435935033982178,63.2096349937231,8.14948651738695,6112.27382485974,0.9307308,8.718217722884457,2.099181240205227,1.9976725088154765
ESP,2015,0.297841242861197,79.2454892743023,5.84933711711804,25982.4416197775,0.6301582,10.165214753343863,1.7680364772446506,2.4955922800649546
LKA,2015,0.479862563840332,18.796256612131,0.939966618979494,4057.7158346231,0.08075396,8.308621905672505,-0.051328432921223716,-38.01744323009923
SDN,2015,0.676600625995367,34.0914394628597,0.538628519166206,1292.37963867188,0.449687,7.165013946405108,-0.6003337164740001,-10.442134573028376
SUR,2015,0.458703986999682,66.1828815074718,4.68702450195744,8813.61705392067,0.2996389,9.084166651338194,1.5469292235433747,1.0413390964268956
SWZ,2015,0.611891960180124,23.2660261759632,0.858320652635208,3419.82276559528,1.0036151,8.137636375858651,-0.14119421706053473,-31.711621547039673
SWE,2015,0.2453418510666,86.6158654081858,4.37800649972355,51188.1652120493,0.82637215,10.84328317168141,1.4788750236615562,2.5848320638423274
CHE,2015,0.169640344263493,75.6044960143169,4.85628796304837,83806.4476003837,0.89312893,11.33627715603409,1.5823314212063948,-13.72033412512674
SYR,2015,0.4578433807659,75.7529067188542,1.44845576885991,847.731631942565,0.6453338,6.743743037333946,0.37737818340703055,35.7429631107047
TJK,2015,0.403047960041909,26.478832244873,0.589055327261958,956.916310930656,0.6123005,6.864760416044956,-0.5124013190854939,-14.830602699693028
TZA,2015,0.775069130369012,31.2061566592472,0.253809224058563,939.127319335938,0.41602054,6.846015312194116,-1.3325290732049802,-9.901992318676271
THA,2015,0.458516306631468,46.9521043776171,3.99014074054595,5688.85335397884,0.43353748,8.64643975420106,1.3863295456373956,-13.489102291529612
TLS,2015,0.732750018795076,29.5043315008419,0.57686674726648,1319.59295003154,-0.02173535,7.185836119287597,-0.5329574912842251,-15.252832184354112
TGO,2015,0.562642893481674,39.7162551272934,0.201743528645689,751.051987587248,0.26968622,6.622805453990154,-1.5523795072124265,1.0049460084737305
TTO,2015,0.371369552339037,53.926665238022,27.2353106358828,19887.2327716498,0.2300946,9.897883517807593,3.3048814195440337,-19.952614095899904
TUN,2015,0.350650538491303,67.8807907104492,2.69429825515354,4014.94773686432,0.053875446,8.298028647557881,0.9948424535600665,11.180841862423279
TUR,2015,0.387808933171663,87.2167107972537,4.70276339686943,11064.6494504662,0.41967097,9.311600944885285,1.5502744444470526,19.632966305677627
TKM,2015,0.322958850862644,47.0100189007695,10.9255651351321,5759.497903834,0.43433395,8.658779191591922,2.3920203341039614,-13.563689332668822
UGA,2015,0.794508200720203,24.9777856560427,0.149085649404502,862.934610355811,0.49745688,6.761497083481442,-1.8383125462954584,-15.22280188606694
UKR,2015,0.305719047646703,69.1587317201337,4.93846267555134,2094.47387695313,1.0611778,7.6475350010278795,1.599076957747875,19.443819790469163
ARE,2015,0.329397481313661,84.3284383471193,24.3205333372838,44910.334995523,0.8800605,10.71244549165919,3.19173207752861,1.702347280295541
GBR,2015,0.22517758908966,81.8243772295647,6.38957565142576,45255.3449216209,0.019081414,10.72009815856061,1.856231683702663,-0.8838885996345027
USA,2015,0.21159117169089,80.5707989535091,15.9501022949136,56572.9188996063,0.74830776,10.943303361165047,2.7700920014568617,-4.534256742707541
URY,2015,0.339544953725312,95.0800002298303,2.04722838394224,17125.9016800298,0.3690003,9.748405703974203,0.721359632189881,22.80582196595246
UZB,2015,0.317205761861624,50.6597328186035,3.49764512064744,2803.19018021751,0.65296394,7.938870070468443,1.2549449065213167,-2.183551273512066
VUT,2015,0.676115369935541,24.8626945764242,0.598269078282306,2854.89412272653,-0.065154076,7.957140250897832,-0.49713793195375544,-28.176775728247275
VEN,2015,0.47878988267142,88.9539804079292,5.75436845431794,4103.1384987005,0.8094468,8.319751133527891,1.7516955994665644,32.020774298639445
VNM,2015,0.40599131163451,32.3810945365679,2.16344818077591,2577.56885340113,0.6565135,7.854989816024212,0.7763149297895573,-19.561478722874718
YEM,2015,0.697095553068652,32.3883178702702,0.457400001457025,1362.1738120601,0.33868265,7.217570945253861,-0.7605698537600817,-12.709616139362652
ZMB,2015,0.773389830861187,41.9555104679652,0.356605174836236,1295.87788680068,0.3364865,7.167715029383375,-1.003469827919923,-2.6070679470177325
ZWE,2015,0.673118310954829,33.5612641766874,0.881442359972868,1387.12632595026,0.6263118,7.2357101498577885,-0.11491449887532258,-11.73144961981044
AFG,2016,0.801844817261786,24.6588345720126,0.219353479990497,522.082215583898,1.2430344,6.259738651679514,-1.4724908847796108,-10.153843051327478
ALB,2016,0.372066428726182,55.5738734464276,1.68739628528903,4457.63412207495,0.5396488,8.40259774745396,0.5290954800798713,-2.248944206221225
DZA,2016,0.409141947194502,70.7353778263851,3.93495625205734,4424.98529027556,1.0033504,8.39524819712503,1.3724378647705289,12.991480053514948
AGO,2016,0.595811210321066,64.2992302517989,1.07167614647808,2051.81462126253,0.6587278,7.6269671164307695,0.07851182552788752,14.805177409705458
ATG,2016,0.448846423397438,24.9239807471655,3.50009447698652,16556.8551801588,0.22815005,9.714615901444704,1.2556429536359073,-46.98736073976342
ARG,2016,0.411005944181424,91.5856817228217,4.4223010437306,12699.9623137756,-0.06674305,9.44943304231431,1.4889188721676496,22.521888510996504
ARM,2016,0.417380534260573,64.5928753345316,1.79624369214317,3524.42476874707,-0.07034352,8.167756209758831,0.5912493806334319,9.291799161627694
AUS,2016,0.198653975636096,87.0166295249235,16.8911897350521,50084.4440606385,0.23438875,10.821485707146891,2.827384017974961,3.2196585658354167
AUT,2016,0.217068275913007,67.7218061923556,7.75747687791272,45061.4993920192,0.578493,10.71580568053536,2.049945385507248,-14.94036676931512
AZE,2016,0.338781629960252,55.7574797205266,3.52696895574541,3880.6852276838,-0.039183695,8.264024675352202,1.263270133183245,-0.577332584668163
BHS,2016,0.446534038795349,82.1784378570728,3.20959657780469,30616.5363157284,0.36739573,10.329328206004918,1.1692560653112618,3.6662814898926683
BHR,2016,0.373158350473315,100.0,23.4996762017411,23800.001440631,0.27593645,10.077482936111776,3.1574120896685787,24.19217213364736
BGD,2016,0.692463797481739,29.8753915517965,0.584484613989962,1649.28380858601,0.54818916,7.40870255730707,-0.5200604437750027,-17.274924327481582
BLR,2016,0.260242089582961,76.8458709716797,6.23725167194174,5039.77560949445,0.45134306,8.525315239998152,1.8321416345483053,17.705306065814035
BEL,2016,0.220555567555406,86.4507790979645,8.94429666461985,41854.5498296444,0.043857533,10.641979679542203,2.1921334913471857,4.581353836787116
BLZ,2016,0.414048156957858,43.6765514309211,0.715098504270575,6140.86713919469,0.43168703,8.72288406924526,-0.3214477653972637,-17.58551854047458
BEN,2016,0.746580156682623,46.6094559006664,0.610993036151454,1010.5338961993,0.49902377,6.91922316687114,-0.47643541103834003,4.715196911736911
BTN,2016,0.660551225873804,37.2745234641407,1.90461927671535,3152.30905106786,0.844166,8.056207672841143,0.6495187917523602,-16.82873832161944
BOL,2016,0.502981291286686,68.7446327876947,1.91061375561046,3035.87347732132,0.37531677,8.018583803763482,0.6526447993383658,15.045378198501297
BIH,2016,0.341092478155656,48.0248845752382,6.7682636611601,4928.5665903114,0.42395625,8.503006350456447,1.9137209719797965,-10.876126235229755
BWA,2016,0.500112048361471,65.6949296854899,3.02151088073257,6749.05994339013,0.9768776,8.817306664329385,1.1090611357472118,3.418944641889624
BRA,2016,0.384923304920452,85.9487048448108,2.37533549789759,8836.28546025694,0.56573486,9.086735033843052,0.8693397844252361,20.779582999727438
BRN,2016,0.349479347052137,74.8816070556641,18.4753627527107,26663.2972950602,0.63134146,10.191080769605144,2.9169792163621624,-2.146040658322434
BGR,2016,0.367380743361542,73.1750030517578,6.83625613002581,7822.49923292968,0.5978746,8.964887205695156,1.923701952499846,9.314289955284636
BFA,2016,0.68986542316572,25.821510372001,0.203332261693596,663.742364842886,0.4609672,6.499399544299944,-1.5449044146204147,-11.564659232038899
BDI,2016,0.759379072113929,15.6180905635494,0.043231648947978,232.937812100153,0.7220297,5.45505531978143,-2.9331021544832097,-10.553852733050517
KHM,2016,0.540705857046211,32.4767436038024,0.668405454858677,1675.19555711109,0.70016605,7.424281955089219,-0.3880101537663151,-14.840864714463606
CMR,2016,0.570190518696405,52.9815033836792,0.413632361438979,1441.7201725688,0.47514376,7.274285619365097,-0.8588892719524868,7.274564052329424
CAN,2016,0.244357953618237,81.3023011093703,15.8982424179268,42314.0615817218,1.0524259,10.652898367419745,2.7668373659725343,-0.684369628886742
CPV,2016,0.52626435396171,68.0354078358316,1.62012197739165,3608.96605234906,0.13111782,8.191453647501287,0.4886548447744535,12.479867259801523
CAF,2016,0.789617403584611,40.3808711749566,0.0533555326292949,387.176203444318,0.6669348,5.961459369124727,-2.7589930417064688,8.771133060313858
TCD,2016,0.803555999360742,23.1119734707179,0.111858325578718,861.831767630746,0.63659924,6.760219733066149,-2.1048961747886215,-17.07489781166177
CHL,2016,0.2626563748081,87.6306290578181,4.86474105721938,13649.8520452803,0.6947465,9.521557219564658,1.5840669865712613,17.792362423404455
CHN,2016,0.417442248380299,58.8399238586426,7.76322483949301,8254.86859320357,0.5781517,9.01867957107379,2.0506851155332044,-5.598414646011101
COL,2016,0.469681610065386,77.2036266362166,1.8654751539246,5959.84250367574,0.6878498,8.692967109746196,0.6288620427445619,16.262806638130918
COM,2016,0.614302570235924,30.7305018169792,0.270175168960594,1365.48403444497,0.16784763,7.219996321761611,-1.272340267990443,-14.393476020349638
COG,2016,0.52346633343734,63.2515316469123,1.07043781028987,2093.10728558843,0.69547254,7.6468826248785,0.0773663388899242,13.543624968586315
COD,2016,0.830533321048257,41.7290483782911,0.0356208635159088,459.765036590388,0.7969146,6.132888231048106,-3.087390133854602,8.278497619597026
CRI,2016,0.426102100515221,75.5423088085047,1.69149442839303,12091.0301606154,0.5062764,9.40030185015818,0.5315069404268855,7.006089067818465
CIV,2016,0.65334412373259,49.929991034032,0.43877495464017,1862.59597081287,0.55063677,7.530263217895268,-0.8012337314997785,1.4743500273550012
HRV,2016,0.299289777077911,55.7294398599808,4.44976669563441,12820.1653893008,0.2505591,9.458852630344765,1.495096454267864,-13.435501411474917
CUB,2016,0.309851020318212,76.9115829467773,2.42368545978683,8110.55874283616,0.24146874,9.001045328744487,0.8894067585182627,12.662601916027583
CYP,2016,0.343858189460421,66.9625604106231,5.83770911607033,24280.056640625,0.70514697,10.097451763197887,1.7660499804563174,-9.05969383046343
CZE,2016,0.236066176486799,72.9745753395623,10.3928969863904,18753.9686718096,0.38732612,9.83921399212321,2.342084323741393,-0.2747073678371805
DNK,2016,0.208515105784502,87.6999969482422,6.2287600754887,54500.9260410217,0.3547183,10.905991320229118,1.8307814567855432,2.9956000206809676
DJI,2016,0.834130173465695,71.1492236341041,0.718448267388038,2510.4300076241,0.6157457,7.828607594047667,-0.31683866837622576,19.489944140061965
DOM,2016,0.427998326483576,74.0506780735522,2.35715917178999,7160.44200982307,0.39266253,8.876466637696815,0.8616905744855349,11.139429948959304
ECU,2016,0.507147583203901,62.9913367571804,2.548787986578,5917.63771271481,0.89132756,8.685861585301808,0.9395337036391006,2.126816275366906
EGY,2016,0.441946051818442,42.5210717266225,2.46076060182603,3270.6287768197,0.67934006,8.093043236768981,0.9045260391992939,-11.977732391206736
SLV,2016,0.41459899203381,70.3990173339844,1.18183137659657,3901.34014965811,0.7364184,8.269331690540568,0.17549109604961244,14.007218004835167
GNQ,2016,0.52141727316312,69.253269853051,3.57336561935995,7453.19797948517,0.70670843,8.916532639853536,1.2763024759189112,5.911790771201645
ERI,2016,0.68666943829585,35.5254287719727,0.191122470075508,688.68165957684,0.5535965,6.536230128198565,-1.6038412526150412,-2.256229688305879
EST,2016,0.250786179066081,68.724038178078,15.6467217413113,18666.3736521706,0.14649451,9.834532554555391,2.7509003290127634,-4.4749749926140225
ETH,2016,0.776164064685158,19.8763618469238,0.15021997848876,641.651523286233,0.71390295,6.4656026228734635,-1.8312075424558167,-17.14689453705587
FJI,2016,0.391886075000719,55.1734720973874,1.73254885406989,5363.79026679243,0.3790566,8.587612561438105,0.5553489000284659,-4.636044907387081
FIN,2016,0.180922970496828,71.6158383428171,8.88160307084068,43451.2562442158,0.5036641,10.679418056715113,2.1851073561987984,-10.655602292547727
FRA,2016,0.275265900694393,78.5999114705779,5.01727531627851,37024.2157133669,0.16160758,10.519354465273434,1.6148781507218946,-1.9527574266311944
GAB,2016,0.477869609818588,88.5445883406178,3.12287828535461,6677.07003901644,0.75851136,8.806584308471429,1.141952161982914,26.383740549962518
GMB,2016,0.621850627477884,59.8652472486563,0.224978971165648,650.056501323611,0.36167178,6.478596430030126,-1.448259253243444,22.702462641482576
GEO,2016,0.376488369618718,57.6984032005062,2.95779616660474,4143.40125686315,0.32396334,8.329513607645369,1.087819645926793,0.6603671017324757
DEU,2016,0.245706651451109,80.8347870684725,9.58423383867929,42948.9381932694,0.28267148,10.667790488372237,2.261162276211998,-1.31179609198999
GHA,2016,0.551720359977043,54.167052758274,0.546382156439567,1912.47991339951,0.6498127,7.5566788075018065,-0.5862998891099837,5.427759682731711
GRC,2016,0.250877249457837,77.7122988766348,6.32529541885367,17919.2426377048,0.5786367,9.793686226487747,1.8461364454961928,4.951895846186233
GTM,2016,0.480067873790869,53.6609232857043,1.10787792062825,4060.13784737643,0.623559,8.30921847130534,0.1114321743416473,-3.1591825114369527
GIN,2016,0.621362550389456,35.3100280761719,0.267497057490953,711.996509782316,0.2711331,6.5694765252863485,-1.2819449494880721,-2.828632043230421
GNB,2016,0.796361439108977,42.586109161377,0.206780636205281,679.665386626818,0.105781555,6.523070829486885,-1.528869329801898,4.9457559818051
GUY,2016,0.447645726417567,26.4080892882899,3.21708654858634,5870.87823759835,0.47137865,8.677929833975533,1.1715797328484854,-34.37125960708791
HTI,2016,0.699606837564597,50.087821148256,0.335286924737644,1318.40268167953,0.38131824,7.18493439928597,-1.0633795416870264,5.340340182537702
HND,2016,0.483910320758886,54.8868414578857,1.03396802934008,2307.34468351082,0.5992134,7.74428595941974,0.04302886575407473,4.133012361452465
HUN,2016,0.259878927254591,70.4733810424805,4.94531881179394,13215.8605277789,0.23880632,9.489248606215098,1.600461507143803,0.9820460933055841
ISL,2016,0.2164619779635,93.7822647094726,9.4768348343514,62854.0906407932,1.026877,11.048587207409671,2.2499050305776676,7.546665222630537
IND,2016,0.64370707162794,32.8650780972823,1.7202923565219,1707.50892912243,0.6567257,7.443376297835181,0.5482903864413035,-14.657566334286066
IDN,2016,0.431606605648014,53.812557220459,1.91626591013332,3521.46943457574,0.6446726,8.166917566538805,0.6555833672589967,-1.4795135549526108
IRN,2016,0.44496934892213,73.8796100096595,7.66363471449536,5710.59947089104,0.84123987,8.650254380918529,2.037790390287259,13.397441666877043
IRQ,2016,0.549609194802491,69.9123778259643,4.03030161950881,4334.42096404188,0.5032959,8.374573992698766,1.3963193474805269,12.390480808897905
IRL,2016,0.284545577100874,62.7229399123734,8.29636917712182,64129.5571542383,0.0038641293,11.06867623999287,2.1170225912617338,-23.728376722509005
ISR,2016,0.255089870627832,91.6894623646632,7.90452843435525,37671.5389138798,0.7327376,10.536686697243658,2.068700112828497,10.950678997565845
ITA,2016,0.316860215953016,69.5969232525286,5.80834075921169,31391.5692898108,0.45251444,10.354326497069755,1.7610151281776811,-9.183666153029833
JAM,2016,0.486634098468774,55.549259277615,2.71374756887664,5302.29553353854,0.47184834,8.576083705084306,1.0020087147114993,-4.136460227080356
JPN,2016,0.203466722448376,91.4541254852142,9.66865261733136,39375.4731620781,0.6062809,10.580923789068141,2.2699226991758747,10.24032176825905
JOR,2016,0.37138147242558,90.56272794707,2.52192429080405,3986.71677010853,0.77275676,8.29097410802518,0.9289796028886197,33.93853113650181
KAZ,2016,0.275515978220468,56.7476265001667,11.7692010281208,7475.56688689424,0.7233753,8.919528993268136,2.466335351485297,-6.626027591128299
KEN,2016,0.680920274750809,31.6502520105647,0.384366853070731,1554.12610314423,0.4564824,7.349311916594893,-0.9304737037238552,-14.862323868956814
KIR,2016,0.541827617022254,51.7710553002321,0.57225814075187,1742.66799324117,0.23372173,7.463746215498142,-0.5408413887750755,4.029677561030724
KOR,2016,0.246682192506635,81.5559241797057,12.6677788190173,30832.0628072516,0.83620757,10.33634286097505,2.5398507616628825,2.9684440577167237
KWT,2016,0.313002491223398,100.0,24.5748353685826,27323.6890735517,0.5584678,10.215545934152981,3.20212980442426,22.709643989795623
KGZ,2016,0.302224327783671,35.0515747230627,1.57746831023662,1103.27489428412,0.9073615,7.006944194287834,0.46214048952979275,-7.78463753211431
LAO,2016,0.518206476725704,33.8267455533474,2.29721448088974,2303.22156035363,0.55008173,7.742498180540314,0.8360409444799805,-16.907886274148204
LVA,2016,0.278400829534093,67.9307110858472,3.81753444818853,13838.5266823272,0.22977407,9.535284029333038,1.3422208486890905,-2.0549547945313122
LBN,2016,0.439945106304273,88.835892633396,4.40699597979459,8089.012088155,0.7945277,8.99838550426094,1.4854598224474798,24.615472945732492
LSO,2016,0.618957657522198,35.5077950709441,0.308624300725396,992.491840678465,0.95798737,6.901225849254035,-1.1437426109515973,-6.193207721468255
LBR,2016,0.762197138123963,51.2687310234384,0.291277161616349,714.613063145659,0.53719693,6.57313960628301,-1.1997246351998927,13.09073653677035
LBY,2016,0.470291301061821,87.8160056703177,7.71283597446731,7525.80299308216,0.82758516,8.926225661327072,2.044181650784259,24.37044238533386
LTU,2016,0.284917094131196,67.1894226074219,4.69887829841954,14934.2702840428,0.26026282,9.611480827844527,1.5494497264635532,-3.6144487289251117
LUX,2016,0.218953187843517,91.5357090052649,15.5348496771555,106899.293549552,-0.07527724,11.579651843029497,2.743729373290625,-0.4024920452183096
MKD,2016,0.476906843647192,59.3823070989891,3.99771705905588,5598.48622617967,0.56881493,8.630430127189323,1.3882217672427524,-0.8869873057985131
MDG,2016,0.774811661516251,29.4239466316878,0.124571110322348,453.970714522463,0.13514249,6.120233053192625,-2.0056625183721257,-3.890712124062798
MWI,2016,0.760558523675585,15.899632938282,0.279415248170622,450.506105510719,0.57319146,6.112588895491454,-1.2398927772625303,-17.3329424273582
MYS,2016,0.350549386293815,73.8588978909614,7.78504411100645,9476.53409809923,0.75983495,9.156679445178714,2.0534881613784557,7.9387090707909636
MLI,2016,0.784624071377683,26.4468586077195,0.238623888160926,872.468587171653,0.5978082,6.7724721669030234,-1.391814013770032,-13.871579989955073
MRT,2016,0.59078536751021,52.9185627319946,0.642260899312078,1565.76575722696,0.6897774,7.356768746323692,-0.42731064477593406,6.325915000538096
MUS,2016,0.457250075674634,39.5578893260494,3.21654571682465,10095.1225574156,0.23707183,9.219906723912505,1.1714121274626457,-27.041237526120234
MEX,2016,0.387042699943562,77.4405087351486,4.06104469144067,9097.92397674769,0.37046942,9.11591144120009,1.4038996474612397,11.958089006801956
MDA,2016,0.317799080607486,39.7373237609863,3.00493795274377,2847.08794770479,0.670847,7.9544031525693955,1.1035792504462498,-13.272755429759158
MNG,2016,0.407037848178065,67.9776754820979,6.18895798314975,3619.90026383792,-0.027310014,8.194477965569103,1.8243812106922543,12.389659610622196
MAR,2016,0.468037409470957,60.9657656537179,1.74200393753249,3140.85546875,0.5457318,8.052568817996246,0.5607602399617256,6.901578093459818
MOZ,2016,0.594810943981719,32.3819234395234,0.304783553342609,441.489734819071,0.62394077,6.092417266029911,-1.1558700085857503,-0.6340478482076719
MMR,2016,0.683386908900952,29.8129165582094,0.446262538135226,1229.19713491328,0.38895336,7.114929707811452,-0.7846868936186964,-14.182850140941571
NAM,2016,0.519976565428765,46.1751725648784,1.59834340010487,4395.68776162376,1.1312498,8.388606754974976,0.47520470523581293,-11.497409033180894
NPL,2016,0.670734504007358,65.2895168835553,0.385041034199327,877.256454696737,0.88113433,6.777938640617064,-0.9287656354276602,24.91237898741791
NLD,2016,0.208909305909857,90.5803239452777,10.028805106001,46808.5291492503,0.2073866,10.75384207547938,2.306458093834419,7.509714061367021
NZL,2016,0.266299171597729,84.691365594,7.36993275492671,40113.7195382428,0.7006164,10.599498616719787,1.9987645267723195,3.2781043456899113
NIC,2016,0.559559408442877,58.0043880782023,0.918114335021321,2131.68704828322,0.5561765,7.665137988664968,-0.07460034794321213,8.100454289255303
NER,2016,0.744667318142571,16.3898280543236,0.104777428213515,502.706475406446,0.89996785,6.221993708349825,-2.164760432777765,-18.01754227040449
NGA,2016,0.574487938185263,56.541038793347,0.631791150085677,2070.4127339595,0.34921598,7.6359861336494,-0.443492339610432,6.950139243256437
NOR,2016,0.197882630998259,81.6800003051758,9.04975223129384,70867.3609970749,1.170095,11.168579364643614,2.203841772141626,-5.844081632899957
OMN,2016,0.41605783935363,77.7521362304688,18.3626186750392,17110.1897460545,0.17610566,9.747487899597626,2.91086144078439,5.487813400980571
PAK,2016,0.635189848347243,36.1597184900333,0.893970251114536,1424.69161195897,0.8891742,7.262412316688144,-0.10095882719058422,-9.419724657481616
PAN,2016,0.396783485358657,65.5971555296656,2.64685340546218,14832.3611652459,0.5960986,9.604634055793174,0.9771424923019535,-5.133194787982106
PNG,2016,0.611158532890678,13.3653651942392,0.738809232783268,2316.39479758492,0.52080184,7.7481989016242725,-0.2892710237889098,-37.430481292992354
PRY,2016,0.428450589908238,62.0827613208606,1.20212010447541,5775.15963399596,-0.46311188,8.661494317655428,0.19237097883925178,1.4798979128978687
PER,2016,0.475666596496044,81.4192362241943,1.86289055051085,6217.03599995447,0.61626196,8.735209380237588,0.6274829863625726,20.024816378559336
PHL,2016,0.413850403934971,51.9114748151175,1.13642556715245,2985.19564024046,0.60189134,8.00175549512246,0.13664889940495248,-1.6070764608949588
POL,2016,0.248644828423168,60.2402284228997,8.34151367627891,12464.0110508476,0.49022284,9.430680882507414,2.1224428010300613,-8.622203055034781
PRT,2016,0.244244981281526,61.1343011242723,4.89305456071076,19980.2808866516,0.24900961,9.902551158588707,1.5898583906330337,-12.795099595694893
QAT,2016,0.334756151846031,98.9855265345423,46.043357731359,61253.6217997091,0.1246678,11.0227945835146,3.8298006749478004,13.026889676143341
ROU,2016,0.335140604035524,53.5528171972639,3.99479410161277,9404.54005870715,0.44339705,9.149054162596585,1.387492168864876,-12.28549091487313
RUS,2016,0.342393027915461,74.3703138709243,11.961746699283,8663.158203125,0.709276,9.066950048339256,2.482549432005431,9.413644299449558
RWA,2016,0.753682448081525,19.1213951786548,0.101567364138968,729.519133812945,0.9344247,6.593755423610146,-2.1931267078334336,-19.27797309990254
VCT,2016,0.417129226416228,46.8116589511271,0.951583935909129,7656.90042881178,0.3003777,8.943493129708232,-0.039173420926082086,-16.819323368727318
WSM,2016,0.580221486386481,19.126462366749,1.74054909360734,4147.07097674888,0.44089508,8.330398680280382,0.5599295064962314,-37.92107769115481
STP,2016,0.693606321029307,67.5218887329102,0.718742789252242,1434.87018050521,0.3348042,7.269526341973618,-0.31643443604598687,21.866054786619202
SAU,2016,0.365401372623434,83.129128630626,19.6907023725829,22267.7217050387,0.56337667,10.010938358740427,2.9806542885389784,8.03586013335429
SEN,2016,0.668927834947935,47.0553579909929,0.684897111121798,1266.43957151587,0.37851825,7.144754058996186,-0.36399148592794683,2.739335751756599
SYC,2016,0.452436795004212,43.2815632531296,11.6216187669656,16566.9946042294,0.21574783,9.71522807740114,2.4537271457497347,-28.636351813232487
SLE,2016,0.694345430662339,41.229411538771,0.146932936293809,844.416411175476,0.39813837,6.739829300264448,-1.8519367222557983,1.2614938567239662
SVK,2016,0.397379338131122,53.7399327086517,6.5265914880281,16636.0769133073,0.3849509,9.719389032676483,1.877415850407424,-18.222662926642876
SVN,2016,0.247290425589817,53.647274017334,7.27283028626052,21447.8377796036,0.38551328,9.973425740119161,1.9855195622401847,-21.043181896952916
SLB,2016,0.668424728226294,24.5047424399707,0.48854205824762,2082.62383124213,0.50428104,7.641863883337847,-0.6960673235351068,-25.149272712846653
SOM,2016,0.87860451816587,45.942842729174,0.0583884020478453,460.928490585175,0.39107752,6.135410096818554,-2.6825520294346896,12.465212035720072
ZAF,2016,0.436125764341988,63.2750973439347,8.03701551903542,5651.20585165749,0.91820335,8.639801164170468,2.085301279711337,2.905176223381602
ESP,2016,0.296562029258756,79.3615955277997,5.66204126256542,26755.6061149398,0.41513392,10.194536679402995,1.7355490639857032,2.2968380623908473
LKA,2016,0.475552802152568,18.9747679368162,1.10736008298364,4149.19190775593,0.6369996,8.330909854988331,0.1109688342829712,-38.078261143502814
SDN,2016,0.671080341896117,34.1881958841213,0.580134819548243,1033.21594238281,0.592632,6.941398875026842,-0.5274042604773954,-7.944187091083343
SUR,2016,0.46618023491856,66.1426466980469,5.03728581709788,5644.2061057532,0.3817552,8.638561987122417,1.6188506368420006,5.786031929485397
SWZ,2016,0.603341868232591,23.5278881746356,0.910738255617408,3238.17611961364,0.8847986,8.083074292380836,-0.08257947897327392,-30.86386886447159
SWE,2016,0.244851117317921,87.0,4.2819344992006,51703.5088332851,0.3242124,10.853300268169354,1.4567375635151403,2.86140251701147
CHE,2016,0.16672869696462,76.6726675773771,4.87123534246438,82153.0745447889,0.40491983,11.316351721076442,1.5853983317771518,-12.438202134418987
SYR,2016,0.474658475144197,75.15400963398,1.34820380336727,656.3490586313,1.0860487,6.488215169075413,0.30616309399349334,37.88793847251352
TJK,2016,0.381335160241784,26.3718509674072,0.644680564756192,788.710481734485,1.3519081,6.671666399474186,-0.42360784970018744,-12.864129698771332
TZA,2016,0.770144415852049,31.7577303242916,0.262646711236488,953.0107421875,0.40854326,6.860674931539504,-1.2995784198999878,-9.507834460662252
THA,2016,0.4540051771219,47.8801095551247,3.91990436444812,5833.57715617098,0.5785033,8.671557075286067,1.3686150908390495,-12.830808303370304
TLS,2016,0.728612783679032,29.4462907628171,0.538055477761351,1335.54391073349,0.88389426,7.197842390058706,-0.6013787603674331,-15.439796924996628
TGO,2016,0.57736195560333,40.1485878279739,0.270784136343166,772.581357620609,0.559912,6.651030845633373,-1.2701691029307502,1.1341928854650973
TTO,2016,0.366439183130837,53.9277523084951,24.9048855339594,17449.1538801956,0.46353054,9.767103745941009,3.2154654374606992,-18.54720656889974
TUN,2016,0.351359246021302,68.0623356528248,2.59021982927091,3847.80354448809,0.7212953,8.25551761131812,0.955595991172891,11.818872673886958
TUR,2016,0.384069687054989,88.1020958581776,4.93533246982308,10984.3643169061,0.60341436,9.304319149212425,1.5984441963480869,20.596543693118818
TKM,2016,0.322618219507837,47.0227025249994,10.5800733045589,5686.98040962764,0.7301895,8.646110527318855,2.3599170816440225,-13.4149688875941
UGA,2016,0.791487257970491,25.6953567134098,0.154688947840922,752.696571725656,0.9565716,6.624989862246345,-1.8036967488411715,-13.03940870263223
UKR,2016,0.29878878778509,69.2102241609089,4.98162827265164,2158.46118164063,0.4796355,7.677614016615497,1.6077621636814465,19.17232209065152
ARE,2016,0.324538257557777,84.5093991669984,23.7748451471417,42721.0999383185,0.18569739,10.662471628285482,3.169048619337161,2.419930221667414
GBR,2016,0.225234562044699,82.0229991698295,5.97285960339598,41257.9085545556,0.12346923,10.627622333404677,1.7888986482117868,0.3077438891819497
USA,2016,0.209968598463254,80.4976645324131,15.5045482189269,57638.1018367192,1.224122,10.961956467700576,2.7417781784900352,-4.807689258162853
URY,2016,0.339468629156759,95.1585424955685,2.0209020670953,17009.7584207276,-0.26113033,9.74160127115242,0.7084800623787044,22.95743060939043
UZB,2016,0.312706581828035,50.6572189331055,3.64421845300852,2753.37951427589,1.1155797,7.920947474542361,1.2958822407907122,-1.9936113281627215
VUT,2016,0.676252546360562,24.8654875642873,0.609731446191843,2956.12644801489,0.48131672,7.991973281202279,-0.4784690460836027,-28.54802175514301
VEN,2016,0.478503045376048,88.9914428378712,5.29608278304555,3670.15737848208,0.70014447,8.208262253316695,1.6688538573740055,33.25541051869634
VNM,2016,0.400916903269655,32.8476189285136,2.38090235568537,2735.0604380416,0.62575215,7.914274368425947,0.8716708493676568,-19.731555148513714
YEM,2016,0.721503767041202,32.9512008005236,0.331047266795208,975.359417003225,0.32879767,6.883830773750071,-1.075734199001755,-8.56301270464354
ZMB,2016,0.771635884721047,42.3442476889162,0.374035815469437,1239.08527877713,0.47438845,7.122935429441677,-0.9570194612920763,-1.7374848939041172
ZWE,2016,0.695564627971605,34.0799460726314,0.771813225130946,1408.13945253431,0.7902608,7.2507344797012125,-0.2461394095077961,-11.374099812488332
AFG,2017,0.806220568715251,24.8352821238871,0.2913283907183,525.469770891619,1.0041171,6.266193914715114,-1.19955460987611,-10.04671247258857
ALB,2017,0.365566361695028,55.980276426546,2.0244422333699,5006.36012951959,0.4781743,8.518664134952077,0.7102216945297894,-3.0888685437944545
DZA,2017,0.405988060429377,71.3227912436551,3.98952018838216,4554.66753957828,0.439075,8.424127349906744,1.3861744010205055,13.268787523667186
AGO,2017,0.597992202943976,65.0850525086068,0.92592191412033,2790.71886869768,0.4435905,7.934412767085319,-0.06622323106972851,12.289631187870384
ATG,2017,0.429662020437887,24.8500263836871,3.06406685236769,16965.7288273816,0.108460106,9.739009577560156,1.1230013925597218,-47.32325575270075
ARG,2017,0.411827793070706,91.6776028433824,4.32102910494897,14532.5009308511,0.44100508,9.58421167254182,1.4658051823551346,21.1665492117709
ARM,2017,0.414445094989642,64.7124948593667,1.90951198227831,3869.05373867752,0.15112664,8.261023671890602,0.6520709778348086,8.409907496080642
AUS,2017,0.196221702600053,87.12809266445,16.7209445382487,54117.547718609,0.30765486,10.89893224745699,2.817259971160505,2.4994964525233314
AUT,2017,0.216369804932149,67.9051196052802,7.96641934826064,47163.7425775142,0.39179143,10.761401913155654,2.076489607538818,-15.246668235628633
AZE,2017,0.341023086627902,56.4331887124691,3.47329869912147,4147.1981423222,0.268733,8.330429336367235,1.2479797468573384,-0.6146805321986051
BHS,2017,0.448714830488225,82.0814018736052,3.51818891890854,31875.4881749619,0.2564257,10.369623969212826,1.2607846851543418,3.1365473622352766
BHR,2017,0.372615693325113,100.0,22.4846714044751,24784.7693514607,0.30321917,10.118024950984037,3.1132784546947847,23.75682972540382
BGD,2017,0.68869712570346,30.2015798381799,0.622997104678737,1811.08221668646,0.20525138,7.5022318590208545,-0.45728943081566154,-17.953058879460013
BLR,2017,0.258117021196003,77.0208206176758,6.3666212107869,5785.54491935194,0.35193548,8.663290660042405,1.8526383662882155,16.398667985355566
BEL,2017,0.21837463622115,86.6731739531869,8.77081443615992,44035.3239358548,0.41207585,10.692770116323079,2.172569163727726,4.258358159901135
BLZ,2017,0.412157301972731,43.4211086747287,0.762857648136934,6071.85451846453,0.31029525,8.71158404014621,-0.2576604024155217,-17.71962095636316
BEN,2017,0.732678316780758,47.2942774880391,0.601713652575047,1054.97408066814,0.37934065,6.96221891914314,-0.4914909939128022,4.93832772233614
BTN,2017,0.702216384977402,37.8645544995016,1.95350871960071,3435.28804735662,0.72425073,8.142147111766391,0.6747330358718574,-17.1615297562985
BOL,2017,0.497569410145657,69.0838016274736,1.92014923064189,4048.40119739839,0.4166808,8.306324296675102,0.657597321503744,12.294773638314382
BIH,2017,0.335844142257274,48.4918401819106,6.99679935322086,5345.01978766473,0.28610238,8.584107598088334,1.9468810137880008,-11.280040331675615
BWA,2017,0.524061268439563,65.9456435684731,3.28258954351765,7104.96401088027,-0.3416606,8.868689711957996,1.1916743504743423,3.117904504555554
BRA,2017,0.379619498361273,86.1982897571091,2.41694955353585,10080.5078722821,0.38290548,9.218458120941992,0.8866351410055127,19.614718084122302
BRN,2017,0.353739885429259,74.8476440654983,18.188792250885,28024.3824580252,0.29985824,10.240865894877578,2.9013552320393545,-2.714599089763098
BGR,2017,0.364088086059202,73.3904571533203,7.2438350558862,8696.68930427924,0.20345676,9.070812672156206,1.9815303022352477,8.392310512688823
BFA,2017,0.653300672125735,25.9769918665632,0.228245053999348,709.091535894695,0.27398095,6.565393885520748,-1.434455496372239,-12.117828640201534
BDI,2017,0.752373376914196,16.6241273909209,0.0474764316842566,246.060725714184,0.48248258,5.5096341595049205,-2.8563802989561977,-10.133886519071737
KHM,2017,0.523808226357802,35.0127905056235,0.735875459113371,1826.35391688754,0.1648782,7.510624252389229,-0.29319663760346776,-13.231966198293776
CMR,2017,0.565015288134699,53.3115142121504,0.408780434472765,1496.08951771242,0.4239974,7.3112781807028835,-0.8704085191459296,7.2073467018206046
CAN,2017,0.241867395007937,81.4018945832226,16.196245321702,45129.628116623,0.4862113,10.717316410663988,2.7853966816323394,-1.2765006825066507
CPV,2017,0.547503222694232,69.1999988159713,1.73155024537282,3893.09571382506,0.30912748,8.267216765451602,0.5547756621865371,12.830909669934229
CAF,2017,0.790206603753902,40.8151443386334,0.0552204845258517,432.324025684263,0.62169904,6.071485775360675,-2.7299816795493306,8.023936560678145
TCD,2017,0.787518718889932,23.461349471105,0.141485892472642,854.46120040098,0.43627706,6.751640739178083,-1.8872627773610178,-16.63340009824918
CHL,2017,0.255387448295285,87.8000295757281,4.83609776199712,14879.9086227187,0.20489033,9.607834369877544,1.5781737959418,17.03531410763054
CHN,2017,0.408512257935505,60.2402687072754,7.87802652170332,8979.67652709856,0.58729434,9.10283049555193,2.065345979579585,-5.101687099913995
COL,2017,0.468261063213316,77.2245191706503,1.68289187289759,6479.53231292429,0.43303093,8.776557933028654,0.5264382339510912,15.386096267787806
COM,2017,0.661503705929049,31.0996559689293,0.344536382486926,1423.9248027797,0.27635098,7.2618743213312085,-1.0369443078475329,-14.474010154551411
COG,2017,0.534415091938621,63.3544545340423,1.03367382350737,2211.63309874797,0.3377255,7.701938532698889,0.04274701105351255,13.055354458592824
COD,2017,0.830461663273599,42.1127579403217,0.0373745177008366,431.052559128788,0.51498127,6.068547245493539,-3.049670796088643,9.353104259346715
CRI,2017,0.422180883778707,76.0539254265608,1.70887391193112,12317.0902771304,0.23206918,9.418824215099042,0.5416693740485512,7.318811502022882
CIV,2017,0.640728833855482,50.3977309654344,0.461221278034062,1964.29930338343,0.40363136,7.583399829947744,-0.7524274905461839,1.3715060662272833
HRV,2017,0.296312087605147,55.9009887365155,4.65112768894595,13901.7878144679,0.3496748,9.53984466120081,1.5392574121979308,-14.133649462251327
CUB,2017,0.310493789185332,76.9603271484375,2.35681925818751,8610.60829605429,0.17763598,9.060866373944773,0.8615469685912148,12.068984410624296
CYP,2017,0.343895261815633,66.8907450570326,5.87048294831676,26247.44921875,0.37435737,10.175362188893681,1.7716388926051938,-9.968115663937937
CZE,2017,0.23204073914079,72.9121853567256,10.4187499138699,20913.197632212,0.2635454,9.948183519870604,2.344566406975238,-1.5072181940553264
DNK,2017,0.206776073171053,88.0161943799509,5.81887534735593,57521.5514992225,0.24031079,10.959932349881608,1.762824073924121,2.732575678976559
DJI,2017,0.825058856873706,71.318261933957,0.641423683758974,2618.95521147369,0.6733678,7.870912501751653,-0.4285950285587413,19.204709990496582
DOM,2017,0.429584370329422,73.926806252977,2.23015375777069,7412.71571571512,0.26299524,8.911087038723444,0.8065445053731187,10.643802338624319
ECU,2017,0.505909412114137,63.0194591842425,2.44983761168802,6233.32244797718,0.533281,8.737825183079657,0.9000953362564807,1.5969507023534106
EGY,2017,0.436895131213902,42.4486008687179,2.52378641552398,2395.10333299491,-0.038151186,7.781599085598753,0.929714790865887,-8.705898649771285
SLV,2017,0.404331527504942,71.0856704711914,1.06736376872868,4020.12671373919,0.36790022,8.299317419392342,0.07451710226807028,14.3718827196019
GNQ,2017,0.527070899396797,69.5516019132985,3.12788819223808,7809.10465655488,0.6904702,8.963173643071077,1.1435500234141431,5.709289147489542
ERI,2017,0.748625932796717,35.4427146911621,0.186042997803099,688.68165957684,0.7009619,6.536230128198565,-1.6294212672647121,-2.338943769116476
EST,2017,0.249307921658275,68.9931941915158,16.6729670316324,20851.5223496861,0.0040283403,9.945230195914071,2.81438826070617,-5.394496402530962
ETH,2017,0.825301428100907,20.3084850311279,0.144744318001779,696.348429076216,0.51043683,6.547285184097235,-1.8659810853659762,-17.591883233617914
FJI,2017,0.387192540759432,55.7408343449609,1.67682711135347,5826.84814459328,0.48459783,8.670403110797398,0.5228493154155207,-4.957692178739627
FIN,2017,0.179008675176166,71.9563038312956,8.36494370044446,46085.0174739036,-0.06948901,10.738264874385273,2.125244355353545,-10.947037201785406
FRA,2017,0.274411348564934,78.6467804026368,5.06155143263354,38687.1626407164,0.32726297,10.56328895731171,1.6236467732857007,-2.377659511113137
GAB,2017,0.472773674339691,89.0009733256896,2.66535305299272,6921.73373135624,0.55503654,8.842566018484694,0.9840813540662406,26.453751933740662
GMB,2017,0.64493775768168,60.471712657237,0.223551557965647,642.522641296331,0.5330086,6.466957211026901,-1.4543524212549552,23.433910630403773
GEO,2017,0.372547752258564,57.9996827205757,2.99648283639181,4418.75206546679,0.48601648,8.393838879712634,1.1007709026476002,0.270918276382595
DEU,2017,0.243692449282935,80.9842544038853,9.36976518940283,45553.9341495339,0.3138843,10.72667422063125,2.238554729592095,-1.7946255451994517
GHA,2017,0.559993972837975,54.6991419779128,0.578922122819532,2012.28662641265,0.55673903,7.6075238031899906,-0.5294613233939728,5.413872513684133
GRC,2017,0.248948831405048,77.8895342613411,6.35852543809071,18631.9930129293,0.25173542,9.832689106243674,1.8513679574011206,4.710316141043691
GTM,2017,0.479023864818622,53.7994723140017,1.02957279184604,4324.99768915601,0.3975253,8.372398072337182,0.038809851690153184,-3.699059549326222
GIN,2017,0.504931030712737,35.5827331542969,0.264023093159597,833.598621691121,0.4047475,6.726950916695654,-1.2945428945411932,-4.246895729455616
GNB,2017,0.761577593000818,43.0155792236328,0.163339498964344,783.123186602022,0.21308978,6.664566133775333,-1.7525031857592663,3.8558416050247217
GUY,2017,0.444428075821599,26.412905546573,3.21257965409595,6178.6650437298,0.3609209,8.72901934893914,1.170182173631521,-34.91504539905637
HTI,2017,0.698289350178119,50.735083378449,0.331556809297013,1395.23945184461,0.22375043,7.241537795722545,-1.0742412615456423,5.379791996866963
HND,2017,0.477945178100835,55.3877322339915,0.974871343619725,2413.0076562942,0.25649372,7.789043573273905,-0.015244261955502731,4.153293393225134
HUN,2017,0.254637625760651,70.4542541503906,5.2571073027842,14736.1668157258,0.23608772,9.598127936666453,1.661481312950691,-0.2062330985894505
ISL,2017,0.214447905276133,93.7718982310092,9.69685497961561,72976.3729990975,0.860888,11.197904713166862,2.272832334844678,5.932919071152128
IND,2017,0.634773919609312,33.1821328157539,1.79545339877531,1950.10468280866,0.5180332,7.576150995159416,0.5908117506990389,-15.766253692745366
IDN,2017,0.425422778500665,54.4541015625,2.00394276108737,3798.88326174526,0.30865145,8.242725624649237,0.7000943733797741,-1.6520003528548486
IRN,2017,0.439495483304253,74.4011840820312,7.83730730212281,6000.93346404409,0.68765205,8.699836940308092,2.0601704541120403,13.386595461678858
IRQ,2017,0.546842187727558,69.8944511190753,4.25410677734214,4759.2846435467,0.649776,8.468062744502006,1.4502327281405663,11.368666690839483
IRL,2017,0.265728162369666,62.9035196521232,7.92618041220563,72161.4047531385,0.3171508,11.186674479474169,2.0714321031170186,-24.814868634381405
ISR,2017,0.253527097811242,91.6701057535759,7.78383620442312,41138.470964272,0.3999327,10.624723303723973,2.053333191096908,9.985980414712031
ITA,2017,0.315050556974666,69.5180784259382,5.7611454316748,32844.115660604,0.40715304,10.399558326727101,1.7528705758401377,-9.748212879595712
JAM,2017,0.485411548699342,55.9152267548307,2.59524590839289,5605.43541173019,0.467594,8.631670397586685,0.9575270693653741,-4.367385742394163
JPN,2017,0.203261077069026,91.5498419685883,9.55283290804272,38834.0529341227,-0.07984992,10.567078543904774,2.257884012459628,10.484709263449744
JOR,2017,0.372973106214208,90.8764609714428,2.59425578446284,4065.61628749384,0.7180434,8.310566553655315,0.9571469470426076,34.04187939112702
KAZ,2017,0.278036150642042,57.4586448748837,12.1409198865254,8943.08416791984,0.5384409,9.0987476058962,2.4974048777457734,-7.8394686363340185
KEN,2017,0.70715025444383,31.5383650847102,0.391204755110222,1667.48447230835,0.56395644,7.4196709917701495,-0.9132833707456952,-15.729730453247
KIR,2017,0.540256765771338,52.9734697275451,0.574516732488048,1853.05122713319,-0.024802843,7.525128376344509,-0.5369698714685562,4.572966934735852
KOR,2017,0.244696860017709,81.471030429984,12.952944838832,33296.9845439195,0.25297046,10.41325214993025,2.5620948903309073,2.057694090055449
KWT,2017,0.311091704314871,100.0,23.4582455235038,29047.6536135703,0.7474392,10.276727413996708,3.1556482530637613,22.05267385994408
KGZ,2017,0.308798945069915,34.9980805726839,1.5280901441896,1221.39046807082,0.06622958,7.10856362066492,0.4305414806725087,-8.929326728982957
LAO,2017,0.504091410868572,34.5115346444216,2.74206282655521,2432.43059478511,0.35887876,7.79705730812921,1.012350749227374,-16.808956126470235
LVA,2017,0.276606476263575,67.9706866054779,3.82654532273942,15132.4958333982,-0.021633824,9.624665833193427,1.3445723061300987,-2.9747660508745497
LBN,2017,0.437358662584747,89.0519233886895,4.75585896916428,8608.21084982387,0.537998,9.060587938148473,1.5614777872115095,24.16357050992707
LSO,2017,0.631712905177892,36.5283648068846,0.333455410247971,1069.36673247542,0.47517195,6.975756609365033,-1.0686979857953618,-5.972953428585413
LBR,2017,0.760382885322899,51.7957569553849,0.253788210788989,699.269095727404,0.46958828,6.551464683639739,-1.3326087296558922,13.850508992335506
LBY,2017,0.471373654532886,87.8166729870528,8.22031320255774,9965.83236729757,-0.5856118,9.207018096053828,2.107824070168716,21.35594493693162
LTU,2017,0.281839286525175,67.1012954711914,4.91240709777077,16800.1510246099,0.15761061,9.729202676414053,1.5937976583760574,-4.966679615810705
LUX,2017,0.218194174905711,92.0963768119916,15.408092082316,110193.213797228,0.31131953,11.609999667945202,2.7355416304096885,-0.1677008685847028
MKD,2017,0.473173560924131,59.7437719356273,4.20312884317705,5955.2973863451,0.46777904,8.692204323105615,1.4382055648167065,-1.188857217130817
MDG,2017,0.754811436344291,29.671033028335,0.132624692613867,491.866848718929,0.43232074,6.200239053829086,-1.947538626007359,-4.502734607444221
MWI,2017,0.754061781240505,15.9634281867266,0.299783006549716,495.769683367165,0.25733104,6.208126504939134,-1.1718832054744226,-18.2950353373051
MYS,2017,0.347878915315058,74.2354806421432,7.35056919281223,9862.54806612235,0.27453503,9.196601227302516,1.9961372657304348,7.8866095074427705
MLI,2017,0.771410032380207,27.0646702892896,0.260490442366382,924.057531692284,0.4169189,6.829855932002399,-1.3075185145309904,-13.869958366307742
MRT,2017,0.616353598550816,54.1970448502004,0.90462166912079,1615.00401327323,0.64909744,7.387711722539114,-0.08924477558226193,7.272129720927381
MUS,2017,0.456637305718908,39.4499348663789,3.32606786218848,10986.7034093005,0.45481524,9.304532054613928,1.2047928266722345,-28.05790348871041
MEX,2017,0.38271151178818,77.7206924598541,4.05743329599921,9649.27816772402,0.5263314,9.174742019588463,1.4030121607139459,11.606546712101391
MDA,2017,0.32651905044256,39.9736557006836,3.01460262798668,3453.26727720294,0.5116375,8.147365637647637,1.1067797202049448,-15.108465375974589
MNG,2017,0.404113136221244,67.9260583223672,6.69287250187922,3645.96708669551,1.0015512,8.201651166006648,1.902536166141542,12.26101622604466
MAR,2017,0.465567135036383,61.2761057031842,1.80163893690506,3296.52661132813,1.1338575,8.100927954711485,0.5942319255717635,6.692635046007425
MOZ,2017,0.591155642801339,32.6274411492675,0.295110559594905,470.93856305196,0.062303703,6.1568488140881055,-1.1870810775834266,-1.0803996813783243
MMR,2017,0.685776594000148,29.9051727703437,0.650427600472324,1272.82241815234,0.22833395,7.149777437211146,-0.41486777424146554,-14.464790783267556
NAM,2017,0.517457306173373,46.8135799686288,1.49737539456841,5143.96072323076,0.33919916,8.545773014270257,0.4103699892002121,-12.546661654020234
NPL,2017,0.679479106976116,65.5768928085184,0.471231959664218,1034.28374906846,0.5590551,6.942430821815547,-0.7314058804947907,23.433428731360884
NLD,2017,0.206926433014838,91.1219700676602,9.81688717537774,49513.6817346384,0.40572992,10.810024505279255,2.285122218229385,7.44807013101989
NZL,2017,0.265619558760166,84.1701025874108,7.53415323250789,42950.3841711138,0.52557176,10.667824154392846,2.0207728569631414,2.023157919348506
NIC,2017,0.564293343028396,58.1892567408822,0.899666272497,2182.61380995674,0.21074994,7.688736494286184,-0.09467748025420437,8.03192088742366
NER,2017,0.742794185640457,16.5036987906896,0.0920857909837752,521.804130023434,0.053158283,6.259206881534154,-2.281941731138003,-18.30326865528404
NGA,2017,0.556349625974361,57.3486345560101,0.579461406473008,1876.34027111773,0.33097425,7.537611304715708,-0.5285460293870222,8.81408938478991
NOR,2017,0.195906582361156,81.9699745912375,8.98402264330578,76131.8384032764,0.31049636,11.240234967242131,2.1965602059466116,-6.323549188780959
OMN,2017,0.416477437830164,78.3142260040136,17.9309674535791,17820.0661809335,0.32338,9.788136529814905,2.887086782354954,5.613415924783382
PAK,2017,0.627408652340041,36.4351548223399,0.955309760765795,1519.23459514248,0.6567568,7.326619940840824,-0.03530623353899758,-9.833753360750968
PAN,2017,0.395834860976565,65.6577712475758,2.47597596022355,15694.6297518495,0.35728326,9.661137592832324,0.9106653229788315,-5.679317190177841
PNG,2017,0.592394866961993,13.5249644881888,0.629630686826063,2477.76530986323,0.25734964,7.8155158562600064,-0.44686432102118406,-37.99373519810252
PRY,2017,0.424402841551583,62.9526389826574,1.33605525458062,6152.2671153779,0.6030612,8.724738458016295,0.2971782813313952,1.6706564816070895
PER,2017,0.47169436860811,82.1931650502403,1.76274029927306,6736.16693725487,0.23284848,8.81539477982167,0.5725265410522119,19.937709928709623
PHL,2017,0.410288260544933,52.6010482354344,1.25459105770861,3038.12124959289,0.21768045,8.019323689979693,0.23474879537635746,-1.1061512930573159
POL,2017,0.248395608995815,60.145888199417,8.69581601242887,13913.3402919927,0.22434597,9.540675262990094,2.1639913094848837,-9.897669047512025
PRT,2017,0.237359625013751,61.1296726507436,5.35359164296186,21442.3842768879,0.76168203,9.973171451463381,1.679633833319716,-13.55805269782907
QAT,2017,0.326476630241713,99.0310125265978,44.8208042988114,63279.8767486216,0.58787316,11.055338457412269,3.8028954990907584,12.722917742123258
ROU,2017,0.327269404653045,53.3648643239046,4.17578692629915,10727.9822007426,0.4043603,9.280703975649686,1.4316947212230626,-13.88710679536048
RUS,2017,0.34127609901048,74.460036813029,12.1357322425004,10658.9130859375,0.90820354,9.274245544397433,2.496977852320519,7.27741668738598
RWA,2017,0.750072812416638,20.2477568101111,0.107481851425087,758.300966509647,0.5699889,6.632398229114002,-2.1414714132841794,-18.56656006097034
VCT,2017,0.44028682164437,46.9392900518098,1.03252794261,7988.04445019298,0.19419686,8.985826438391083,0.04164847779444284,-17.146269688751936
WSM,2017,0.520419316001069,18.9657191879831,1.54078329235937,4307.59381964907,0.2674791,8.368366869921228,0.43876015319416306,-38.489525399825624
STP,2017,0.691897659719244,67.6520004272461,0.720394260037687,1555.79477812888,0.071559586,7.350384357192354,-0.3141708083882174,21.127908621003428
SAU,2017,0.372457459791276,83.300690534822,19.4764691820848,23929.2907135982,0.8694369,10.082900329328343,2.9697203366197167,7.434690399115368
SEN,2017,0.67246098893368,47.9338349639053,0.659314939022302,1356.80518449031,0.37178898,7.21362484016215,-0.40150056875663687,2.8782744499958426
SYC,2017,0.424923746130504,43.4968644410824,12.0280041317571,17480.3651911372,0.08401457,9.76889074633934,2.4880686563517287,-28.997283345876816
SLE,2017,0.690714333270628,41.7106682105058,0.14155816155437,779.186007841728,0.5354519,6.659532362845766,-1.8867858230559411,2.604983503819554
SVK,2017,0.398703739014784,53.6126018237016,6.93642043582623,17645.5298716761,0.15242898,9.77829443519454,1.9382264816905004,-18.98252329666088
SVN,2017,0.243806645953616,55.2451133728027,7.42566255708028,23303.077705959,0.4047866,10.056383633080973,2.006287689200716,-20.33614900531183
SLB,2017,0.628364302333425,25.3830535769599,0.425713752348061,2143.57670489272,0.37866688,7.6706974715115885,-0.8307697825559465,-24.580578247683203
SOM,2017,0.876843750134417,48.3639630032265,0.0560917617512643,510.939952317726,0.3377401,6.238207337532155,-2.71671117300434,13.782489827496974
ZAF,2017,0.429144250106164,63.3311078299936,8.14751418587147,6618.33508255701,0.3714293,8.79775020318519,2.0989394884812484,1.2651211527315525
ESP,2017,0.294842083517601,79.4663233085683,5.97761510797052,28381.3425596906,0.8689998,10.253522489932335,1.7896931872654804,1.768172932398869
LKA,2017,0.491970091626603,19.1507693078088,1.09125530228872,4398.88828068715,0.16207488,8.38933442883108,0.09645071304778026,-38.52962609254746
SDN,2017,0.694699895612325,34.2872225663509,0.553975991088325,966.505676269531,0.5470479,6.874721291831978,-0.572743597382495,-7.129172815850012
SUR,2017,0.462992944564595,66.1046467051207,4.12724666631857,6049.52128553675,0.25497898,8.707899710211715,1.4200305101442952,5.003479613569631
SWZ,2017,0.558668506046111,23.8052004963161,0.916771355428058,3853.09956569679,0.10467807,8.256892683019641,-0.07604839386307158,-32.4530280789527
SWE,2017,0.244477315125621,87.237373786911,4.15961982553065,53210.2233318965,-0.0062579312,10.882024617965046,1.427824862717076,2.7903326398695896
CHE,2017,0.165201990684871,77.9126273688843,4.71119898152355,82254.3769269767,0.386058,11.31758403946326,1.5520627888486898,-11.21147504621797
SYR,2017,0.475194464303268,74.5395596323392,1.61670932366686,851.502005254153,0.7945874,6.74817556135919,0.48655915441880704,34.48201933493222
TJK,2017,0.392038767118681,26.2731513977051,0.763156637734805,829.45714764957,0.8208104,6.721976329467532,-0.25727361478447475,-13.503060091999998
TZA,2017,0.764456456391603,32.2987013317296,0.255108045601944,986.674011230469,0.54685515,6.895352695155703,-1.327617816838205,-9.339235205657943
THA,2017,0.449684651552166,49.2311973571777,3.94997556709625,6413.09182530343,0.12942012,8.766252696537187,1.3762378553221657,-12.496567343672638
TLS,2017,0.670445121069787,29.3600996787092,0.496763209802964,1266.17771143471,0.36030498,7.144547432075544,-0.6797114262976992,-14.953703789172902
TGO,2017,0.571875393160243,40.5809463430719,0.205457519665787,792.765700965864,0.49194685,6.67678833075566,-1.5349915133906367,1.289966094214492
TTO,2017,0.353176129009985,53.9293186833833,23.9896125186399,17566.0999700656,0.18151712,9.77378311178478,3.178037685160942,-18.617363595552618
TUN,2017,0.348114397110874,68.2877807617188,2.60042961253673,3619.03247319953,-0.13964336,8.19423827527669,0.9595148102935903,12.702338697920403
TUR,2017,0.378807957115462,88.0320472717286,5.39416444458135,10756.3877677883,0.32372287,9.283348031731379,1.6871698497943557,20.751684131352548
TKM,2017,0.321763009138051,47.0334857399476,11.091151596704,5828.4816623489,0.27805015,8.670683366703916,2.4070488503877048,-13.668050187248348
UGA,2017,0.789469098519233,26.4139260579546,0.155657206984187,765.218332297361,0.6260478,6.641467158236338,-1.7978346438829973,-12.497773477919086
UKR,2017,0.297240853531192,69.2633108489282,4.52463056805499,2604.28759765625,0.6973122,7.865298350264902,1.5117436178574566,17.210043976059048
ARE,2017,0.322803434592381,84.686675718659,22.1639068763908,43733.6192287435,0.90779096,10.685895269488022,3.098916231665631,2.345682412659798
GBR,2017,0.22531571256893,82.23065673273,5.77133371736955,40916.8115070354,0.41289774,10.619320736402576,1.7546344030160523,0.6045444619340543
USA,2017,0.194734918247849,80.4018678392891,15.1847127213968,59635.0984397965,0.86791486,10.996016348224313,2.7209475200628073,-5.269222840743623
URY,2017,0.332971444696649,95.2288235732042,1.89093027524777,19184.6502617082,0.9196801,9.861917896383861,0.6423433848998001,21.735745080407625
UZB,2017,0.313175466532167,50.6787376403809,3.71680877488413,2190.60411562888,0.28954035,7.6923890275731015,1.3155523111271905,0.4821806815499059
VUT,2017,0.676252546360562,24.7644441456437,0.597471517771546,3159.86055790126,0.27246538,8.058599597956063,-0.49844998919321126,-29.364502264897617
VEN,2017,0.475289777680229,89.0287726100378,4.97170927982669,3791.33160682077,0.08692709,8.240736308607577,1.6057730610278653,32.944032080866215
VNM,2017,0.394001979881379,33.3625963003742,2.40871172027244,2956.10992127753,0.30879006,7.991967692403886,0.8832350514267661,-20.05085300622845
YEM,2017,0.712772656292721,33.5586912522175,0.296939453573988,811.165970405745,0.23759477,6.699704716326857,-1.1811047704739919,-5.978366418155247
ZMB,2017,0.768861991514869,42.7295979877011,0.46088254788055,1483.46577328065,-0.039951008,7.302810237879178,-0.7531465836201972,-3.2836402821023967
ZWE,2017,0.696271450295593,34.7014953017273,0.714789054258429,3445.44941020134,-0.32741752,8.145099823616883,-0.321874626107978,-20.356295337978302
AFG,2018,0.807337562811473,24.9991645191406,0.321418704642259,491.337221382603,1.2058221,6.199163891020855,-1.1043727342961867,-9.163057958666975
ALB,2018,0.358912605207895,56.377000259892,2.04549315439886,5897.65452588774,1.0687194,8.682479557427557,0.7205157969677933,-4.451203818699746
DZA,2018,0.406937303216353,71.905249845153,4.1125786627396,4577.21029180491,0.45793495,8.429063434757849,1.4164788565890614,13.798242171781283
AGO,2018,0.613492126509248,65.8732136723372,0.824809795011719,2860.0936483682,0.53324795,7.958959225254077,-0.1805513704845834,12.814211119964767
ATG,2018,0.42995262728356,24.7781432093764,3.15861249807536,18273.4270684912,-0.17115211,9.813257933565183,1.1532937943035353,-48.19242189908863
ARG,2018,0.410932886680325,91.7679941327998,4.25075806940885,11752.7998922979,0.255157,9.371931862380567,1.4494470950154128,23.53641289712769
ARM,2018,0.416400708750285,64.8502833795679,2.00458066689121,4196.00562301769,1.6952863,8.342126603103408,0.7004110679804515,7.676808234778129
AUS,2018,0.194488387381067,87.2267680845925,16.3939979308791,57410.1737346009,0.4358829,10.957994227728879,2.797525081394661,1.9639610469777153
AUT,2018,0.215931707941939,68.1046787227623,7.60710822359904,51194.0749841299,1.2686545,10.843398614684666,2.0303967994555348,-15.927594254964234
AZE,2018,0.340049981795248,57.1841534654123,3.49731397232391,4739.7943123408,1.1273683,8.463959977092966,1.2548504944743222,-1.2975752184323568
BHS,2018,0.444913369555603,81.9643158212241,3.08262692982478,32642.3353203452,0.21501954,10.393395988917101,1.1290208688479566,2.764196041478158
BHR,2018,0.372073644761651,100.0,22.5016316377385,26324.4066549559,0.6971095,10.178289784364571,3.114032137308988,23.10970259620362
BGD,2018,0.684188120134777,30.5175656009959,0.643225929977613,1965.24372731467,-0.025576433,7.5838802641904985,-0.425832221831085,-18.5138182278032
BLR,2018,0.255205739008712,77.2132720947266,6.722115187495,6360.037502312,0.61243623,8.75794677232437,1.9068893866240968,15.574696869556966
BEL,2018,0.216001743635882,86.8883449485575,8.79128601300038,47487.2100392561,0.8808928,10.768236749513735,2.174897848648019,3.6631642550868833
BLZ,2018,0.418581860604795,43.164848281502,0.748502206582401,6011.99036888587,0.07531532,8.70167746932298,-0.2764095710581627,-17.8695040416734
BEN,2018,0.762887086927192,47.9952829275963,0.666298053345352,1151.7409703472,0.13416004,7.049897837915559,-0.39112139279463276,4.697832060607631
BTN,2018,0.665725966827295,38.4661892776975,2.30402009058136,3400.20417245342,0.19156735,8.131884816270093,0.8389863109210722,-16.449697878882397
BOL,2018,0.493109921856388,69.4133879813999,1.90865464156169,4206.8552936661,-0.023518562,8.344708365438917,0.6516242329094821,12.212189729206742
BIH,2018,0.328627281900007,48.971927825824,7.10487156775908,6047.84707207392,0.8602093,8.707622966265413,1.9621871804666093,-12.126267573855586
BWA,2018,0.518900716728716,66.1579176461888,3.57037693642974,7407.95940141786,0.50669163,8.910445276771176,1.275468084375572,2.881805007336361
BRA,2018,0.375993746732805,86.4420719945072,2.28562350357953,9300.66072904004,0.09411144,9.137948236214143,0.83100448573404,20.723019936918547
BRN,2018,0.348018821585737,74.8172471714305,18.3419748292638,30988.1190267227,0.37315273,10.34139142271469,2.9097371888333172,-3.8244446870206588
BGR,2018,0.361931480853044,73.600212097168,6.90134019828938,9849.38397225174,0.6065604,9.195265715360849,1.933163569521993,7.265681763899238
BFA,2018,0.632712138209849,26.0832202154822,0.264797129779167,777.465618514048,0.3176826,6.657324826540357,-1.2917221634513463,-12.998759843704171
BDI,2018,0.74718163820533,17.6820221982475,0.0654752338347002,245.661678332009,0.119390644,5.508017674347276,-2.5839507052198014,-9.058633804309213
KHM,2018,0.506400369462678,37.6404336372742,0.756550637862052,2036.67377566578,0.32897916,7.619564130148468,-0.2658545191054121,-11.774125526804333
CMR,2018,0.60345319895144,53.6339873660653,0.425229264580814,1610.69641591017,0.3166933,7.3850425777315545,-0.8318823417195296,6.7377336620355734
CAN,2018,0.242439963260556,81.5500341646653,16.5238820455635,46539.1761570405,-0.5078126,10.748071221916598,2.8054117327517827,-1.4586079730552086
CPV,2018,0.558440965338318,70.3970748844677,1.55059746988304,4294.96510035729,-0.723351,8.365431512402743,0.44506874145291975,12.973350328783155
CAF,2018,0.790565365489781,41.2824666248606,0.0601599989505309,455.243962859534,0.41996685,6.123027672720464,-2.656976945876435,7.937799089348879
TCD,2018,0.783099642349457,23.8486084924975,0.149407072594977,948.656629871231,0.72489023,6.856100477017787,-1.836294143503841,-17.367835545641977
CHL,2018,0.24965875311088,87.9620493753008,4.75406192633103,15659.4808675628,0.12169246,9.658895675814271,1.5611006502186096,16.649034767049613
CHN,2018,0.399438058864736,61.5001983642578,8.2177362485386,10085.6638148819,0.23954183,9.218969415946031,2.107510915921871,-5.088863622890287
COL,2018,0.466852208586684,77.2804816598084,1.74191600051117,6816.96818309544,0.24539979,8.827316786083182,0.5607100464510898,14.897007372645866
COM,2018,0.612557011535266,31.4073645195839,0.268666001373787,1527.40527125285,0.13478756,7.33198016443676,-1.277741341983035,-14.919102042298235
COG,2018,0.519321507263945,63.4434577481975,1.17123140519682,2694.43413191427,0.3574656,7.899314558278654,0.166557458069593,11.024922943710266
COD,2018,0.829381448110708,42.4946599159958,0.0462188660927098,518.169626875371,0.36586776,6.252230663823864,-2.878502882815834,7.762603483399211
CRI,2018,0.419618334908012,76.5544308439668,1.70246265595066,12590.2493781614,0.05829096,9.440757357870323,0.5379324841723326,7.583797613728748
CIV,2018,0.634420554811081,50.8718477756395,0.449429152663727,2130.86619381144,0.13678646,7.664753022439753,-0.7777705326131221,0.9720477754078871
HRV,2018,0.294730452922999,56.093170097094,4.45402410514506,15460.3669595491,0.8879196,9.646099737349692,1.4960506249625174,-15.082441012972438
CUB,2018,0.31088392313416,77.0156326293945,2.38546526365894,8911.46205998726,0.13610823,9.095205807769565,0.873577476571717,11.755551143245597
CYP,2018,0.342163996691325,66.8255530496405,5.67702050070156,29120.375,1.3012985,10.279227719602462,1.7381864731540295,-11.148621510928876
CZE,2018,0.231122573586122,72.8498744351241,10.2865042924091,23705.9329811299,1.3184013,10.07352281519378,2.331804448543585,-2.9154294327837675
DNK,2018,0.205304590911489,88.1059762310689,5.78874820578994,61324.7665045565,0.7892999,11.023955368103719,1.7576420676705224,2.134874803257887
DJI,2018,0.773788906189202,71.5153442785902,0.686269570717672,2718.08338799203,0.18112469,7.908050112787439,-0.3620183793849909,19.003006604433573
DOM,2018,0.43185636833622,73.7589255716938,2.37696846787898,7882.98221584944,0.17643309,8.972588412543207,0.8700241373318541,9.815516488201354
ECU,2018,0.506852231585817,63.0433276812321,2.47598953802116,6303.91886658338,0.3284332,8.74908538020891,0.9106707847213213,1.4999065769439568
EGY,2018,0.437531645016481,42.4577177449969,2.42443152195678,2484.70315630508,1.049508,7.818310858788752,0.8897132680695281,-9.09099483374056
SLV,2018,0.396067520438362,71.7577209472656,1.14186822838715,4183.54620971358,0.52377576,8.339153544478886,0.14138517065062828,14.616170671171332
GNQ,2018,0.530875029867512,69.8396623666175,3.28825022178614,8102.47084834031,0.56621885,9.00004774867581,1.1933920920253271,5.601393406071551
ERI,2018,0.76000227923548,35.3451042175293,0.205182976484296,688.68165957684,0.33887228,6.536230128198565,-1.5362665593797624,-2.4365542427492812
EST,2018,0.248640756664523,69.2803532930133,17.8889647853178,23618.1361254581,0.69779223,10.06981251522384,2.884742877951835,-6.445109167670253
ETH,2018,0.822646083307735,20.7838096618652,0.155059082147088,739.702022272086,0.043035507,6.607598415232994,-1.8014517955559,-17.764205429865434
FJI,2018,0.411239158865548,56.2328347385698,1.80433502693037,6085.41979485376,0.3270189,8.713815305214771,0.5957190242376991,-4.931854340799049
FIN,2018,0.177916314024383,72.3423467740343,8.6010307269027,49654.2497035329,0.6497147,10.81285939809398,2.1530440240391795,-11.361994399159329
FRA,2018,0.2735447764271,78.6714432536599,4.89217066506758,41418.1766484844,0.77834684,10.63149925663719,1.589678099895142,-3.0854426440631784
GAB,2018,0.477480271239864,89.4539949981866,2.44580571147547,7624.2775233771,0.46885523,8.939223997321747,0.8984548994502889,25.868854859094505
GMB,2018,0.644505866261782,61.0645869348107,0.191821079232149,696.219806960615,-0.13758866,6.5471007225375315,-1.6003737204615436,23.166199428541802
GEO,2018,0.358486355153295,58.3038181862576,2.98855589984192,4804.0546040444,1.735124,8.4774236853449,1.0981308060545971,-0.3224845448502123
DEU,2018,0.24041097421965,81.1423036204018,9.00657809367265,48916.1686612154,1.2117255,10.797883711209074,2.1990648933235613,-2.4012277949611445
GHA,2018,0.50978701575542,55.218477566593,0.621997458350585,2195.32166016377,0.30898413,7.694539267387348,-0.458869906440542,4.998831213167669
GRC,2018,0.246744975709552,78.0490656849874,6.19923893694163,19873.4015238771,0.8466224,9.897187827062973,1.826038333997238,4.177256716934323
GTM,2018,0.481935731856148,53.845962303542,1.11243324329049,4352.94593289707,0.26668867,8.378837823916994,0.1154988674096415,-3.721719970047438
GIN,2018,0.510536785967406,35.8554382324219,0.294495596694597,933.273615633705,0.24294043,6.839769345684551,-1.1890986527098237,-5.185641210091198
GNB,2018,0.766936231958989,43.4449081420898,0.183438700467389,808.531613218504,-0.25786367,6.696455825126619,-1.6427946101521318,3.9427372459360797
GUY,2018,0.432003252308724,26.4188378517884,3.26041366624724,6048.38697180418,0.015598138,8.707712218916447,1.1849164803477994,-34.68031594781692
HTI,2018,0.695248281357259,51.374898112219,0.32453772280098,1496.38048970156,0.28605047,7.311472520261694,-1.0950056320773216,5.268643772909037
HND,2018,0.473399848638941,55.8852577716247,0.922263832523827,2464.64241531918,0.07333215,7.810207667256617,-0.07013942224961495,4.4235577137787985
HUN,2018,0.252382629995426,70.4711761474609,5.28069332491601,16605.0570511887,1.1622201,9.717522790392897,1.6659493005933177,-1.4713796745026855
ISL,2018,0.213156833040641,93.8526667025487,9.34052693205111,75633.8651351915,0.3407371,11.233672634894182,2.235432698081738,5.6296096118907
IND,2018,0.631891795024765,33.4984353473598,1.85989309419052,1966.25455171679,0.32134342,7.5843942211584015,0.6258812603502176,-15.538467379916483
IDN,2018,0.414690081318595,55.0956840515137,2.20953925241911,3860.95353090726,0.31211773,8.258928430525406,0.797299630388605,-1.1844044935796845
IRN,2018,0.440213714763679,74.8034286499023,7.68073939665899,4783.01067340237,1.1279403,8.473034526690347,2.0400169293061903,16.22425694829208
IRQ,2018,0.544899605405096,69.8765148865842,4.4937314270853,5646.68932074742,0.9972164,8.63900177071032,1.5049062591938498,9.515177697421073
IRL,2018,0.275133421599019,63.0844503476779,7.76337876800063,80804.1123164826,0.12733732,11.299795513751242,2.050704917737147,-25.8486378899847
ISR,2018,0.252209753774386,91.6456193546346,7.14844418426622,42362.6652754196,1.2580713,10.654046322776166,1.9682926646608263,9.646621807979031
ITA,2018,0.315462213172049,69.4800033569336,5.65886939655412,34904.1081923834,0.7174711,10.460388464023918,1.7349896968961733,-10.439485342662266
JAM,2018,0.490866229907242,56.297410990325,3.08184434790718,5976.90362644337,0.47998556,8.6958252213428,1.1287677891951835,-4.674099568883868
JPN,2018,0.200342366539727,91.6377318609728,9.17213648658239,39751.1330982711,0.5384829,10.590418781492266,2.217259910297515,10.321970387818396
JOR,2018,0.366045572133545,91.2008859099729,2.4097651129684,4145.43989673265,1.1333108,8.330005388846534,0.8836704747010354,34.15756903733733
KAZ,2018,0.277817697736896,58.2388038921695,12.1155235587562,9472.48527327758,-0.6960347,9.156252151553616,2.495312615994917,-7.676796625313884
KEN,2018,0.712111566820818,31.3940041639796,0.381159185292234,1836.45275528993,-0.15452354,7.516135519349607,-0.9386406783395107,-16.90993283076841
KIR,2018,0.58790830587139,54.5004023142497,0.621703089675961,1912.73809378187,0.28363833,7.556813725545288,-0.4593357900399564,5.759660481260362
KOR,2018,0.241887124905253,81.3823523035196,13.1917269531809,35363.9508228687,0.16504778,10.473476518909777,2.580347650821287,1.3223233433770787
KWT,2018,0.311866347656166,100.0,22.9164695855109,32067.9623756889,1.0954088,10.375643937180572,3.1322921201451335,20.990502738118423
KGZ,2018,0.301566946457775,34.9408997219466,1.78020784661392,1283.5203037417,-0.08229879,7.158140623152689,0.5823317285385602,-9.518868186969925
LAO,2018,0.475378193367311,35.2050070032013,2.78650036580858,2545.1075420815,0.2086215,7.842321017848811,1.0283687660889302,-16.601527997545787
LVA,2018,0.275204226065919,68.0160346376376,4.20714476222697,17252.1710428626,0.72644633,9.755751234136849,1.439158302424444,-4.337020337249967
LBN,2018,0.427026841550023,89.272833088641,4.59444406102218,9174.53666204759,1.3139714,9.124296162988498,1.527021937342795,23.7003777518689
LSO,2018,0.629076284457963,37.569092747415,0.346995310044912,1170.65569702819,0.40981498,7.06617315311023,-1.0300326344178887,-5.903123358402951
LBR,2018,0.754490780866036,52.3245795497906,0.129815079743549,692.203127129794,0.30289412,6.5413230689821615,-1.9674345884506135,14.488232808410096
LBY,2018,0.472585185118537,87.818484275334,8.36151848685695,11196.5854810844,1.2700528,9.323453451996,2.1248352882208024,20.107466903868755
LTU,2018,0.280138830092426,67.1464742010457,4.97247446083995,19247.2315367967,0.7452853,9.865174467277434,1.605926647319463,-6.381573530943612
LUX,2018,0.217817112194174,92.6709441899184,15.6999753269183,116926.759593905,1.0511116,11.669311583717374,2.7542958817327703,-0.2300281376346902
MKD,2018,0.471413573267372,60.1580316016216,3.99285143704431,6713.98925398989,0.9644807,8.812097508656711,1.3870069664174913,-2.0620172389408467
MDG,2018,0.790276237392525,29.9181125346909,0.11912379760542,500.45718552916,0.17833026,6.217518230934313,-2.046983663450782,-4.441199864888482
MWI,2018,0.746199970157389,16.0221486554255,0.294590681031673,533.202567189331,0.18277137,6.280775106335094,-1.1887864331070332,-19.016419586807626
MYS,2018,0.345534273395231,74.5634625145296,7.72644571640815,10901.8019954421,0.32621798,9.296775098984025,2.0459423723661523,7.1389187799765494
MLI,2018,0.775785765201342,27.6999185916288,0.28284862119858,996.379292136901,0.3741406,6.905131131052599,-1.2280994546746737,-14.043019333716956
MRT,2018,0.586653165380919,55.1305077000081,1.02255004685679,1722.93528854073,-0.39702716,7.452364914869929,0.0320315162103441,7.511342999306208
MUS,2018,0.456609175100387,39.3474905591359,3.29636205462015,11818.7480619272,0.32880688,9.377526976175163,1.195848507806727,-28.94417131933138
MEX,2018,0.378356194133122,78.0271223924494,3.83831705872518,10084.7937562021,0.2021048,9.2188831539051,1.347635925127721,11.43898669188961
MDA,2018,0.313020267190637,40.3258094787598,3.27363703423792,4156.44981956646,0.45909336,8.332657141136504,1.1889516599756733,-16.745982057298846
MNG,2018,0.396785532054087,67.8683444833372,7.1556569765684,4107.64288528468,0.19584374,8.32084805473527,1.9692997495495472,10.923359573176832
MAR,2018,0.464053390869386,61.5695822753314,1.81912490485427,3501.69799804688,-0.5108149,8.161288807104988,0.6038376584133784,6.337953431458274
MOZ,2018,0.587558439871556,32.9902559073541,0.277593949600126,517.507260258101,0.2291177,6.250954029997973,-1.2462056909082555,-1.7280919602893192
MMR,2018,0.685409317539113,29.993574050729,0.641233195886911,1298.21310327675,-0.06743733,7.169514055006761,-0.4288874891082492,-14.588322401353086
NAM,2018,0.52130841271834,47.4232814423189,1.47819814870212,5308.60813408705,0.6396881,8.577273313789078,0.3975660919956513,-12.275212146743861
NPL,2018,0.662309673652343,65.8104229225551,0.531555032536151,1179.19843190389,0.20446385,7.073437865952376,-0.6133105879060637,22.260197926605215
NLD,2018,0.205290360774859,92.6062472401044,9.46486529650368,53955.0770024266,0.78766423,10.895925605722265,2.2486425341395875,8.009936514176502
NZL,2018,0.26473935700846,83.8017846685577,7.27125249969391,43257.0769238879,0.6988363,10.674939244609742,1.9853028940715165,1.5784377664265463
NIC,2018,0.553816343632028,58.3683858659405,0.809411757353033,2035.16549390507,0.10897032,7.618823658210415,-0.19916856523782842,8.961777930673968
NER,2018,0.727906101549459,16.6449011799221,0.0913914590764974,578.568035680892,0.64680004,6.3622830599970115,-2.28876642138742,-19.268903997376654
NGA,2018,0.555588959203761,58.1553347527729,0.592412108680957,2057.87944554011,0.14992888,7.629917155308868,-0.50681350196647,8.629604229300035
NOR,2018,0.19469321567496,82.2452112401723,8.78033462878555,82792.8427113304,0.7750929,11.324108974218527,2.173652780231349,-6.9489562868623835
OMN,2018,0.41561403327268,78.9655839720276,18.3513173579893,19901.7615642016,0.40264496,9.898613773155063,2.9102461341427985,5.078463115611015
PAK,2018,0.633325648714856,36.7478511550359,0.891523323526385,1569.33814626355,0.76549655,7.359046254937158,-0.10366936476396964,-9.8692525904521
PAN,2018,0.3959638420055,65.7099285144924,2.38158191493956,16151.3273433486,0.13413954,9.689819426215532,0.8719550360874909,-5.935147043714622
PNG,2018,0.630134812762947,13.7125720532162,0.522006835266501,2566.36833735041,0.26199436,7.850636660001129,-0.6310989414777279,-38.183256774985885
PRY,2018,0.414006587520268,63.9248988239553,1.3602583446884,6258.44991640984,-0.19140641,8.741847587455124,0.31499929482768,2.459197540394591
PER,2018,0.463010075118105,82.6854929960921,1.73514081818861,6978.49121548627,-0.10306183,8.85073130133554,0.5568352505008292,20.050592343221453
PHL,2018,0.396661471691991,53.2088897464754,1.29114721089618,3168.51036609727,0.3398253,8.061332396296967,0.26324634523997337,-0.9494016044869085
POL,2018,0.248389047707856,60.0533306480907,8.68031784277711,15658.2120316794,1.1052234,9.658814651016986,2.162209514301995,-11.258813911385424
PRT,2018,0.230624828427429,61.1233069673808,4.96972818082616,23541.1401075289,-0.17979829,10.066547290340703,1.6053753073834793,-14.567093327089253
QAT,2018,0.31882327867161,99.0755684762244,44.520899868022,71039.9308240078,0.9614547,11.171011480395636,3.7961833272592744,11.525370344073238
ROU,2018,0.319434018189971,53.1445711571868,4.26219717910626,12416.134317959,0.8178256,9.426832597621685,1.4521282567505633,-15.676537223831076
RUS,2018,0.340588013885445,74.5442926137992,12.5939247104085,11211.8876953125,0.34832743,9.32481908283171,2.534008250409121,6.818611022544616
RWA,2018,0.745630435159859,21.5418444579064,0.116840203984691,771.773511207309,0.22967656,6.649986005922802,-2.0648272211085295,-17.461330937738204
VCT,2018,0.427174429889763,47.0674689446123,1.05026399557784,8428.12677153069,-0.11910677,9.039448459809723,0.05851792954749166,-17.593887041223127
WSM,2018,0.501953155400682,18.7241267935467,1.66054860247998,4231.81409469194,0.15034182,8.350622321458678,0.5131520769619113,-38.54057584697054
STP,2018,0.691680565794481,67.7828826904297,0.725544396180544,1825.59971753966,0.14285882,7.51021143962035,-0.3071443788581446,19.542558792960833
SAU,2018,0.365175851624929,83.4708425884849,19.2090840590601,29360.0658968566,0.8983789,10.287424786458311,2.955903746790562,5.4086474685821315
SEN,2018,0.681953018966491,48.9001692274485,0.674573586926839,1452.55612562445,-0.05470149,7.281768333374133,-0.37895913539073445,3.112880097324407
SYC,2018,0.39608672164122,43.7386669014459,10.3894090655423,18440.2340460932,-0.07076168,9.822344417110719,2.3417489839120416,-29.32946937218302
SLE,2018,0.679759792897117,42.2011025267803,0.160273995994209,845.914540460932,0.32582793,6.741599792821296,-1.7703463982502976,2.214173197287934
SVK,2018,0.397487210254366,53.4881496935559,6.83757404157436,19573.3717031314,1.2996215,9.881976423441277,1.9238944350319211,-20.220318377250237
SVN,2018,0.240402241830487,55.1913430955675,7.44975394113682,25888.0481065655,0.9689773,10.161575305231718,2.009522429909873,-21.519473302631134
SLB,2018,0.603517942586118,26.2946826684302,0.458608858258556,2278.19908624102,0.31773505,7.731579382271465,-0.7579868494196874,-24.322702496597767
SOM,2018,0.875062459729367,50.9506215336872,0.0554085565643899,509.497273804534,-0.121676445,6.23538529734469,-2.7271021947591585,16.399451582285373
ZAF,2018,0.42732327740037,63.3771545246841,8.077016906198,6914.1780318076,0.4547194,8.841473989509684,2.090259924651626,0.8416594005427882
ESP,2018,0.293241053483443,79.5580057813361,5.80969253331158,30602.4212881113,4.1365623e-05,10.328867088491581,1.761247431019921,1.0508009196342272
LKA,2018,0.477939690844102,19.3241083384127,1.01443931702815,4358.56095906047,-0.21227455,8.380126633809555,0.024145455149622148,-38.25741324741031
SDN,2018,0.699582674779005,34.382054222005,0.53463218085508,731.027465820313,0.47074428,6.5958180348698425,-0.6076446096783554,-4.039462490859208
SUR,2018,0.465923784505377,66.0693060442846,3.58824579283518,6665.74180472239,-0.12693818,8.804886534512862,1.2804464469346917,3.926689044726011
SWZ,2018,0.583193490668833,24.0579295404227,0.908609504939992,3972.65450620357,0.06725311,8.287441480782707,-0.08489415994172025,-32.52833372254036
SWE,2018,0.244111038512122,87.4737430925296,3.89655686848453,54018.4554391861,0.4328641,10.897099546569882,1.36265638974907,2.8648265245549567
CHE,2018,0.162741950417859,79.2922201625844,4.52389143055195,85217.3691512274,1.2789747,11.352972289945507,1.511580606177099,-10.211883252394387
SYR,2018,0.489873165760763,74.0612602381775,1.73689698738549,1098.0668642357,1.3320563,7.002216793531683,0.557841063978639,31.275811074978016
TJK,2018,0.364784079363933,26.2338752746582,0.881498491565736,834.288404578801,0.5583949,6.727777059920987,-0.11485153369861681,-13.604624780949091
TZA,2018,0.759700456252177,32.8287423010834,0.259781366222155,1023.10626220703,0.023820877,6.931575571902097,-1.310143402744979,-9.19815749937753
THA,2018,0.449638994509867,54.5843734741211,3.87600024932723,7099.77650081458,0.0791742,8.86795942336126,1.3573804151156246,-8.235523710269305
TLS,2018,0.704761622295762,29.248617510057,0.522430579665961,1219.46599728983,0.3823894,7.106988029788909,-0.6303027567215364,-14.66187100924223
TGO,2018,0.538636111578784,41.013328267781,0.234453571702739,851.120561233595,0.23863888,6.747728020613898,-1.408729878885092,0.9605936877626675
TTO,2018,0.358362063159594,53.9314518934907,24.00159506413,17571.498737278,-0.113399506,9.774090387192212,3.178536841351431,-18.618529925842665
TUN,2018,0.345283702096983,68.5485240272509,2.56581225435625,3628.10366464236,0.30679002,8.196740972427115,0.9461649229603601,12.936207862399492
TUR,2018,0.372527474037335,88.1655749576173,5.27401972926131,9684.11819884721,1.6890191,9.17834578008745,1.6646871204270126,22.012731829398774
TKM,2018,0.324076246300487,47.0423948717765,11.1534118125034,6125.05169712085,0.5603213,8.720305726325583,2.4126416281972043,-14.191988710092978
UGA,2018,0.786888529675451,27.1280475018884,0.164969635756831,792.16570022814,0.15631263,6.676032153436512,-1.7431428300741834,-12.154812872902202
UKR,2018,0.288837580891032,69.3157992777909,4.82875863377984,3059.0517578125,0.6724203,8.026187109121192,1.57665820720776,15.534899973220973
ARE,2018,0.32146881334308,84.8601805824625,20.0375833141554,47135.3591943971,0.9187126,10.760799939616831,2.998108613528067,1.7148567668596542
GBR,2018,0.223938235387088,82.4465657551295,5.64018313747379,43702.9976303165,0.28539273,10.685194855854348,1.7316879583452118,0.11309352964420327
USA,2018,0.189667374568639,80.2804567987377,15.5796456645972,62499.8744390068,0.49120387,11.042935826650728,2.7466069544340472,-5.894457847519817
URY,2018,0.305904508678503,95.2942581176758,2.0241364499516,19249.9404677501,0.46680465,9.865315193990078,0.7100713799149441,21.764699254427228
UZB,2018,0.346720772389299,50.5814971923828,3.48417486035642,1813.08530813664,0.034429967,7.503336657208038,1.2510972563544076,2.414995090425478
VUT,2018,0.648198465879998,24.2729727045038,0.802078111470628,3206.65748718811,0.038789272,8.073296194953377,-0.2081587470546363,-30.0137865811488
VEN,2018,0.474642516052449,89.0659636921159,4.62269142706999,3422.65467014854,0.115317665,8.13846387649444,1.5331380009507105,34.07943022130937
VNM,2018,0.393157928072067,33.9410227821412,2.93126723532271,3222.31003125366,0.34677982,8.078164070566023,1.078840520905491,-20.398008022302875
YEM,2018,0.72925215576481,34.2106045810864,0.35186257770312,633.887202451545,-0.03122743,6.453447349179341,-1.0164907588347698,-2.682127798609521
ZMB,2018,0.763996561287194,43.1114735233156,0.506471474864007,1463.89997855593,0.27213922,7.2895422450971346,-0.6607352197035893,-2.7592923028145293
ZWE,2018,0.696627109515521,35.4085538807905,0.816285156253118,2270.89531874302,0.35333276,7.728369704282669,-0.19081533954973023,-15.174365583661626
AFG,2019,0.80855179593795,25.1437258839803,0.319752781855278,496.6025042585,0.42566583,6.20980157408614,-1.1094120511647165,-9.132724625620074
ALB,2019,0.344449745323284,56.7639071287255,1.94096037816015,6069.43903131027,0.88764316,8.7111862094957,0.6683217529571275,-4.37255057473741
DZA,2019,0.414479497280008,72.4824561380175,4.19651934911155,4468.45341883656,0.3007885,8.405021402465891,1.436635547810716,14.633613143190438
AGO,2019,0.615620915616223,66.6637823180533,0.833846270553112,2493.67884440177,1.0363283,7.821915280221881,-0.1697849448708107,15.076365261702499
ATG,2019,0.390576443684785,24.708337524045,3.74983582154897,18896.3721832248,0.123439156,9.846778153456452,1.324375291966825,-48.6221695680214
ARG,2019,0.410160253967459,91.8567844513802,4.07504069344001,9955.97478680428,0.31223404,9.206028568176812,1.40733168993677,25.40668200658132
ARM,2019,0.413948488223938,65.0047033570428,2.16867510548523,4597.22887399548,0.81977004,8.43342648094282,0.7787169422688238,6.850845051322693
AUS,2019,0.19237877095412,87.3019647888406,16.1007065925773,55194.7585097428,0.9589096,10.918641390721335,2.7794840567222168,2.4617307014864025
AUT,2019,0.196536194012312,68.3176044750522,7.74519365039325,49885.9947355204,1.172046,10.817515621227933,2.0483627673539004,-15.43673548085711
AZE,2019,0.337758181458806,58.1308191977779,3.68923143929596,4805.75371765917,0.76523477,8.477777232476846,1.3081250789643766,-0.49927994207609316
BHS,2019,0.444658048330935,81.8257463283204,3.67517577753848,33640.3369861278,0.64609146,10.423510857236705,1.3043182253282053,2.3022514193535386
BHR,2019,0.37153220478293,100.0,24.8338675631303,27259.7438599327,0.53385574,10.213202992476635,3.2126109439442514,22.73480262769185
BGD,2019,0.679732234593041,30.8228396343012,0.662908100271382,2129.79896954606,0.3998165,7.6642522914431686,-0.39614651100717296,-19.071583488668093
BLR,2019,0.253376695605548,77.4550771852757,6.50202478662403,6837.77339645635,1.5548512,8.83036366653195,1.873650434992754,15.038885326567296
BEL,2019,0.172192521362752,87.0961631189222,8.73127988733552,46716.6227467964,0.6163032,10.751876733219435,2.168056619144697,4.046657189394736
BLZ,2019,0.421496778795623,42.9077622153323,1.03206342706225,6171.61449761423,0.8599976,8.727877770681028,0.04120281197984098,-18.407930399534507
BEN,2019,0.75837733875347,48.7125500590248,0.639872457668903,1130.82135339795,0.35727072,7.031583431289548,-0.43097915431683365,5.611760307948607
BTN,2019,0.671537572277458,39.0746823405146,2.36171982050772,3576.87987100503,0.19900598,8.182525689163231,0.8636153546426811,-16.384989322837278
BOL,2019,0.490304095537248,69.7334986708387,1.88492609189688,4203.15492855788,0.56738997,8.34382858397191,0.6391798361362757,12.541747560919603
BIH,2019,0.331774892904688,49.4650440037758,6.75452909895075,6122.37541352353,1.0445801,8.719868761622543,1.9116926507669711,-11.764647426834351
BWA,2019,0.525853976654551,66.3271694845464,3.14825844534693,7172.08956480028,1.2843016,8.878091742427998,1.1500207507834639,3.3984708950580043
BRA,2019,0.388458788151138,86.6797991084296,2.25869881785082,9029.83304401079,0.53118914,9.108399895091848,0.8192064591515686,21.27803877954048
BRN,2019,0.348018821585737,74.7923311783673,17.1760639739767,30426.5730656528,0.6120329,10.323104485049019,2.8440988213312517,-3.6529945273937017
BGR,2019,0.359395004117848,73.7162322998047,6.74590424327681,10353.7204584127,1.1946012,9.24519777765773,1.9104168252626341,6.84552870732864
BFA,2019,0.630738959774756,26.1187254401157,0.271887847085997,764.853077774946,0.38889837,6.640990346872411,-1.2662459925185832,-12.787854068840137
BDI,2019,0.745439318556299,18.786178154187,0.0624381085920451,234.31061590725,0.49630833,5.460906411193499,-2.625022756301652,-7.448594487086805
KHM,2019,0.50192064230578,39.5830241256026,0.953249815669925,2225.87705485686,0.6816371,7.708355459113246,-0.037442486838540914,-10.784981262213563
CMR,2019,0.591936274837108,53.9487914119331,0.402691984014017,1555.22660476477,0.49649096,7.350019327017141,-0.8850537656881814,7.428619319993224
CAN,2019,0.241479495530558,81.7363672047941,16.190860373335,46352.8693445211,0.0808839,10.744060048513347,2.785064350293204,-1.2292027300584465
CPV,2019,0.536805833047094,71.6254285086577,1.62982587180804,4380.78117331128,-0.2189482,8.385210581279843,0.49459006047226073,13.989315212430746
CAF,2019,0.778186807274308,41.7800430407332,0.0611563525655636,449.228467602439,0.7336094,6.109755159708588,-2.642875674305884,8.57789648737392
TCD,2019,0.78239860106324,24.2731047386633,0.141712220447998,893.336441643325,0.49530473,6.796082037312405,-1.8857698391945252,-16.298857959249588
CHL,2019,0.301296263712432,88.1273685623538,4.96139546396702,14495.716721687,0.4728645,9.581677469781743,1.6037005781560767,17.643527340782214
CHN,2019,0.389884547273222,62.7099151611328,8.39147587098516,10342.9009524335,0.3851913,9.244152345041725,2.128407389342824,-4.149562517827562
COL,2019,0.466099181673169,77.4595528518377,1.72438739011403,6472.54544924705,0.5298551,8.775479220289233,0.550654261776676,15.632713226305206
COM,2019,0.641859805206446,31.7287584068243,0.287320520024715,1510.23218151592,0.533354,7.320680611299308,-1.2129445300860957,-14.476372925656104
COG,2019,0.529471920118505,63.5176376123385,1.28891524697681,2488.42466724916,0.6233406,7.819806905431241,0.2615294907383791,11.952860401632506
COD,2019,0.831494307642987,42.8747090907476,0.0478324083410493,504.00419142286,0.6222863,6.224566729088163,-2.8502059624941336,8.439709526372248
CRI,2019,0.41728839094432,77.0435864735963,1.63874650393745,12884.6859951989,0.43118444,9.46387236149845,0.5000153046149634,7.824743050112247
CIV,2019,0.637818285911857,51.3514799771241,0.467605284700189,2141.76836170115,0.37437996,7.6698538989646075,-0.738970651847314,1.3969064813600198
HRV,2019,0.292247243558544,56.303247958306,4.5506268056586,15563.5987295029,1.032894,9.652754302235193,1.5174600714611663,-14.943820239233645
CUB,2019,0.311371525140391,77.0728225708008,1.98985150737589,9232.26115935183,0.59679526,9.130567586800073,0.6930729314914964,11.433024336694928
CYP,2019,0.342829663416302,66.7677357070518,5.60889302704421,29227.173828125,0.6138871,10.282888380208497,1.726134674227576,-11.245747230494288
CZE,2019,0.229925445152364,72.7876426709563,9.72456561033821,24062.7190013343,1.2861173,10.088460549542686,2.2756830163944124,-3.138063418342014
DNK,2019,0.20457460191998,88.2096490810669,5.17323991963432,59404.2663247723,0.79526305,10.99213816008699,1.6454303278592355,2.58020260072783
DJI,2019,0.761715704116049,71.7418146554518,0.765677513458601,2837.16902340932,0.35875034,7.950914413173208,-0.2540184206142697,18.769197742179628
DOM,2019,0.430969145943697,73.5403464672933,2.61257459696093,8183.01623600375,0.51004535,9.009938291500921,0.9641565058640998,9.19587230836521
ECU,2019,0.506848455395725,63.0627139714638,2.41784020907472,6205.05765246766,0.5538039,8.733281134760158,0.8870020592830958,1.688999732900271
EGY,2019,0.438269158873252,42.4812027332648,2.20383858928624,2962.98892023003,0.31792974,7.9942912482949655,0.7947279270606838,-10.957197045594796
SLV,2019,0.394933451111099,72.4148941040039,1.30285851671355,4320.11671534627,0.85385704,8.371269146755814,0.2722068337747218,14.928484706292679
GNQ,2019,0.516960323494194,70.1175419547293,3.0669803260373,6804.14923073888,0.71514064,8.825434844417325,1.1239487024414332,7.754276061736853
ERI,2019,0.760082971250198,35.2352333068848,0.207888786905969,688.68165957684,0.31494394,6.536230128198565,-1.5237704981722364,-2.546425153393777
EST,2019,0.248936086079333,69.5787397662154,11.6534202327534,24021.2501413306,1.0671474,10.086735769070403,2.456457468334208,-6.328445534541416
ETH,2019,0.822390563925871,21.2486705780029,0.159693432847017,793.473247210264,0.46658373,6.677679312924332,-1.7737618060940843,-18.051877086885348
FJI,2019,0.414124275031239,56.70989552257,1.76959423936413,5842.07344577597,0.4084711,8.67301221234981,0.5763853829047992,-4.016647678563999
FIN,2019,0.17865970444366,72.7431214358314,7.99426833424913,48358.1807773701,0.1909024,10.786411364497777,2.079974941178168,-10.677219283133311
FRA,2019,0.272530602913214,78.6890784549356,4.79214044818249,40408.2848574751,0.6368962,10.606814860748763,1.5690617452227653,-2.8027450282537245
GAB,2019,0.475859073608107,89.9031850170394,2.49273935862938,7441.1786472281,0.6353281,8.914918913889624,0.9173858754372269,26.579034214250385
GMB,2019,0.62854689123045,61.643210849607,0.189267206220664,738.186751987483,0.0075624785,6.605550598072017,-1.6131086101058616,23.11718533232922
GEO,2019,0.35692046811675,58.6304091780343,3.20488817553864,4741.2832715876,1.0679308,8.464274001574124,1.1677925749816045,0.1453084818635304
DEU,2019,0.238058518404987,81.3053991689039,8.38218043063623,47656.199739747,1.0216231,10.771788993990526,2.1273003711770038,-1.957925723123921
GHA,2019,0.523188096031461,55.7246279109161,0.648665525979844,2186.65822682613,0.64045095,7.690586947879291,-0.41753942115591103,5.547421783962157
GRC,2019,0.244841927382785,78.1888100466875,5.7354129269356,19335.3602002969,0.7618814,9.869742550690205,1.748401784598642,4.6117099812056495
GTM,2019,0.47654638480625,54.1882267267974,1.14962736649855,4511.99839552697,0.99810284,8.41471704430444,0.14809871773389652,-3.764728608789234
GIN,2019,0.511401839757514,36.1281547546387,0.369331917381969,1031.34146480732,0.48380217,6.939584768065147,-0.9693436857073985,-5.984748239218099
GNB,2019,0.749312348611924,43.8745574951172,0.181227181434531,811.216425885129,0.23564084,6.699766838989002,-1.6542931261544476,4.336832748146762
GUY,2019,0.42027139597809,26.4258834773058,3.45861217212582,6405.82443444562,0.31120142,8.765119019116803,1.243754563561259,-35.289707732416474
HTI,2019,0.694609916069671,52.0069059952475,0.323714293972993,1352.17204191532,0.519098,7.210206775974318,-1.0974700593414943,6.988048844497236
HND,2019,0.471204089343238,56.3791561389766,1.02100509944404,2502.32744328073,0.79053193,7.82537610320344,0.030534151137081737,4.75457657316386
HUN,2019,0.251795976761753,70.4565277099609,5.31240175169761,17012.8598553199,1.2930708,9.741783576480623,1.6719246585634804,-1.7465417809604276
ISL,2019,0.20876718743997,93.9770847416131,8.81066554249882,69296.3144361601,0.25315195,11.146161431702126,2.1770973255050627,6.693727813020473
IND,2019,0.628805271706514,33.8139578818147,1.83688223212799,2041.42863698585,0.2844162,7.6218948870715595,0.6134989374776824,-15.625629079602618
IDN,2019,0.410129156409748,55.7382049560547,2.33979466524606,4106.94856160358,0.44233274,8.320679049451938,0.8543279478474812,-1.2049651659831753
IRN,2019,0.440148555018884,75.2038879394531,8.18571981543646,3997.4935449585,0.40551344,8.29367295540488,2.103612044267237,18.550710755771675
IRQ,2019,0.540365588454904,69.8683395385742,4.70108992313127,5671.8568632942,0.4027792,8.643448125789181,1.5499192874430279,9.459257141531396
IRL,2019,0.257514348524345,63.2737009154127,7.30821291296457,81827.6688873996,0.20681603,11.312382936584767,1.9903661605936454,-25.794551768003082
ISR,2019,0.25078977216585,91.6154002002652,7.21388336646786,44250.6313628073,0.5179414,10.697647516712603,1.9773926707002751,9.148210610604636
ITA,2019,0.312820387779026,69.5050010681153,5.56784056329278,33812.788724868,0.6267247,10.428623948721835,1.718801705665343,-10.073398501306144
JAM,2019,0.491637679434488,56.6957957395074,2.98926316318908,6030.68896415921,0.8271599,8.704782344061094,1.0983666462301693,-4.371896901115065
JPN,2019,0.200245736954561,91.7164207898107,8.87456666113888,40415.9567649547,0.6611944,10.607004697795462,2.1843156884576156,10.222558825866429
JOR,2019,0.360676561086537,91.515966492507,2.18238735759201,4170.1144003465,0.49925447,8.335938521379315,0.7849910677035803,34.40893931308507
KAZ,2019,0.276663201939436,59.0832474269546,11.3909406022159,9457.12614657136,0.74161154,9.154629560667358,2.433695860963079,-6.814929619439752
KEN,2019,0.69150300200614,31.1895566421135,0.380387200105182,1960.40808854893,0.6397681,7.581417906814777,-0.9406162115965172,-17.81538625637465
KIR,2019,0.518616585389593,56.2846727145489,0.614100919133964,1750.9977188915,0.5842517,7.468511969492921,-0.47144319430814324,8.492120044162668
KOR,2019,0.236807745413859,81.2901063535619,12.6531894575046,33826.9443301597,0.68173116,10.429042495227343,2.5386993168589265,1.7072124085095481
KWT,2019,0.311866347656166,100.0,21.7968059903888,31707.8737443551,0.6202953,10.364351849536613,3.082222122464311,21.111757802636234
KGZ,2019,0.284616704535158,34.8805205758044,1.55180160392437,1421.99927504102,0.5477996,7.26052208863155,0.44584002921759047,-10.678625197816302
LAO,2019,0.519600741007968,35.9072880879451,2.67630204116372,2589.32081035237,1.080379,7.859537012023862,0.9881655419516424,-16.084113214787436
LVA,2019,0.273662883443032,68.066323694246,4.13194121501373,17294.9751600969,1.2765776,9.758229103713347,1.4211645704568727,-4.313338781826332
LBN,2019,0.438309624547579,89.4986743521503,4.66025747446672,8905.88005497437,0.5399226,9.094579296963557,1.541214203879782,24.24532037384573
LSO,2019,0.622526622197401,38.6040920446259,0.354575100536117,1082.05706777516,1.680797,6.987542939772592,-1.0090227116200363,-4.0237884616179755
LBR,2019,0.718172793811137,52.85526226447,0.20014984968439,658.164180770507,0.650753,6.490972639695549,-1.5599344328089735,15.559581230277324
LBY,2019,0.475682394701431,87.8220115209342,8.26849764632106,9963.19489084483,0.28059444,9.206753435689464,2.113661508253241,21.36412540851029
LTU,2019,0.279258252237964,67.245735168457,5.08575146500164,19608.7943945553,1.4616747,9.883784434411067,1.6284071464764638,-6.4821474245972155
LUX,2019,0.216817727917527,93.2589839734767,15.63174898105,112696.649059674,0.66837215,11.632463839647682,2.7499435562978083,0.7536847690326738
MKD,2019,0.470491743594015,60.6286848102132,4.62504703500897,6718.85826635458,1.122594,8.812822341978487,1.5336463467568306,-1.5991473308307675
MDG,2019,0.78957834977836,30.3046972370204,0.142139028845034,499.818837622534,0.6272767,6.216244434139431,-1.8829605127314097,-4.040937061802417
MWI,2019,0.742693777903752,16.1383746619001,0.294726852321002,580.889139762475,0.33252606,6.3662799480797565,-1.188339469794336,-19.818349321701312
MYS,2019,0.347961462315875,74.8377707734042,7.63039929073035,10920.191763972,0.6228344,9.298460379238879,2.0334498649973574,7.395130405839069
MLI,2019,0.692763989523451,28.3520715749509,0.290188080208255,971.949318638092,0.09500599,6.880331993098757,-1.2033460667394573,-13.12457182918752
MRT,2019,0.59202731232455,56.0596215779146,1.00413903504884,1767.072710621,-0.2263306,7.477645368268797,0.014040011202310685,8.168993964014426
MUS,2019,0.448188383937661,39.2509492806955,3.32168232640987,11568.2533399824,0.630387,9.356106283963767,1.203477379546305,-28.810696014655825
MEX,2019,0.374326723796933,78.355984332992,3.92542377851696,10369.5553585271,0.4839848,9.246725854131645,1.3700185707383004,11.468872170437947
MDA,2019,0.32536973835637,40.772289276123,3.41941968843461,4405.33418162155,1.3895426,8.390798371426943,1.2323910598188026,-16.923826021165397
MNG,2019,0.389471891953873,67.8277299551557,7.75337679137417,4347.54610314873,0.5451019,8.377596839054503,2.049417393070888,10.27337344596976
MAR,2019,0.466045178368281,61.8430450233765,1.9847450344921,3508.09765625,0.45614567,8.163114205418248,0.6905162399148231,6.591814950995072
MOZ,2019,0.584058057268618,33.4177241517032,0.288756199727081,519.09255091362,0.5054739,6.254006778264655,-1.2081274237272022,-1.333404296440868
MMR,2019,0.677461837156003,30.0782436945232,0.653317518704581,1425.98954241668,0.48871565,7.263322289080453,-0.41050149136478625,-15.510970787099094
NAM,2019,0.528995533443069,48.0019807724839,1.45542679968338,4731.9210318831,1.6978159,8.46229784518711,0.38214653088233885,-10.461899846606357
NPL,2019,0.648019718129672,65.9873929484157,0.473751308506942,1203.14294706401,-0.051113624,7.093523345618649,-0.7261843297178926,22.22148895584484
NLD,2019,0.206789096454218,93.8898028856479,9.10784361996519,53554.9007491475,0.7114961,10.888481261199246,2.210233330949416,9.373429944821638
NZL,2019,0.26456151819628,83.804965871667,7.49357181659055,42855.831861632,0.7210347,10.665620347994777,2.015379149387008,1.6816857991523335
NIC,2019,0.550000909306555,58.5405671448072,0.821126102136495,1958.62051528095,0.5408146,7.58050611882625,-0.18497374818249687,9.545415076399486
NER,2019,0.746480224336455,16.813146499685,0.103413157111608,561.691304349698,0.43761715,6.332731172880513,-2.1767178705068515,-18.783328871831454
NGA,2019,0.574605562716656,58.9611186427056,0.60197968413501,3189.81286498516,0.19188373,8.06803097992842,-0.4910561928786324,4.730897528530349
NOR,2019,0.193268823522013,82.4935894878281,8.47933467666537,76430.5889473338,0.17278369,11.244151357597355,2.1388106317242928,-5.841988709422381
OMN,2019,0.415670517682982,79.5780017545962,18.6062766036459,19180.1864152801,0.35728756,9.861685203421143,2.92403628427196,6.087421931761895
PAK,2019,0.636360675862643,37.1091631735769,0.861524807145574,1390.41690981745,-0.048251152,7.23807786651146,-0.1375109495441332,-8.208975295900196
PAN,2019,0.39492208000291,65.752985396379,3.10862634897395,16477.9066268111,0.48907837,9.709836455802014,1.1373926321081207,-6.1070341376890696
PNG,2019,0.713980791582845,13.9278267446947,0.52413307926623,2575.77274140393,0.10033957,7.854293019493142,-0.6271102589610766,-38.00726427488274
PRY,2019,0.412858984100506,64.9845298299929,1.30801598389454,5821.18199548738,0.59907055,8.669430383777032,0.2761275633926215,4.296448503082516
PER,2019,0.45890278903087,83.1033003087105,1.79270106356368,7037.00803692604,0.23282354,8.859080459814104,0.5892861310094164,20.378745928211437
PHL,2019,0.394542681500398,53.7157859948017,1.33500133744347,3400.78949767074,0.45220456,8.1320568949893,0.2963950074350701,-1.2019489526258837
POL,2019,0.239623867633747,59.9626184068963,8.21985501300853,15874.5220531254,1.5422002,9.672533708456431,2.107768397645407,-11.496842153605868
PRT,2019,0.22800351066553,61.114927250613,4.51358282400518,23343.3628970034,0.11559415,10.058110816263882,1.5093043400331114,-14.484881716483237
QAT,2019,0.317024939689464,99.1191696672067,44.592192164423,66841.3623185691,0.6764884,11.110092324971815,3.7977830094867917,12.223124810711184
ROU,2019,0.311560151402038,52.8931835224862,4.18922540818417,12909.6104013244,1.3480983,9.465804764002932,1.4349000816578252,-16.346410146456762
RUS,2019,0.339496263754884,74.6222859951926,12.7738739166789,11447.701171875,0.9494689,9.345631567777433,2.5481845263875877,6.673118784233324
RWA,2019,0.745584708293681,22.9711026997362,0.118588586832777,810.051412137354,0.6032133,6.698331445617047,-2.051137220473397,-16.551208713454635
VCT,2019,0.436974234846378,47.1962073993512,1.11839642113145,8740.59425232061,0.1714155,9.075847860747466,0.12079752850955978,-17.856007376132133
WSM,2019,0.516106667942137,18.4147344481283,1.78043664791687,4351.94234943706,0.46294227,8.378607297595325,0.5824595274885039,-39.15047242101084
STP,2019,0.687816538963195,67.9129943847656,0.745576216540451,1935.2931816596,0.46349177,7.568530693178771,-0.2802746201068524,19.046435102324274
SAU,2019,0.362503678993557,83.6394643268678,19.2859458646594,29566.7933827436,0.74544,10.294440986549828,2.9598950150194567,5.5019288605568875
SEN,2019,0.672678958940558,49.9443321273477,0.674423812453823,1431.18128932159,0.20600843,7.266953938195915,-0.3791779443872765,4.316120795746393
SYC,2019,0.394605011416391,44.0049304031754,9.16568501920615,19141.5118743615,0.38634634,9.859666893301126,2.2165570526474614,-29.463976693451322
SLE,2019,0.683648816708388,42.7018444914441,0.156143482319108,843.712517809977,0.648125,6.738996353861219,-1.7949035126421544,2.742871034154085
SVK,2019,0.396850530818708,53.3666558664583,6.3818228588265,19406.0589683582,1.3236436,9.873392143217202,1.8550194951304164,-20.249633726352585
SVN,2019,0.238195238217082,55.4523277282715,7.0993135844205,25814.1687167572,1.0961324,10.158717532901813,1.9614056968790463,-21.227801751868597
SLB,2019,0.630415254495418,27.275106750276,0.438510355738608,2223.65890942466,0.3689383,7.707358883713843,-0.8018235080316601,-23.082197355530877
SOM,2019,0.873262278817054,51.6421170703225,0.0528040378839186,539.954816211694,0.39974642,6.2933357563413725,-2.7677359100603534,16.468671870442677
ZAF,2019,0.426433512061132,63.4127255007908,8.01412233375962,6533.71121032856,1.2231681,8.784883433854404,2.082452296525422,1.4849029074902376
ESP,2019,0.290684904378939,79.6349761108307,5.3981216422823,29786.5245689007,0.40237522,10.301844946212388,1.6879018315132719,1.417936514293615
LKA,2019,0.474825184863454,19.4946326418437,1.09952758794661,4081.94772722003,0.31891155,8.314574488695381,0.10393432828787585,-37.38298636761623
SDN,2019,0.700494700264547,34.4727685824236,0.515296167190014,709.975280761719,0.33662605,6.566637662337705,-0.6437930474699062,-3.635407668906808
SUR,2019,0.457205298527274,66.0370492311305,4.39326606885805,6629.66775248603,0.29047918,8.7994607949237,1.4823465539412835,3.9526941247385565
SWZ,2019,0.553716576995959,24.3459549517751,0.962899428244033,3913.14577547336,0.6174082,8.272352391890296,-0.027474564683081147,-32.07828083629998
SWE,2019,0.244417098766544,87.7088420242759,3.8423518032643,51648.9892820514,0.24719466,10.852245267036658,1.3486838197926228,3.5815732020669344
CHE,2019,0.160497397221696,80.7792907322229,4.47745146514166,84121.9310304414,0.75990725,11.34003447265281,1.5012849381885904,-8.585885681831925
SYR,2019,0.487735065059383,73.8248788261986,1.63691966220706,1109.53926036049,0.65920657,7.012600996478566,0.49890667174658254,30.927923514801265
TJK,2019,0.342661526005907,26.1300735473633,0.948639271115973,871.022372934846,0.7667025,6.770815080615217,-0.04224042593949576,-14.170571165683835
TZA,2019,0.756602346628232,33.3475258518752,0.287346536895184,1063.32250976563,0.5047409,6.970093734654811,-1.2128570294580285,-9.092984120322825
THA,2019,0.445362180288416,55.9266166687012,4.00533143026177,7605.69657797759,0.7282869,8.93678426698969,1.3901198920022289,-7.632325510531999
TLS,2019,0.718022538934858,29.1148755245217,0.559823820376726,1562.36458068032,0.1775287,7.35459556021446,-0.5624280529891666,-17.454436413749995
TGO,2019,0.534640933858039,41.445731197295,0.24876321447494,826.255209019798,0.59815997,6.7181132435722235,-1.3518418652720579,1.7110017385697205
TTO,2019,0.357617121913117,53.9342394732739,24.3573792966931,17212.6128892163,0.25448498,9.753455796819942,3.19324532376228,-18.394166968168484
TUN,2019,0.341625634007792,68.8206382576031,2.54693841667269,3528.87213306798,0.1370128,8.169016926344359,0.9388106118081051,13.506024439957422
TUR,2019,0.367326221872199,88.6618152857124,5.01913672458907,9395.23378001368,0.96541405,9.148064226271078,1.6152483440521308,22.834137164840257
TKM,2019,0.322015814521561,47.0494562466485,10.7659028351791,5998.0017434754,0.7800271,8.699348358280723,2.3773124222874467,-13.95988595274796
UGA,2019,0.784358499020118,27.8369781799403,0.1642944102063,822.171150036357,0.39299121,6.713164137788554,-1.747009396928532,-11.844607505903848
UKR,2019,0.287769869615554,69.3527648708735,4.62458753784522,3619.86157226563,1.474327,8.1944672798898,1.5335472064594402,13.764863742815862
ARE,2019,0.320463416356815,85.0298263388195,20.945786930361,45938.6073581994,0.65819436,10.735082929367197,3.0424148340177144,2.160653208133894
GBR,2019,0.222523459511546,82.6699420738913,5.38807912233045,43158.7411267323,0.26116315,10.672663421363636,1.6860431722005886,0.47103308822332224
USA,2019,0.196928488040283,80.1304793353594,15.0439662080505,64746.4506778863,0.25777173,11.0782496070166,2.711641491894164,-6.42363664652737
URY,2019,0.301385755854282,95.3479309082031,2.10646631378845,18315.7316980028,0.19522087,9.815570221548773,0.749747864853338,22.352536322897805
UZB,2019,0.342715547248033,50.5920104980469,3.49213238730726,2041.38480729431,1.0349259,7.621873427246214,1.2533720364921528,1.1526539734264603
VUT,2019,0.679383396531629,23.5024668917075,0.750038529376509,3207.44650452083,0.102668606,8.07354214400212,-0.27438615043874875,-30.78693340849562
VEN,2019,0.474742481589471,89.1030100517924,4.15965140487118,2523.11275230667,0.34295526,7.833644894734125,1.4278324363622201,37.38963974310282
VNM,2019,0.392174299148494,34.6239134999511,3.46316479458409,3440.90025375434,0.9209728,8.14377899719828,1.2450662228475817,-20.419694032285427
YEM,2019,0.747166952246295,34.9067561732024,0.351518230200281,633.887202451545,0.5212485,6.453447349179341,-1.0174428093317875,-1.9859762064935182
ZMB,2019,0.761396962832807,43.4897864547552,0.487959304388463,1258.98619844462,0.58697367,7.138856046270152,-0.6972369233920453,-0.7629025961308713
ZWE,2019,0.699729034423697,36.1837638266364,0.731473434469001,2184.32923855469,0.878125,7.689521777439137,-0.29911594479037895,-13.982004440949481
AFG,2020,0.783842760887719,25.2622103446137,0.310824605884889,510.787063366811,-0.17106438,6.237908646670804,-1.1368607042950098,-9.316055472051147
ALB,2020,0.333695746461369,57.1408592155544,1.80646079858255,6027.91350716348,0.7086083,8.704322092253388,0.5968899917044684,-3.921891215584985
DZA,2020,0.411199217888595,73.0541126293395,3.90423106841135,3743.5419522929,1.0175363,8.228054579336876,1.3646189036164231,17.105549213683233
AGO,2020,0.625466944517312,67.4568270208187,0.613970253682297,1759.35619918264,0.4016482,7.473271453454162,-0.47165258212991246,19.613166747216106
ATG,2020,0.391313854624488,24.6406156275043,3.54941968076998,15369.6082250401,0.27817598,9.640212407970898,1.2695975205565302,-46.47177701258815
ARG,2020,0.396025750788194,91.9439026594897,3.72002854932287,8535.59938004389,0.5626785,9.052118008422225,1.3164158876003924,27.146500356723465
ARM,2020,0.414600233136036,65.174217253699,2.33479655579943,4268.68093304583,0.6108728,8.359294380490686,0.8521986415459428,7.8163935614698445
AUS,2020,0.191619859543424,87.2713470458985,15.3043785143331,51983.4523666382,0.41342625,10.858699959906996,2.728792159267615,3.074767373020194
AUT,2020,0.19576421024006,68.5410177924001,7.05586627765098,48716.4098900349,0.85367113,10.793791737793944,1.9552756239986053,-14.958573785078016
AZE,2020,0.338232366136139,58.2934691761937,3.50800312410799,4229.91064904503,0.4848108,8.350172532332346,1.2578935343502164,1.03359639630564
BHS,2020,0.443990551999468,81.6642600232849,2.96390417897101,26178.7537607708,0.61755115,10.17274163379593,1.0898756279395503,4.833538968554052
BHR,2020,0.370901920995198,100.0,25.0238418045325,24342.8444554718,0.54487514,10.10003430211636,3.2202285816613108,23.950014312519073
BGD,2020,0.6754492606529,31.1168927321524,0.626122292349066,2248.85078828233,0.028929234,7.718619176680477,-0.4523644505584168,-19.361325025160646
BLR,2020,0.253645235025384,77.7890385790408,6.20046882969124,6542.85579976768,1.7906617,8.786281842551974,1.826236389020229,15.846199795449088
BEL,2020,0.16625138008535,87.2964994991269,7.96694296814415,45906.2875805246,1.2416438,10.734379154263413,2.0765552513665346,4.434883544607985
BLZ,2020,0.421423411280387,42.649842440311,0.815225735136076,5238.54078175696,0.86107284,8.563989136405453,-0.19209831172737019,-16.906004913927397
BEN,2020,0.746592844214237,49.4461567219896,0.666089321415813,1200.19426557789,0.28773594,7.0910715621866,-0.39143007939596,5.706580116135029
BTN,2020,0.655695934876417,39.6888839873439,1.83518050508697,3191.66906999331,0.27548882,8.068612544998823,0.6125771074424701,-14.54758200486954
BOL,2020,0.501432766931035,70.0442635528254,1.57121108732946,3580.96761778303,0.81077605,8.183667542318217,0.4581910643873882,14.572330606853065
BIH,2020,0.330125176667512,49.9710852122997,6.83055960433407,6130.31187968266,0.79092836,8.7211640157696,1.9228695417870503,-11.272514729306863
BWA,2020,0.500610175982734,66.4488166494554,2.57488289838852,6323.2974967659,-0.08125162,8.75215423972225,0.949680206504324,4.872441961204842
BRA,2020,0.387053201169396,86.9112186503004,2.1466461829,7074.19407495707,0.19494851,8.864350153224551,0.7685543219170595,24.13007800917177
BRN,2020,0.348018821585737,74.7748108912151,22.6370349840413,26834.3592233943,0.48807272,10.197475670897122,3.1200289375782924,-2.321505628150277
BGR,2020,0.35796979900682,73.3239898681641,6.01693316252197,10760.211975413,0.89131516,9.28370346449286,1.796238284763287,6.0398100710471425
BFA,2020,0.638566062101351,26.3578373628627,0.265430526722067,825.237038782475,0.34137377,6.716881704244037,-1.2894198537975161,-13.363667758131253
BDI,2020,0.742948177010682,19.9309984273971,0.0733769801401851,255.8324539389,0.7471242,5.54842394209749,-2.484383025221054,-7.243542323264407
KHM,2020,0.499044131337637,39.832658030922,1.1140611022444,2081.73914242939,0.3121945,7.641439201747872,0.11694811142137265,-9.816796867386572
CMR,2020,0.57266655846087,54.2557949164174,0.39632883817277,1555.60370660749,0.61397964,7.350261615742734,-0.900592500971505,7.733021114680362
CAN,2020,0.241014820714828,81.9509888710566,14.4219048812634,43537.839298904,0.14486949,10.681408676162736,2.669441372476999,-0.34182714653714186
CPV,2020,0.534745117760611,72.8838521558784,1.22076090145508,3539.22661248299,0.4147606,8.171946018904661,0.2076325971875969,17.537785579577587
CAF,2020,0.791723133806934,42.3050785933463,0.0633426623175616,462.879071294011,0.79228765,6.139623896047202,-2.6126128159675317,8.782199889653263
TCD,2020,0.765018054676664,24.7341921795416,0.140107110268934,866.947814890409,0.4065404,6.766131591759006,-1.8964061712519025,-15.516160969949333
CHL,2020,0.296952154537026,88.2953490438375,4.51770681212954,13114.815470545,0.45478153,9.481574068831183,1.5102155888331206,18.886423703494216
CHN,2020,0.385143038475337,63.5234230266258,8.47858302033874,10627.4637989619,0.42080352,9.27129094527284,2.1387220865516117,-3.6274704494575687
COL,2020,0.465261084719943,77.6382533537045,1.66507219030647,5339.68711357943,0.6619999,8.583109596631536,0.5158562630387378,17.877089435211104
COM,2020,0.603461727829598,32.0638072194881,0.334969326682981,1519.34665556206,0.3447865,7.326693650707716,-1.0642997740686149,-14.20589246424884
COG,2020,0.555826698324082,63.5760904494257,1.28685363330599,1993.586671931,0.65486735,7.598192125869337,0.25994104877811103,14.391025054741299
COD,2020,0.832593694300664,43.2528602500115,0.0482487769194453,486.425572682256,0.7267391,6.189137607361421,-2.843032183847837,9.198300563206878
CRI,2020,0.41479529066696,77.5211537281257,1.42529676301864,12394.0493969492,0.40291786,9.425052429693233,0.361371631327999,8.719160889231006
CIV,2020,0.639671711466557,51.8357660823651,0.459550187168112,2179.72934832935,0.4674681,7.687414663283093,-0.7559800911199188,1.6926241236596837
HRV,2020,0.291254851296765,56.5284863367411,4.39207849561316,14807.5608543265,0.6706128,9.60296072862567,1.4820768147520003,-14.183895700810616
CUB,2020,0.308839663962888,77.1080322265625,1.6536430395816,9605.27914559614,0.67977905,9.170172241306625,0.50900979990421,11.042957011900512
CYP,2020,0.337962815809973,66.7180443478713,5.22358661605671,28130.341796875,0.49806944,10.24463960019966,1.6550968204876282,-10.88472106480856
CZE,2020,0.22839340705738,72.7254901604208,8.86715826663618,23472.8915454417,0.88734484,10.063644084450099,2.1834814907698976,-2.933735347891613
DNK,2020,0.203269011857353,88.2394485473632,4.76521606117498,60985.4885601514,1.1884661,11.018407619607007,1.5634392213226234,2.3279191511470145
DJI,2020,0.783509715932093,71.9990170519895,0.674907798492202,2844.88810647853,0.2926475,7.953630461811732,-0.3784710505207155,18.997235057531114
DOM,2020,0.424398963771699,73.2643793773663,2.44597258432274,7135.22273255899,0.6332666,8.872938886295024,0.8985228474875514,10.391012443330375
ECU,2020,0.507564220424737,63.0773897782521,2.08585799722046,5463.64515348598,0.6820283,8.606054467758902,0.7399630147459806,3.0698425587585376
EGY,2020,0.437393312761957,42.5181534630674,2.25205800434348,3511.11381026379,0.11017672,8.163973360341497,0.8162750203109895,-12.742302262615183
SLV,2020,0.396732002910042,73.0570220947266,1.06717705964691,3997.19279583709,0.46359238,8.293597736968458,0.07434378544828335,16.40465261079467
GNQ,2020,0.521114181336655,70.3853314193247,2.86058347723348,5764.05502912947,0.81577855,8.659569978039992,1.0545153112803878,9.803131677070304
ERI,2020,0.759994210034008,35.116138458252,0.204024524264334,688.68165957684,0.09936205,6.536230128198565,-1.5416646711602444,-2.6655200020265752
EST,2020,0.245565027413292,69.8815778947665,9.12576098778358,23933.9939421065,1.9325346,10.083096848728875,2.2121964909890766,-5.986532477181811
ETH,2020,0.82134569278485,21.6260051727295,0.151498089800296,829.790982547947,0.38806042,6.722378238004616,-1.8232619642513197,-18.154522033177145
FJI,2020,0.399176838906112,57.186684691874,1.17414583977713,4620.6457238014,0.70728284,8.438506137918505,0.1690217043637774,-1.0217192526806187
FIN,2020,0.175730508389975,73.0849439791673,7.13874546232844,48828.6846862799,1.7949756,10.796093699657833,1.966936881496838,-10.439366192704
FRA,2020,0.271717435203511,78.7119131765249,4.24677642127474,39169.8606000707,1.060434,10.57568839731642,1.448512165211843,-2.4456726129179174
GAB,2020,0.541698986272133,90.3480750410147,2.3804551828839,6605.80346077565,0.7083718,8.79585522446705,0.8714838008990299,28.302436750514495
GMB,2020,0.519030691582985,62.2069251698555,0.167744351248722,720.335143352133,0.5789345,6.581103860563321,-1.7274089899951934,23.943410078225448
GEO,2020,0.36988296606453,58.9990552763878,3.1000484592432,4300.85701291207,0.9660418,8.36680207192339,1.1346383078199735,1.5606135764212254
DEU,2020,0.235949500465624,81.4700055002738,7.72103264767393,47394.8734504469,1.1459798,10.76629044588595,2.0452424432855625,-1.734275676703561
GHA,2020,0.568117628220428,56.2171613974837,0.71957907173867,2195.45481659987,0.5852895,7.694599892569095,-0.31528752520213443,5.99686404748838
GRC,2020,0.241837278303293,78.3066842455552,4.89415483279633,17886.733165236,0.6245168,9.791870458873307,1.590082770891686,5.565779028635916
GTM,2020,0.465022838974836,54.5483167911628,1.01505848395418,4477.61785000665,0.88940877,8.40706976218478,0.024749668478926592,-3.322521604134103
GIN,2020,0.522232470528039,36.4802208060551,0.403359971963588,1053.66097696415,0.66651887,6.960974645417415,-0.8834364628288632,-5.862367879248225
GNB,2020,0.781455507343881,44.3038330078125,0.167042923027634,846.915855715971,0.5506733,6.74278140411857,-1.73136307282642,4.304215470558773
GUY,2020,0.411121963601661,26.4340397353676,4.12368835923074,6775.70939096303,0.39288393,8.821246922552662,1.4191700736165336,-35.884256019957974
HTI,2020,0.693971550782082,52.6307476732151,0.306345301003713,1290.32538667383,0.6905325,7.16342440143929,-1.150920937288995,8.11424225948631
HND,2020,0.486324673610484,56.8691654042685,0.91129723982276,2307.61494319511,0.7444043,7.744403031998427,-0.08197255883097007,6.114079175980677
HUN,2020,0.253865955992835,70.2917327880859,5.13443109342005,16386.9308821258,0.65498966,9.704300421067302,1.6379147885210774,-1.508840497414539
ISL,2020,0.20485523856643,94.1367102874722,8.38201946717677,60127.9393575616,-0.23191194,11.004246524722241,2.1272811908216163,8.377243514929845
IND,2020,0.625369657587131,34.1286726088333,1.68040016064392,1907.04251637669,-0.0031148593,7.5538331349762595,0.5249652823527864,-14.58006347702193
IDN,2020,0.406833079328589,56.2785287648768,2.16976580881181,3853.70288774146,0.53817177,8.257049211105436,0.779217443879742,0.018619382325923084
IRN,2020,0.440124236240311,75.5986404418945,8.38853190019001,3202.50003502169,0.0059205294,8.071999252011397,2.128056916787646,21.325807801612022
IRQ,2020,0.537424685690026,69.8683166503906,4.3658386045124,4295.18945121228,0.77668715,8.365483734660549,1.476098182472522,12.444031329200236
IRL,2020,0.237952560915115,63.4713366724915,6.80456776897729,86514.0706108754,0.14534152,11.368073904459582,1.9190626396561867,-26.19492871819662
ISR,2020,0.244483791036313,91.5788453228939,6.66216318867945,44575.5719045492,0.737997,10.704963706373155,1.8979441234922652,9.033094082165263
ITA,2020,0.312418441674879,69.5187492370606,4.96667406979317,32091.4866621366,0.6107053,10.376377221352127,1.604761810449164,-9.498622070996973
JAM,2020,0.491146778833696,57.1103647563627,2.09235114929352,5299.04530804283,0.8575837,8.575470648191,0.7430563133520904,-2.568771709350436
JPN,2020,0.197322474399451,91.7809926267889,8.39710520271501,40028.7341726762,0.750043,10.597377811262001,2.129077205779516,10.39050470531808
JOR,2020,0.366853267186675,91.8216722992319,1.9279853124113,4022.0401356135,0.95484406,8.299793148438303,0.6616489347047164,35.102776142715
KAZ,2020,0.27521821488899,59.9871193541692,11.5744967551524,8781.50797787648,0.94069403,9.080517292522886,2.4496677175927357,-5.115236039155782
KEN,2020,0.683548594823004,31.2063494632616,0.367016056392308,1927.66459027849,0.21963024,7.564583120274835,-0.9754675025410291,-17.6178205620071
KIR,2020,0.661606133526233,58.4123714112748,0.584461415237234,1751.78249168214,-0.020288786,7.46895979946034,-0.520099467838603,10.615009917816657
KOR,2020,0.233666185189317,81.1759595622913,11.9094442789339,33645.7719545073,0.4390225,10.423672400441793,2.478171039655609,1.6507299934127388
KWT,2020,0.330089832260129,100.0,21.1232409306072,25236.0755848941,0.7257065,10.136069445635473,3.0508472003967673,23.56306693927084
KGZ,2020,0.318634784129818,34.8174315392111,1.38383515228208,1229.51766602907,0.01511391,7.11519022651722,0.33205905016778936,-9.181132624277026
LAO,2020,0.498545170391947,36.6185033569111,2.645846687138,2583.77730696131,0.70957786,7.857394635054119,0.976763506732024,-15.349892982888235
LVA,2020,0.271920849315951,68.1211222872228,3.82914774350693,17564.2321549354,1.8659915,9.773676781517532,1.3452504001718402,-4.424418211395604
LBN,2020,0.476097630270822,89.729499798117,3.82658313221911,5561.19166950397,0.9986841,8.623747494736651,1.3445821611663888,29.53196387189832
LSO,2020,0.616017214482398,39.6329305425532,0.314528562744915,918.582574704447,0.35860673,6.823919843932253,-1.1253817259260321,-1.2379560695333467
LBR,2020,0.673822230454283,53.3878685572381,0.162113991303559,616.787867006715,0.70219785,6.426145141260741,-1.7595982815469753,16.78830880310357
LBY,2020,0.472751335620676,87.8278267096263,6.48685759316115,6650.33810585348,0.21716197,8.802573332333422,1.8713186127973365,25.71004900359381
LTU,2020,0.27891073600512,67.4254608154297,5.07196741780172,20428.6478157394,1.7909771,9.924742449079597,1.6256984735829925,-6.742231214793662
LUX,2020,0.215751546954637,93.8600689970981,12.6787105084079,116860.02817236,1.2817918,11.668740714395582,2.540712661780493,0.9652266960403324
MKD,2020,0.471460425717148,61.1593302746435,4.08399438830595,6659.59651070776,0.674836,8.803964325695961,1.4095211165263728,-0.9733839954005816
MDG,2020,0.78684027987925,30.7019474167548,0.108038542830456,450.771615201509,0.39141527,6.113176776034389,-2.1367440736933885,-2.5369406428185286
MWI,2020,0.738313576119316,16.2961471756409,0.266526561430064,602.507478176106,0.39393535,6.402758431804817,-1.2854483995952997,-20.052284792972547
MYS,2020,0.345401837032821,75.0511895575672,7.46778698028461,9957.52626697613,0.4944024,9.20618437446768,2.0119368899609786,8.59941405616027
MLI,2020,0.634653509164264,29.0205972994693,0.315153895424097,953.242943290974,0.5571928,6.860918296566268,-1.1234566843478533,-12.247580752663495
MRT,2020,0.598463976224881,56.9836701058893,1.00766695557148,1795.76459566714,0.9427039,7.493742879686722,0.017512708974024054,8.920186519993464
MUS,2020,0.447626995790859,39.1607039074325,2.95810314893832,9135.84773751062,-0.08116595,9.12007071847437,1.0879230783866563,-26.36637837137797
MEX,2020,0.369929473695938,78.677960602824,3.46247141559905,8841.27075039868,0.7226882,9.087298994862715,1.24486656396354,13.502782912977395
MDA,2020,0.312080305641516,41.3368530273438,3.35786090249817,4375.7788930524,1.7053567,8.38406832027692,1.2142777957939004,-16.286994606768893
MNG,2020,0.387264087529255,68.0894771770775,6.76709333121744,4001.25193077703,0.46613216,8.294612464380982,1.9135482978191343,11.426211493810847
MAR,2020,0.472669120695,62.0933436005366,1.84742826740981,3268.0302734375,1.0639627,8.092248667445325,0.6191928790497214,7.603071612251654
MOZ,2020,0.580447933525662,33.9044006416285,0.258364105041605,462.433876479921,0.5119662,6.138663713512573,-1.3154106196329245,0.39183243134078083
MMR,2020,0.670915110930293,30.1593049968842,0.654863780011824,1490.21683599469,0.4925704,7.307347734100083,-0.40817310139677154,-15.902657159446118
NAM,2020,0.498992299617185,48.547381745659,1.29890404513109,3878.58982993966,0.49906278,8.26348471309613,0.26919018029215,-7.781632414829339
NPL,2020,0.636215716926503,66.1050886088505,0.568109987739662,1154.21517578318,-0.2029097,7.052041904983696,-0.5479911382056167,22.784614630558174
NLD,2020,0.204421242986087,94.2532277765935,8.15069804775965,53467.9277413737,1.1118397,10.886855974279458,2.0993297103858297,9.75430725701412
NZL,2020,0.260414480169294,83.8138977095908,6.83500906868543,41997.7830324279,0.61358833,10.645395921427326,1.9235197836022708,1.9077886532419654
NIC,2020,0.554538681487681,58.7045922689128,0.72292566319085,1938.44704754382,0.48728117,7.570158184390179,-0.31071099671188257,9.820556895418733
NER,2020,0.748845461197535,17.0081420003794,0.101595383987419,579.512495758236,0.44460297,6.363911326760249,-2.192875592010264,-18.92314759589074
NGA,2020,0.559471993810426,59.7659654848781,0.555700571123744,2797.18458068686,0.19783704,7.9367261218440275,-0.5696903670458682,6.945703232210931
NOR,2020,0.191805557931996,82.7029885700532,8.12493784244745,68340.0181033702,1.1110052,11.132265423178598,2.0961680998855043,-4.431152246940982
OMN,2020,0.4163241230022,80.0176378922722,18.1682818142278,16784.8630630058,0.060756523,9.728292326799764,2.9002275746145747,7.9594381900080435
PAK,2020,0.62820908184252,37.5080192948099,0.947225728271823,1278.39735206896,-0.08666074,7.154144427347615,-0.04371604462984705,-6.908837241520061
PAN,2020,0.3939673600676,65.7862999591993,2.2623129597758,13290.5608397749,0.3843697,9.494884589489526,0.8207982377529369,-3.7655544915159425
PNG,2020,0.63627941297648,14.1703677185729,0.557716143021631,2429.61134585269,0.49860477,7.795898087348413,-0.5661337333780914,-37.13767527516756
PRY,2020,0.413801465370713,66.116520986009,1.1894625150994,5365.47220721104,0.9513704,8.58792602696678,0.18187355237112457,6.303637970971209
PER,2020,0.454846049591323,83.5267437189637,1.44746823545562,6133.32552410183,0.5654993,8.721655412079567,0.3767008451495287,22.277867136478363
PHL,2020,0.394169095976606,54.1077719895977,1.21683584867494,3227.57910235199,0.53956795,8.079797413036927,0.20443837411806537,-0.24879773704868313
POL,2020,0.239824921831276,59.8738141138092,7.91347409626485,16150.9304813473,1.2688414,9.68979485595588,2.069829758166487,-11.770997607584533
PRT,2020,0.225232250099735,61.1042566768691,3.94717687468905,22299.4044062173,0.63827485,10.012360092091727,1.3755308605928476,-14.00427847212147
QAT,2020,0.31522660070732,99.1617913833034,41.2780926421936,51683.5681078949,0.6101899,10.852914526730753,3.720574144648249,15.027336013314653
ROU,2020,0.304787946856604,52.611947245178,3.92941176470588,13009.1770573223,1.0876927,9.473487180739257,1.371031413865742,-16.710140641520525
RUS,2020,0.358598699839635,74.6932216791674,12.2840530273686,10108.3271484375,2.2475843,9.22121375672731,2.5091156517477295,8.080059836012637
RWA,2020,0.743828310715477,24.5029761132966,0.111389725740494,778.701498925026,0.82249355,6.658911152751857,-2.1087490354003418,-14.59603800488635
VCT,2020,0.44882546982481,47.3255171858432,1.19583486273979,8351.20324040982,0.30011067,9.0302806441666,0.18717215919442742,-17.237394286245554
WSM,2020,0.52196233397256,18.0516608994722,1.47774883931605,4099.59660548583,0.30148396,8.31888775563946,0.39726413138190847,-38.872274210081656
STP,2020,0.686148546081336,68.0436706542969,0.708717547772898,2167.22001796925,0.40175724,7.681661841713513,-0.3302868388145742,17.962302813236782
SAU,2020,0.362923306978623,83.8064352851942,18.2902881577409,24338.8307301067,0.5574553,10.099869412125663,2.906916806048043,7.758220195594788
SEN,2020,0.658441428148061,51.0562950093282,0.644157420306448,1461.08720350553,0.6394126,7.2876202852515375,-0.42440725265696877,5.206167294805645
SYC,2020,0.397337901534348,44.2936147152263,8.51902256708172,14041.4754074575,0.50201875,9.549841973111302,2.143474767256994,-25.84837517429365
SLE,2020,0.683395123133412,43.2129659123546,0.155537564463982,845.277557920549,0.67901707,6.740847388447283,-1.7985571343069024,3.234115942834535
SVK,2020,0.395551035155005,53.2481998906526,5.98002098252976,19735.4858280801,0.83684224,9.890224274245904,1.790094915047727,-20.548834060350487
SVN,2020,0.236240528225773,55.384391784668,6.44048593548669,25392.0651093612,0.64410883,10.142231388537414,1.8641554668049993,-21.11870856130446
SLB,2020,0.626960093728243,28.0327555150022,0.413298625382472,2063.32780991967,0.5362089,7.632559936625973,-0.8596773788442502,-21.521353341088684
SOM,2020,0.871443399967463,52.286318011754,0.0474200313959524,518.16113333875,0.5506585,6.252214303841195,-2.8573620575120717,17.554437253560288
ZAF,2020,0.429012302167008,63.4373088310982,7.4445834618028,5580.60383075189,0.27061805,8.627231438942673,2.008829072987407,3.2023621184246664
ESP,2020,0.28828398150092,79.6955674617799,4.52823497177668,27233.9426461608,0.530425,10.21225608392831,1.5125381637251296,2.4405380460746215
LKA,2020,0.475262252311162,19.6621898312161,1.03172589990419,3847.60137695639,0.41259637,8.255465082567508,0.040878856811586865,-36.580709091079115
SDN,2020,0.702830669681588,34.5594433789246,0.463108701230845,577.795227050781,0.030070463,6.3609487484392595,-0.748430104565644,-1.3400338867316464
SUR,2020,0.460868334923232,66.00830078125,4.25335243019547,4755.39221710693,0.29529682,8.46724472226298,1.4500558062391466,7.491300321266799
SWZ,2020,0.547127751066257,24.6652798922192,0.805379931233331,3466.56936278145,0.07936867,8.151209155674985,-0.2041011010738556,-30.458113094565444
SWE,2020,0.245705324009741,87.9424046895699,3.67402454179006,52568.5726980146,1.656325,10.869892765532686,1.3040057800945575,3.6256360480021357
CHE,2020,0.157834643177442,82.3416838515457,4.16061648264036,85897.7843338323,1.101859,11.360924955763151,1.4280638624474498,-7.247815730839122
SYR,2020,0.52137541977248,73.4125031102512,1.50831644886899,572.355289831901,1.0909396,6.35150557662454,0.4176021215883399,37.61442714821122
TJK,2020,0.381475727846468,26.1925442328719,0.96295019852687,834.311715460625,0.094800435,6.727804967116186,-0.027422381531669968,-13.64625549174799
TZA,2020,0.753101920556244,33.8547246036273,0.273515412561516,1117.41528320313,0.13379431,7.019668036625028,-1.2604887919957166,-9.11811697751287
THA,2020,0.44358582193281,57.2358779907227,3.84739936431244,6985.64393892574,0.63357115,8.851755596745225,1.349993216596646,-5.4100216031677775
TLS,2020,0.718080637185455,28.9619049897647,0.512347545686334,1630.86938521256,0.603316,7.39748149875046,-0.6494221163095742,-18.067918539281944
TGO,2020,0.565754852637822,41.8781527268075,0.27934004789082,863.468665870276,0.5037856,6.762115059087953,-1.240152646263253,1.6709293282999482
TTO,2020,0.35688717702358,53.9377689584806,21.8051912418372,15283.6270531554,0.30378532,9.634602834495393,3.082606573066471,-17.114387769959706
TUN,2020,0.341487531610014,69.1043166438476,2.39839346012801,3548.65363663803,0.5924236,8.17460531056526,0.8789599111618555,13.729694445943004
TUR,2020,0.359897716811462,88.9303114965222,5.07395962903497,8798.11791709313,1.1545724,9.082406758748302,1.6260904125079079,23.80766690988851
TKM,2020,0.322720694216533,47.0546961907259,11.0541399660888,5972.72356566861,-0.16089445,8.695125724800947,2.4037092448689177,-13.909303135751998
UGA,2020,0.780991747903368,28.5399752271502,0.160149709994918,845.766463890124,0.051704247,6.7414249351346305,-1.771076582445032,-11.445076470787534
UKR,2020,0.28779265936102,69.3839100516745,4.45159215930416,3709.76928710938,1.5783153,8.218994489122407,1.4955056887185587,13.532634388126716
ARE,2020,0.317992640144053,85.1955255681984,20.8141058466097,37991.7492971665,0.54658574,10.545150612533064,3.0361112505937577,4.365856208461835
GBR,2020,0.220484536359127,82.9000015258789,4.78988972791562,40812.6794663879,0.4768089,10.616772585237046,1.5685929442990412,1.3012514438756426
USA,2020,0.200482041636295,79.997451762548,13.4715821678248,63515.9491807833,0.6810333,11.059062065497791,2.6013244700970213,-6.350627332435394
URY,2020,0.301385755854282,95.3997650146484,2.03399973168326,15757.5355995779,0.097917795,9.665137440286141,0.7149085410710285,24.019725992701098
UZB,2020,0.341052033141201,50.7670402526855,3.69033904584871,1978.28051860763,0.047408182,7.5904886832115,1.3084244494652038,1.6646948532700847
VUT,2020,0.645068803769382,22.4186852094794,0.841536783355306,3042.98711598286,0.33893028,8.020923486378289,-0.16071258150905982,-31.30569302162634
VEN,2020,0.474784559350395,89.1399056567545,2.69531333359842,1506.0436210041,0.5117696,7.31790514379756,0.9952177405617819,42.964577448514945
VNM,2020,0.395248243357205,35.5706676299742,3.5515331687432,3534.03953482647,0.51862353,8.170479762094576,1.2701911175315257,-19.759654199233573
YEM,2020,0.773989002336365,35.7025604580302,0.313196150764429,633.887202451545,0.108742714,6.453447349179341,-1.1294958621696425,-1.1901719216657227
ZMB,2020,0.758384221263062,43.8644489410157,0.500068339000267,951.644316655957,0.13731273,6.859241609073399,-0.6732105642009617,2.6142752523393753
ZWE,2020,0.699318814094971,37.0097671560802,0.584444223465771,2059.67445384499,0.22929335,7.630788612977499,-0.5201283881681978,-12.525321128257282
AFG,2021,0.805105423652945,25.3478620272481,0.312156784785117,356.496214115892,1.4529027,5.879124772192372,-1.1327169426690331,-5.377762610962133
ALB,2021,0.329815553900959,57.5077187031778,2.0532886275877,7242.45513146613,0.49169007,8.887853599645704,0.7243011310348789,-5.525803251490537
DZA,2021,0.414395405078851,73.6199218261573,4.05087238809753,4160.55926736925,1.5114557,8.333645106913224,1.4013978244471956,16.537521458696105
AGO,2021,0.620151039256392,68.2524163556969,0.740292552255736,2303.90812662776,0.34112534,7.7427960963404034,-0.28729207883486385,17.514585491787493
ATG,2021,0.391178057298165,24.574983819566,3.58964363447357,17348.6006987182,0.09828249,9.761324770627066,1.2808348501381805,-47.837920099823464
ARG,2021,0.401190186643083,92.0292776175651,4.09769704597303,10738.0179223384,0.5455362,9.281638922758807,1.4128625420179806,24.7672669842959
ARM,2021,0.413474014355248,65.3572875314441,2.51946122945009,4685.17997128509,1.1833401,8.452373024494369,0.9280063272752389,6.999980188383084
AUS,2021,0.188784473620646,87.2353407632761,14.9787241100123,60758.9044397144,-0.20268767,11.014685383958545,2.707298192415363,1.3637809402633536
AUT,2021,0.194330397907887,68.773601700253,7.39223990896623,53648.6437976214,0.010001451,10.890230108663484,2.001782644809469,-15.761550461811552
AZE,2021,0.338939469662991,58.3659969744818,3.69156864195704,5408.04535175023,0.9894235,8.595827896334379,1.3087566870913678,-1.531736752859139
BHS,2021,0.444470022795819,81.4784235345083,3.65514300923625,30367.8605757708,0.41030297,10.321173039251377,1.2988673548328014,3.053837801034959
BHR,2021,0.370271637207466,100.0,24.8329361557867,27147.8083882286,0.9787512,10.209088434462558,3.2125734528088192,22.77898498025499
BGD,2021,0.685045302917484,31.3992156886061,0.702428158073895,2482.84917843357,0.47712708,7.817564723993246,-0.3390762026965763,-20.141484853241394
BLR,2021,0.253490130731875,78.131086803694,6.30387145078492,7489.71894713888,-0.008253078,8.921420059506737,1.8427490305343286,14.737126338059824
BEL,2021,0.163215251635943,87.4305564090635,8.2875698190821,51658.238294958,-0.2183876,10.85242432196037,2.115962679048673,3.3013648851352855
BLZ,2021,0.421244623853037,42.3910809205294,0.850141395132365,6142.98930557031,0.6870003,8.723229534196161,-0.1506584903043001,-18.874698672703346
BEN,2021,0.760059043349039,50.1961807561354,0.502981455061003,1318.65158075198,0.75479954,7.185123026762662,-0.6675155844433454,5.446674298092091
BTN,2021,0.683352835439343,40.3075199874379,1.99176727595359,3570.61257980872,0.71716833,8.180772475814235,0.6940304283585371,-15.133325573562587
BOL,2021,0.489783498945391,70.3450412826165,1.83202986254917,4010.76053686204,0.20119381,8.296985460576186,0.6108681497262239,13.656294234360281
BIH,2021,0.326937603290867,50.4899479477034,7.09101986590062,7295.34378682258,0.4364001,8.89512865054847,1.960238416816184,-12.621693907766215
BWA,2021,0.498338019484017,66.5182767068255,2.72602991287315,7807.88794570471,-0.65532905,8.963017844181403,1.0065079327682103,2.6776369181501707
BRA,2021,0.396397343068397,87.1360781715439,2.41580858865319,7972.53696080695,-0.02361679,8.9838834576331,0.8861649074310163,23.071382266314885
BRN,2021,0.345509299928,74.7667316936175,22.1070085296012,31006.9636289785,0.23204024,10.341999341733745,3.0963469292446555,-3.8814880330367174
BGR,2021,0.345886425761339,73.346765618041,7.04917445804336,12966.1457543396,0.22360836,9.470174187891326,1.9543281123795617,4.060252832615959
BFA,2021,0.637631637204203,26.8114307743017,0.292658735345638,895.535288442991,0.7367549,6.798537654727831,-1.195149394197466,-13.786900479854001
BDI,2021,0.742160622947032,21.1108861865354,0.0692145551715359,264.980379269655,0.44920048,5.583422543916984,-2.5355952196283753,-6.439471495012789
KHM,2021,0.540037848580211,40.1091858128847,1.08885754085366,2167.40324198499,-0.11402639,7.681746342489746,0.0942710408624727,-9.973089402205545
CMR,2021,0.602919032437198,54.5548664463635,0.384499667443882,1672.32657340872,0.57773143,7.42256888421392,-0.9301369816778512,7.255653178335976
CAN,2021,0.240372659760828,82.1779279079275,14.6897593568847,52886.6616372703,0.9466178,10.875925351270787,2.687831123370744,-2.2036189744710555
CPV,2021,0.508092245369259,74.1607930892827,1.2540428801759,3971.44409203423,0.054828327,8.287136824563373,0.2343152193390477,17.577801241729794
CAF,2021,0.792775881695951,42.8547782897949,0.0631247432561961,492.263142830507,0.9628191,6.2010427899213,-2.6155884844626582,8.672380091201298
TCD,2021,0.737763315544706,25.2312246423075,0.153189262919633,946.358500208374,0.6546281,6.853677585654758,-1.81284462955007,-15.95920225375809
CHL,2021,0.294428416502883,88.4660511664452,4.57991726498939,16206.8325493421,0.4092312,9.693249895076637,1.5238619988532225,16.784139043008167
CHN,2021,0.380233147404372,64.721076965332,8.88715660313235,12887.4357242941,0.63759935,9.464085732812169,2.1857317428984757,-4.5000576511738615
COL,2021,0.464407680066186,77.8339570326128,1.80057803586778,6222.62164397614,0.239875,8.736107274160858,0.593646151127223,16.4298955521421
COM,2021,0.692699644099037,32.4124444313246,0.485471305614698,1554.97289190153,0.14267413,7.349856282929464,-0.7022458368491871,-14.10597688414294
COG,2021,0.52821977579815,63.6179125824196,1.20634406636725,2516.16255145432,0.5659445,7.830887574478043,0.19584969283653988,11.93415053183864
COD,2021,0.832557769713313,43.6290681792218,0.0466742294309333,595.743074403567,0.74430007,6.391486659627619,-2.8704356789591694,7.401673126515355
CRI,2021,0.413355076251342,77.9868940200009,1.59152551349924,12838.1185358931,-0.054183643,9.46025192503488,0.47095662094188967,8.806927044416852
CIV,2021,0.638107428808837,52.3183461956059,0.580322307864011,2455.98127641148,0.495409,7.8066887519839945,-0.5270866067261651,0.8944324454710326
HRV,2021,0.309885432998689,56.7683502560171,4.5132213846884,17788.7865816658,0.29536873,9.78637978405424,1.5092244357246651,-15.913595789628971
CUB,2021,0.307544396524675,77.0987701416016,1.95602152386118,9605.27914559614,0.4012208,9.170172241306625,0.6760119697124412,11.033694926939617
CYP,2021,0.338168547935838,66.6718365394971,5.25252617267475,32937.83984375,0.73693043,10.402407782824497,1.6606111724260135,-12.62505238392859
CZE,2021,0.226504946270939,72.6810594374316,9.4724309646164,27696.4619527544,-0.217492,10.229096061723133,2.249440714260864,-4.754798595476487
DNK,2021,0.203130502419211,88.2616449318149,5.04788249694838,69340.7334922138,0.044187468,11.146802218814232,1.6209479168487015,0.9714071956098564
DJI,2021,0.850469803301611,72.2882954556515,0.731060389851309,3025.91126413549,0.21508329,8.015297993803625,-0.29967315923176757,18.624324076369142
DOM,2021,0.428079046275136,72.9243347395035,2.66716087668998,8527.0754858205,0.24042447,9.051118997893246,0.9847568586197096,8.137659867303213
ECU,2021,0.509158418420841,63.0871268249117,2.32777079470983,6061.32350181711,0.38352728,8.709848421719611,0.8491978234750485,1.9650343609169383
EGY,2021,0.434679838751666,42.5686062621468,2.35795200966486,3827.35415374308,0.57591385,8.25019026494524,0.8620254506275712,-13.617651375447636
SLV,2021,0.396097661294856,73.6838531494141,1.20400614983067,4642.60743101342,0.66152877,8.443246806732525,0.1939257583828529,15.424543639739376
GNQ,2021,0.513306783665602,70.6431215020592,2.86038210447434,6945.63069794539,0.64157677,8.846012029346833,1.0544451583570313,8.058896654009637
ERI,2021,0.751548270327927,34.9871139526367,0.212495854704056,688.68165957684,0.520871,6.536230128198565,-1.5028468080929613,-2.7945445076418807
EST,2021,0.247606890509167,70.1777274135822,9.71169075504984,27951.1659277744,0.14209034,10.23824996852445,2.2743595493382798,-7.356425779156439
ETH,2021,0.810286139621837,22.1067085266113,0.156331429015701,893.00983544905,0.3727193,6.795716776733858,-1.793772920767667,-18.461331982915
FJI,2021,0.405770592358599,57.6618364761928,1.46469279849375,4536.73312110335,0.6579135,8.420182853805079,0.38844969589248785,-0.3498110254962228
FIN,2021,0.171284360559597,73.3710215780329,7.09479866241161,53099.1351400148,-0.18699332,10.879934752236487,1.9607704236966865,-11.053578474700714
FRA,2021,0.277070008952937,78.7364603392338,4.66820869200128,43725.0999521245,-0.085178696,10.685700455708174,1.5429152785395845,-3.6024410455734
GAB,2021,0.49632840711964,90.7881967286967,2.25718447508796,8181.40914134656,0.5242303,9.00974190229249,0.8185387423161373,26.445831408000288
GMB,2021,0.569603230015266,62.7550706637859,0.185403006975905,781.890925169531,0.46096674,6.662993382544519,-1.6326911506694202,23.612221335277553
GEO,2021,0.369243136788507,59.4293560618005,3.32825506052133,5083.60695484577,0.959764,8.533973010479665,1.2054482335012038,0.19582353547203013
DEU,2021,0.235878372598613,81.6325870653934,8.06128144646434,52349.2459994422,-0.1540065,10.865711915417387,2.0883122610592775,-2.639287375345077
GHA,2021,0.550348541235297,56.6952556826536,0.753155149511826,2445.18662529344,0.73517436,7.802285611494141,-0.270293926937782,5.31862309974062
GRC,2021,0.239636602900442,78.3884898647442,5.08222613106168,20654.7001960815,0.5777362,9.93574659884871,1.6277150887942746,4.102634662901181
GTM,2021,0.473883177824365,54.9047071553758,1.14808238131902,4912.62240414681,0.6935442,8.499766709295752,0.14676551765582316,-3.9615162083116786
GIN,2021,0.590646495101675,36.8502178436256,0.370350839534597,1244.96550477914,0.7302022,7.1276660141962225,-0.9666611902727023,-7.282312021123914
GNB,2021,0.756256247273526,44.7334136962891,0.16319861514318,926.780921081233,0.51387787,6.832795628494691,-1.7533162785948906,3.7672184164257487
GUY,2021,0.410038187592108,26.443303961947,4.07256076774227,9860.87014834386,0.0020740826,9.19643109982899,1.4067244306855113,-39.90374033449031
HTI,2021,0.693971550782082,53.2460637918026,0.299641674870628,1841.33189337222,0.3042709,7.518787381568441,-1.172339537570252,4.913650953209263
HND,2021,0.482113954900115,57.3550236357547,1.00784489455025,2735.14751503977,0.5956664,7.914306193604714,0.017687543602682963,4.775507818189553
HUN,2021,0.260018119411004,70.2059275331413,5.29398400902426,19030.628130329,0.099450074,9.853857512612047,1.668458237989171,-3.2005981108724626
ISL,2021,0.207708508206867,94.2108206403841,8.49269837861054,70425.4064277273,0.08033079,11.162323563119921,2.1403835694248015,6.753913846646853
IND,2021,0.623765678397886,34.4425517181304,1.83702951699406,2239.61384367482,0.094714165,7.714505144662539,0.6135786821365432,-15.991489334795268
IDN,2021,0.415825676675703,56.8761702464027,2.24993200107532,4287.17313995098,0.35387278,8.363616079722552,0.815334724811771,-0.528060092295128
IRN,2021,0.442048125773442,75.9926376342773,8.86620624375505,4605.14881318992,1.4097141,8.435147388410591,2.1833742409152026,17.820300128553342
IRQ,2021,0.537403780358885,69.8682708740234,4.6367351965098,4868.49431080783,1.4823354,8.490745373068675,1.5361648647283557,11.098919119974575
IRL,2021,0.264172911584667,63.6774229356985,7.11906758228265,103783.446284479,0.35533038,11.550071395369551,1.9641804520011548,-27.943141624300026
ISR,2021,0.240787827038014,91.5353517549466,6.50617837249504,52270.9040241956,1.024274,10.864214297754753,1.8742880649039566,7.279558815878275
ITA,2021,0.31223586299531,69.4812507629394,5.58651571090224,36852.5425414951,0.33716735,10.514707027094456,1.7221442096160473,-11.021513684888617
JAM,2021,0.489846849301046,57.5411017937226,2.28087572885193,5625.67806271236,0.5952263,8.635274504843359,0.8289341588102394,-2.7802118074713604
JPN,2021,0.197231771062946,91.8741049279527,8.5947828493867,40094.5599795288,0.75145483,10.599020883461815,2.1523181939455145,10.465973605909937
JOR,2021,0.38548406495356,92.117972910453,1.96480214444574,4183.49998326866,1.2517536,8.339142497474521,0.6804682133072576,34.9765412577054
KAZ,2021,0.275616853568827,61.030254280267,12.2524647603581,9983.60103576902,0.7035485,9.208799288694005,2.5065429511143122,-5.449600315388821
KEN,2021,0.693478198952777,31.2879334021971,0.404281044163676,2061.35622089594,0.5517389,7.631604404698149,-0.8812106848347907,-18.255914898962732
KIR,2021,0.624291058491048,59.6364645301985,0.627059364216332,2222.04819501897,-0.44497395,7.706634593899662,-0.45089243431997944,9.286937888658393
KOR,2021,0.231573977741261,81.1616526507785,12.3387268331673,37518.4635305697,0.7750292,10.532615104792185,2.5135529673280046,0.4665902696458346
KWT,2021,0.330089832260129,100.0,22.9081845000934,34018.6342592913,1.4768425,10.434693115136369,3.131930678416629,20.356429384411783
KGZ,2021,0.299140738578868,34.7521210171204,1.53476225562031,1349.99730650542,0.3239061,7.2085983442538595,0.43487001865158426,-10.249464704449892
LAO,2021,0.568011358447912,37.338778268357,3.19548907488521,2526.05105018529,0.34125885,7.834808309077803,1.164864676198908,-14.387084848195187
LVA,2021,0.270503110094691,68.1808791463693,3.99598830452802,20261.8887788916,0.08194196,9.916546352973574,1.387790317750603,-5.898802748486247
LBN,2021,0.477990746403514,89.965362045441,2.92316253483224,4045.37391066234,1.1374384,8.305576428351998,1.0760812043590708,33.184364707887404
LSO,2021,0.6161050065288,40.6551760851997,0.33799947115729,1066.58645143823,-0.009093682,6.973155726777521,-1.055554318871777,-1.818213728538602
LBR,2021,0.694071430984912,53.9224618859098,0.159868484974207,667.96610514319,0.5828994,6.505733393886854,-1.7727307591273294,16.468279053092154
LBY,2021,0.482384026871092,87.8365018271835,8.1793228617378,4935.82787349801,0.9328115,8.504478273056792,2.1028312157824156,28.9196854300519
LTU,2021,0.275776012325964,68.1912117004395,5.10322677130588,23870.4594851722,-0.098900735,10.080438860537539,1.6318306670223992,-7.6483570466303945
LUX,2021,0.214632146549904,94.5861743396533,13.0933781621838,134965.815442152,-0.29285207,11.812784215664344,2.572870071938932,0.1445849188049806
MKD,2021,0.471441448682784,61.6841975628139,4.15543074626833,7620.80296977508,0.3213127,8.938768230899615,1.4268196907438657,-1.896048531114623
MDG,2021,0.786120354428063,31.1137123216036,0.138189637609379,483.469463351195,0.34493813,6.183054402205611,-1.9092624902288933,-2.8755255702504243
MWI,2021,0.734846063532017,16.4881925800694,0.305223786714373,617.446994451007,0.19005235,6.427211488000021,-1.1544724583814066,-20.12281766459856
MYS,2021,0.343285663226598,75.5088628191907,7.5232628848407,10903.1037480772,0.19860204,9.296894488011699,2.019328265996586,8.08303707862514
MLI,2021,0.644449505799912,29.7049638253978,0.326094093296463,1027.27345365357,1.11214,6.935636416141502,-1.0903641186498885,-12.365541546129467
MRT,2021,0.629896587739365,57.901535141641,0.931619299689918,1947.78918383313,0.965219,7.5749635273324465,-0.060154226549100326,8.965899728644352
MUS,2021,0.456929505287585,39.077147315722,3.14916917653636,9177.71195973013,0.19074042,9.124642164372663,1.1503090742120012,-26.499023403137357
MEX,2021,0.365397493219463,78.9324007418057,3.54662489893704,10314.0506722115,0.38083363,9.241359337971376,1.2688120330724844,12.102914527948329
MDA,2021,0.319890771216048,41.8115425109863,3.71857097344219,5274.60582195352,-0.33117586,8.570848799513469,1.3160250432080138,-17.81796428683407
MNG,2021,0.389899743642315,69.2153244018555,7.35537974094353,4517.61578018785,0.81340283,8.415960982602943,1.996790608794988,11.249011587705375
MAR,2021,0.481472673627483,62.3173276600289,1.97891230504847,3785.93627929688,0.713444,8.239312601590939,0.6875879089292405,6.247874975904217
MOZ,2021,0.579931504631465,34.4499259401554,0.288380146210081,509.907829475551,0.20384757,6.236189201088286,-1.209386947014548,-0.10987637431065878
MMR,2021,0.692315709266538,30.2368812529698,0.596355651595398,1242.7213439951,0.6089303,7.125863248203438,-0.5002885812409923,-13.876290410386144
NAM,2021,0.52195911607601,49.0571881483796,1.31835499696145,4412.8355693052,-0.24745584,8.392499334039707,0.2839413323204656,-8.65719217995143
NPL,2021,0.643321734592518,66.144235274522,0.589753828751882,1252.75076731986,0.39243913,7.133894951295787,-0.5112359933696098,21.944818737112882
NLD,2021,0.202309090661548,94.6294783220315,8.32113351224123,60141.9880911492,-0.09739858,11.004480140894351,2.1199995228205735,8.867502966053138
NZL,2021,0.258496848117241,83.8299382585905,6.8263580222633,49950.4251691316,0.81715035,10.818806315584219,1.922255136945601,0.061738754971429444
NIC,2021,0.55487222698453,58.8592529296875,0.781445055571015,2138.38588469449,0.22474416,7.668274097063264,-0.23389482017420013,8.921643434515033
NER,2021,0.740416859924403,17.2295936666686,0.116675523035947,608.722439593808,0.72120285,6.41300383655635,-2.0661263986691694,-19.228854027409298
NGA,2021,0.548285236997747,60.5698545383604,0.599006670437755,2787.48779224428,0.43889174,7.933254717926634,-0.49592605823246283,7.786868413832046
NOR,2021,0.189458850286309,82.8612877226956,8.21471362641264,93072.8925119571,0.11437827,11.441148999792414,2.107143478587864,-7.589662101784413
OMN,2021,0.415646310078567,80.1239942103569,19.4931188705775,19403.4600160211,0.34728608,9.873258216362032,2.9705743948612278,6.509142731557915
PAK,2021,0.652902239126194,37.9333395514173,0.956817705203498,1455.31922370186,0.6807809,7.28366745177349,-0.03374531711869609,-7.87434241759555
PAN,2021,0.397441537495506,65.8092302689169,2.47873328262843,15509.8069124139,0.05304305,9.649292280118019,0.911773859197789,-5.400662542775933
PNG,2021,0.71320614824155,14.4398342822353,0.537976225859132,2607.57861874444,0.47956118,7.866560761454091,-0.6015233764439487,-37.626988432123895
PRY,2021,0.403341845967821,67.3058612772421,1.19342950266764,5976.93179789949,0.21099503,8.695829933929604,0.18517539959769988,6.334300114014297
PER,2021,0.450995602920399,83.9480118272361,1.79843805693361,6826.20255614477,0.211308,8.828670286839683,0.5924635207499535,21.550003573748725
PHL,2021,0.416270201392786,54.4504102510776,1.28744630350143,3484.38593882819,0.33609852,8.156334059911922,0.26039795061690146,-0.7280142421468483
POL,2021,0.238394491642329,59.8096513205543,8.76145594619199,18635.5104895754,-0.121099025,9.832877865219565,2.1715028069942806,-13.371593704113813
PRT,2021,0.222549022089063,61.0951249296597,3.76014625214405,24711.4510062111,0.1154207,10.115062484926016,1.327113794379626,-15.116234219808597
QAT,2021,0.313428261725178,99.203408908243,47.2839742745248,71751.9363398856,1.0529689,11.180984057382188,3.8563828936093514,11.546124690326266
ROU,2021,0.313075737224057,52.2321512130811,4.22268857135102,14907.9803652143,0.08099995,9.609719019452168,1.4428373872166282,-18.55280172686134
RUS,2021,0.358302002827292,74.7516840220252,13.3920757412176,12425.029296875,0.061609555,9.42754868832849,2.5954096010211756,5.922886219211108
RWA,2021,0.743828310715477,26.1049092762833,0.127784857801346,829.544845263697,0.62675333,6.722081925504843,-1.9820618117717204,-13.67243610953743
VCT,2021,0.451842721916973,47.4554100739049,1.14156805165255,8641.27904024443,0.12933175,9.06442160482092,0.14112453679771864,-17.474108930587704
WSM,2021,0.526794872803046,17.5672426452007,1.60679954532484,4021.55934894283,-0.0022619565,8.299673633000786,0.480448605888061,-39.150370147907786
STP,2021,0.684481526902873,68.1738967895508,0.713188352908844,2362.58827248102,0.5014861,7.767936197740231,-0.3240855749718485,17.166110120006877
SAU,2021,0.361032217458896,83.9716349986538,19.1759893319934,31920.7653655643,1.1754614,10.371043355973159,2.9541802903648184,5.011539033389212
SEN,2021,0.666599309937043,52.2260292191155,0.762104486376905,1598.10676952274,0.7043681,7.377200483289398,-0.25863539306787114,5.413984360918391
SYC,2021,0.394605011416391,44.6026796065539,7.9409216385581,14982.9111487767,0.06195577,9.614732314366401,2.073287851325327,-26.236106372720066
SLE,2021,0.656997047675313,43.7345385973699,0.181898998863687,885.396401885395,0.65268296,6.787164256739964,-1.6507860929508926,3.258335522722561
SVK,2021,0.396065682745989,53.1901479870605,6.72785720933896,22123.3342114545,-0.03626342,10.004433377285704,1.9077419529134112,-21.833269657928682
SVN,2021,0.235391993661492,55.3046289429588,6.57475360268757,29192.8401933019,0.037556887,10.28171301371863,1.884756916528215,-22.696232843914828
SLB,2021,0.660623021274123,28.6889396820578,0.436144669947587,2043.44413170658,0.39793524,7.6228812132912385,-0.8071120074795308,-20.76123850510747
SOM,2021,0.869606959892203,52.9060649733324,0.0473151298233482,549.056994756254,0.23734014,6.310021899687181,-2.8591906443327044,17.553443039110462
ZAF,2021,0.425631296593977,63.4503925883909,7.29340675223128,6828.75624590017,-0.058073122,8.829044263187154,1.9883409176817004,1.0483685561059701
ESP,2021,0.287316130203208,79.7846242983598,4.91513320564969,30799.4775937775,0.10820619,10.335285475132922,1.5943513210907176,1.2084984442927578
LKA,2021,0.497862611058435,19.8266275195269,1.02995125473912,3996.96240014909,0.024710814,8.293540110351062,0.03917384161167399,-36.825123166585655
SDN,2021,0.72605117803878,34.6421563427994,0.491048688699115,712.122009277344,0.60606843,6.569652526780859,-0.6910519995870715,-3.498393690429758
SUR,2021,0.469457381222532,65.9853973388672,4.40057873816953,5029.84838543953,-0.17683204,8.523343913968748,1.484005913993457,6.866000641433651
SWZ,2021,0.559699270104129,25.0156180525173,0.81982905586225,3984.00229174306,-0.20368822,8.290293166316511,-0.1865355561959761,-31.60126676814956
SWE,2021,0.245651788215929,88.1741651958315,3.88625523254982,60647.5416365347,-0.09481155,11.012850868518953,1.3600158950692671,2.3223045015361663
CHE,2021,0.15727472823211,84.2006477608879,4.32303993798183,93664.7736696111,-0.13008703,11.447488125825933,1.4662693598816525,-6.318371951146688
SYR,2021,0.571287125526967,73.0125007629395,1.48118445007612,663.614245706815,1.3762485,6.4992067906995175,0.3995707371025184,35.62840095777051
TJK,2021,0.406858203744361,26.1991525151375,0.945809874035157,896.748053372182,0.73903626,6.799889464763192,-0.045196262241558184,-14.413694550285506
TZA,2021,0.75292602297713,34.3500111758619,0.30147502454703,1159.85656738281,0.18299007,7.056913431759978,-1.1664361219882238,-9.022773527619869
THA,2021,0.443086090635488,58.5087776184082,3.74441224162639,7057.20754802279,0.09331163,8.861946409870136,1.322931746100679,-4.2465514930268995
TLS,2021,0.718080637185455,28.7927371734472,0.526390245745068,2684.92676774277,0.4744277,7.895781112282153,-0.6228933124061237,-23.587855291608655
TGO,2021,0.572382761401809,42.3105904515122,0.285412460990908,962.075187515872,0.82518244,6.870131485090796,-1.2193827263253059,0.9434806691112598
TTO,2021,0.362039687197984,53.9421278853848,20.9747593886329,17712.5674104655,-0.020266056,9.782086145300505,3.043796430845763,-18.693712828765833
TUN,2021,0.349476579219976,69.3997523770568,2.57438568493559,3906.93926319391,1.1213638,8.270765471382205,0.9494878336583599,12.992557029568104
TUR,2021,0.355106574909445,89.1762048153239,5.47500634541911,9981.76398411336,0.980629,9.208615283277265,1.7020182505941834,22.698326080056518
TKM,2021,0.323475551629149,47.0581410301711,13.4562494897451,5723.30227157906,1.1271139,8.652475947035217,2.6001865173348766,-13.44788261300426
UGA,2021,0.780727797253487,29.2362957789022,0.176657279649966,882.791717542504,0.4859117,6.784221421236688,-1.6784810727749828,-11.208306964604777
UKR,2021,0.287817805072282,69.4027032653896,4.38244379511425,4775.94580078125,0.011210889,8.471556667456065,1.4798857453488155,10.839400898348082
ARE,2021,0.317595457694482,85.3571908511355,20.8269278649571,44118.5047192771,1.0518517,10.694657247540084,3.0367267907093014,2.9221109379910786
GBR,2021,0.218658074399588,82.9886431523641,5.04470918428281,47691.3768799404,0.14705645,10.772526850267113,1.6203203205074752,-0.2826048813575568
USA,2021,0.196578521342306,80.0074765140272,14.3161154347115,70205.050916026,0.62702185,11.15918978168428,2.6620841258668673,-7.415779560538837
URY,2021,0.327253392122755,95.4497146606445,2.51768262973273,17881.818721099,0.16213767,9.79159568289649,0.9273029263674463,22.71176000343104
UZB,2021,0.340674038799405,50.9269905090332,3.9236623289729,2258.51964119278,1.0624002,7.722907521529986,1.3695708822648438,0.4027242664624282
VUT,2021,0.679383396531629,22.2501822422475,0.95106385761178,3107.20312858002,0.35367966,8.041800066037862,-0.03971442309172727,-31.698369861161392
VEN,2021,0.477054416313239,89.1766444746891,2.68692781094409,2004.93397949792,-0.23821735,7.603865056463794,0.9921132773715161,39.93066283608907
VNM,2021,0.391786907888895,36.6540656426603,3.39788716841419,3704.1935590038,0.22267771,8.217490779011687,1.226092500559306,-19.1810630981713
YEM,2021,0.771666831007093,36.0704951256305,0.302074058238196,633.887202451545,0.06850275,6.453447349179341,-1.1645147531914775,-0.8222372540654206
ZMB,2021,0.756647729106326,44.2353731410926,0.49379688135964,1127.16077872857,0.096189655,7.02834395623479,-0.6855821053177213,1.1693690531421126
ZWE,2021,0.700294384560419,37.8692058859373,0.68892544949393,2613.60542083552,0.01683847,7.868868474420004,-0.35821119552067787,-14.222397178468157
AFG,2022,0.817798495691226,25.3939250580909,0.278420956418618,357.261152798144,1.223075,5.881262197551399,-1.2433342117916555,-5.354651372381539
ALB,2022,0.342644718382931,57.8643477747383,1.84525761573088,7756.96188744253,0.8681752,8.956474935309647,0.6180235628217503,-5.906033894943114
DZA,2022,0.413508307907023,74.1795862354514,4.16005852930563,4960.30334332888,0.96859986,8.5094237560332,1.4279300715169165,15.209664967344331
AGO,2022,0.614676439542907,69.0506188977513,0.748810952279567,3682.1131513698,0.072407246,8.211513638582367,-0.2760026073412478,13.279673022944209
ATG,2022,0.391448803358017,24.5114484000414,3.69452822059457,20105.1989085164,-0.011758804,9.908783449909388,1.3095559147682387,-49.4848750103981
ARG,2022,0.406261510640917,92.112838186126,4.2953116708492,13962.1894087223,0.07186997,9.544179817895117,1.4598495326689307,22.031648833911106
ARM,2022,0.411473117464847,65.5624462874485,2.61828101845615,6571.97445545099,0.91634613,8.790721741971375,0.9663300273469554,3.5719316172070563
AUS,2022,0.188611924183569,87.3343268253813,14.530502863688,65169.5191118657,-0.2931966,11.084762484798242,2.676938056355199,0.7102752000148058
AUT,2022,0.193907762935546,68.998085127906,6.92858132698714,52336.7725223758,1.2346245,10.865473617333203,1.9370973338796627,-15.271230454764478
AZE,2022,0.352933589903135,58.4382815854684,3.91289240245969,7770.594223351,0.875092,8.958230599066273,1.3668292394894865,-5.350952499177673
BHS,2022,0.444274442983187,81.3200717047725,3.53551107063979,34957.1613279737,0.5198234,10.461907234792951,1.265682316205154,1.384274360274702
BHR,2022,0.369641353419735,100.0,25.4678810750754,30470.5219276023,0.47238827,10.324547819127593,3.2378106669270896,21.539175692710515
BGD,2022,0.743628382960155,31.673734726234,0.713556533909868,2716.48592780431,0.4329114,7.907462440621077,-0.3235765964887353,-20.832292491548724
BLR,2022,0.2529901659511,78.4732787892908,6.05700801391753,7994.64806074889,0.524131,8.986652680238032,1.8028655698621283,14.3788468178699
BEL,2022,0.160638829268161,87.489200269855,7.6776616173853,50605.7496677086,1.2067416,10.831840239022013,2.0396166563113614,3.5810417721861967
BLZ,2022,0.432254761505198,42.1373251262137,0.88023578897185,7068.21728043145,0.38579813,8.863505042780409,-0.11626891991504051,-20.634740672010743
BEN,2022,0.760063018448058,50.9627000010887,0.513056396449261,1266.42711031904,0.054768402,7.144744227160122,-0.6480659881317614,6.646783336654316
BTN,2022,0.719611903954698,40.9365143617581,1.94285158160822,3711.32767981591,0.58081293,8.219414365822487,0.6692906539264929,-14.919269961123824
BOL,2022,0.512703598313022,70.6352598708131,1.93607699297368,4219.46113742445,0.14319563,8.347699675331256,0.6658155477158262,13.401940766796557
BIH,2022,0.339294101091009,51.0215287060993,6.98907452004835,7655.59421024383,1.3135979,8.943322543789217,1.9457779288929484,-12.607621852678847
BWA,2022,0.504822803128274,66.5889787170477,2.80246010889007,8328.7090572666,-0.3354346,9.027583807452075,1.0340595839241986,2.055026027437819
BRA,2022,0.396062261063821,87.349556243881,2.27889577215227,9281.33282136864,-0.20472479,9.135868175802182,0.8280695057057859,21.652839990565724
BRN,2022,0.345509299928,74.7772642014221,20.9436282583394,36632.9280952155,0.09632286,10.508730087129992,3.0423118179286663,-5.661319532984166
BGR,2022,0.339931708917094,73.4799164005224,7.64769654654833,13999.1949530956,0.77625686,9.546826533721555,2.035711226590738,3.370306466709664
BFA,2022,0.651586182772438,27.2791369742712,0.288261986140856,827.330843486661,-0.05476761,6.719412644006988,-1.2097830305774173,-12.469545518518263
BDI,2022,0.742160622947032,22.3202446002597,0.0698215770067585,302.992505263552,0.4191785,5.717003047363997,-2.5279614225189007,-6.664507949136986
KHM,2022,0.509689295993054,40.374616187368,1.06878240808886,2325.03050040841,-0.103848934,7.751918445807947,0.07583300522506131,-10.461170971968563
CMR,2022,0.595464494023074,54.8458745688318,0.377591519866032,1604.87726954895,0.22283427,7.381425471629486,-0.9478032777754741,7.988461551095263
CAN,2022,0.239979147043494,82.3500897353968,14.7892997763968,56256.8007264015,0.12674737,10.937699990032014,2.6945798672451806,-2.694796650265758
CPV,2022,0.547417951114566,75.033738060849,1.3085363671521,4323.31362032709,0.2074383,8.372008706269316,0.2765223086470526,17.539387231991306
CAF,2022,0.792634909122311,43.2751967457285,0.0632596180609838,467.359825026238,0.6095001,6.14923685739227,-2.6137457351178437,9.649093529008667
TCD,2022,0.778890204954868,25.7635558629694,0.155239823582539,966.036468278568,0.042970818,6.874236207543186,-1.80035738409794,-15.647630657186813
CHL,2022,0.291342485426812,88.6395352768685,4.62474983424569,15405.6165774073,-0.23876859,9.642552344013088,1.5335822243671873,17.50201627354639
CHN,2022,0.377949158682964,65.2176361083984,8.86482511020235,12970.6056414327,0.5990717,9.470518066212144,2.1832186292746227,-4.07256926154173
COL,2022,0.464179234546913,78.0464633137335,1.70753982802254,6680.44506854481,0.08406194,8.807089570761713,0.5408929343782687,15.88018998853238
COM,2022,0.724196513480385,32.7746035528748,0.515231578493098,1465.479642862,-0.082183205,7.290620006876902,-0.6439160117557384,-13.107735339127743
COG,2022,0.58182212179329,63.6422003342807,1.38493056623382,2620.83804267402,0.37879467,7.87163089379423,0.3328446407255071,11.520934257152682
COD,2022,0.831961138770415,44.003287663813,0.0610125487309351,687.738587554685,0.5090788,6.534861790536283,-2.644898674868744,6.236322489377891
CRI,2022,0.412603198822128,78.4405687613972,1.61315999460817,13625.9008491328,-0.14934747,9.519801121663528,0.48437486322289786,8.62115920381602
CIV,2022,0.662980737661387,52.8492549676673,0.605701555801839,2333.37128301259,0.109432854,7.755497876036151,-0.48499292018520423,1.975031687664412
HRV,2022,0.309874827605287,56.9977571733605,4.57371420212618,18465.5414420364,1.1156484,9.823715802927111,1.5225096306376813,-16.0851051173601
CUB,2022,0.307162336001084,77.1056060791016,1.78698206661591,9605.27914559614,0.35715136,9.170172241306625,0.5861086281277577,11.040530864439617
CYP,2022,0.339903353141608,66.6694829407584,5.425313774533,33231.04296875,0.14541356,10.411269839108257,1.692917251111517,-12.722567235424904
CZE,2022,0.225943830511324,72.6967638379524,9.15364691432385,28282.2236715857,0.9938993,10.250024104729906,2.215244234202941,-4.963820683540405
DNK,2022,0.202997126290606,88.3880239837703,4.8270407249692,67781.0940939514,0.78108567,11.124053340138957,1.576303113273916,1.3420649707253745
DJI,2022,0.821121809249514,72.6109938538856,0.762292717589368,3133.25779772463,0.28346047,8.050147677900714,-0.25839163296145334,18.572804630493728
DOM,2022,0.448345421851575,72.4203155643711,2.85936787390744,10104.2449349081,0.22579224,9.220809868525466,1.0540917525183535,5.811490695168089
ECU,2022,0.508911368779411,63.0901835932266,2.47809443692364,6515.58528418336,0.2532091,8.782105788306811,0.9115171311194634,1.1921875121441872
EGY,2022,0.439578730655604,42.6325129008032,2.29974804261299,4233.30783744856,-0.094622456,8.350975155109614,0.8371384461229595,-14.6359784870615
SLV,2022,0.409558562965903,74.1465021298679,1.34798885215862,5074.60210221806,0.2795825,8.532200437703866,0.3060048200885393,14.932003588491455
GNQ,2022,0.51365448047179,70.8910029445467,2.82155421683407,7589.29964909381,0.4402264,8.934626349069383,1.0408257541313242,7.355232607837323
ERI,2022,0.696171979045638,34.8469276428223,0.219947692397037,688.68165957684,0.31690106,6.536230128198565,-1.4699034202844918,-2.934730817456277
EST,2022,0.247586268566239,70.4892333736738,11.1341597224282,28340.3826549406,0.609361,10.252078300161156,2.4109155689688535,-7.193409212492426
ETH,2022,0.793770485068407,22.7367687225342,0.146229646781817,982.103161506992,0.5849311,6.890714060222648,-1.8564282594466457,-18.85135789521611
FJI,2022,0.407069721265919,58.1352701465266,1.56000182723494,5414.12092119088,0.75111055,8.596950489968936,0.4510767832034503,-1.7745180536343668
FIN,2022,0.171014045325966,73.6967597835949,6.68162198489374,50440.560224974,0.7206812,10.828570721895744,1.9008562939160827,-10.17629045751518
FRA,2022,0.276923491353833,78.7591921123356,4.51246828877731,40988.6396406579,1.3163683,10.621074622063249,1.5090579263837491,-2.885753480131868
GAB,2022,0.497729917388067,91.2243355459988,2.29694822208975,8409.2074145028,0.37332535,9.03720141550506,0.8359255351121602,26.587108446754343
GMB,2022,0.612073356069837,63.2869880996278,0.187713116401856,836.244875868476,0.051435947,6.7301165914626635,-1.6209382060297866,23.423366024339828
GEO,2022,0.366720485953182,60.0101622679115,3.62639535278365,6729.84659930283,0.6275465,8.814456209571668,1.290992903293033,-2.2352144341269806
DEU,2022,0.235863486533797,81.7867852780995,7.91182860265874,50506.5179638543,1.2205321,10.8298774747547,2.069622063350769,-2.100296947814229
GHA,2022,0.552897835768977,57.250609602871,0.717599050497581,2229.89122647803,0.121528625,7.710156437743286,-0.3180051373176071,6.863265206461733
GRC,2022,0.23993962439017,78.5502190980809,5.28092585505901,20886.5243087629,0.4857248,9.946907336697725,1.6659932504159454,4.144519273116046
GTM,2022,0.471985076140296,55.2581228215265,1.06185178214753,5358.70156997677,0.4437882,8.586663575271672,0.06938779016733104,-4.541203917066433
GIN,2022,0.580390025690993,37.2384967469106,0.371451377528373,1416.59612011764,0.24894571,7.25671784290974,-0.963771887157694,-8.279798824782517
GNB,2022,0.728085305284759,45.1627159118652,0.163331875267451,883.199131457831,0.10670996,6.784682299100132,-1.752547168028706,4.7131642362538315
GUY,2022,0.42228542813089,26.4536735068183,4.48373186699236,17913.4928066879,-0.14081065,9.793365318240767,1.502683507317434,-46.303283593044284
HTI,2022,0.693971550782082,53.8524949966907,0.294629353613119,1760.62635668777,0.22117965,7.473992727645641,-1.18865947542574,6.001089640745477
HND,2022,0.473593161426596,57.8364689017254,1.01020922274279,3003.28996826399,0.28978395,8.007796535610375,0.020007726597948444,4.253048597308897
HUN,2022,0.259967087041358,70.1585064243445,4.95293425120931,18428.028825614,1.0699364,9.821682353975044,1.6019971487257536,-2.902520578548831
ISL,2022,0.20597201605013,94.1787071228028,8.48003811488391,76350.4550416502,-0.09324447,11.243102367985163,2.1388934896987983,5.854393034290709
IND,2022,0.621064189305315,34.7555673994206,1.96929618962877,2347.44829434623,0.27105442,7.761510088765766,0.6827413217321906,-16.18321535491601
IDN,2022,0.408358796751513,57.4934704226599,2.5918955237502,4730.83484836107,0.2989416,8.462068323466625,0.9562402269975632,-0.9679455794433949
IRN,2022,0.443576870733186,76.3342208862305,8.84742330027555,4721.20437099984,1.1962744,8.460030997310286,2.1812558984228545,17.894681805589364
IRQ,2022,0.537903019623431,69.8682861328125,5.04369459778254,6520.73154560584,0.91151065,8.782895194141462,1.6201195793171645,7.961813368017623
IRL,2022,0.260211029145779,63.8920250215059,6.84581291258731,105190.685952731,0.615101,11.563539545295066,1.9250968927941121,-27.873161280693466
ISR,2022,0.241403251947987,91.4979834273327,6.65826837562124,54949.621556429,0.32554975,10.914190271076786,1.897360212372134,6.705545710029256
ITA,2022,0.303357800999058,69.4839779766539,5.60897190137329,35653.9042103495,1.275581,10.481641981888876,1.726148711472121,-10.663732178637503
JAM,2022,0.488998597663144,57.9879906034775,2.64695978787973,6626.47502388538,0.4527761,8.798979169598612,0.9771825322558223,-4.091192783414172
JPN,2022,0.197144034643321,91.9776532428406,8.3956307081074,34065.6438962526,0.68784237,10.43607399967595,2.128901803677299,12.319254612343371
JOR,2022,0.377542328147526,92.4048379066163,2.07333464045749,4332.25159897931,0.7026782,8.374073485823674,0.7339698024995988,34.88831536018318
KAZ,2022,0.276586328290658,61.444157327248,12.3050866627844,11255.3396437881,0.84454924,9.328686772804879,2.5108250687206515,-6.32305573383028
KEN,2022,0.69238063345286,31.4307820066946,0.405006512054817,2109.56288513137,0.4241155,7.654709961097709,-0.8794610671761979,-18.361175042846014
KIR,2022,0.582291001400576,60.5739126559419,0.580980922671286,2069.7671726925,-0.5828473,7.635674432425998,-0.525971541841058,10.986360170906593
KOR,2022,0.23160060119742,81.1624941626873,11.8737409785064,34822.4048404971,0.38366652,10.458044992588073,2.475171161545461,1.2681697895745856
KWT,2022,0.330089832260129,100.0,22.3585581710822,39981.7691035833,0.93363935,10.596203867876566,3.10765631974051,18.622117947827164
KGZ,2022,0.31126837182436,34.7003053497743,1.5054865652983,1739.72018344174,0.99214244,7.462054205105941,0.4157365526122245,-13.022903487826241
LAO,2022,0.567972449884793,38.0682382805397,3.17918742501495,2046.40440255621,0.26349702,7.624328124798983,1.1597661586480088,-11.397476922787234
LVA,2022,0.270755095763455,68.2570218109034,3.68567769315781,20221.103686109,0.5138952,9.914531527029604,1.3071639457447333,-5.801024771020536
LBN,2022,0.46068718352269,90.206313713022,1.81652362812428,3654.35845534878,0.42526892,8.203949439973922,0.602414503454378,34.51659262314502
LSO,2022,0.617824914970231,41.6703965165322,0.42915695220265,1030.12582947757,0.2575136,6.9384065226199665,-0.8228984077010549,-0.4298544122700392
LBR,2022,0.684678730670921,54.4591057083,0.161651307373094,744.617175237387,0.4654223,6.614212298563938,-1.7622901426023787,15.840070369889297
LBY,2022,0.483202516075417,87.8486088593786,8.05301361263212,5986.63694851258,0.23752427,8.697452113860537,2.08728738398524,26.85962863792288
LTU,2022,0.263693581815292,68.2866452426813,4.65112254775415,25085.784063499,0.5000076,10.130096455118874,1.5392563092041964,-8.086149514016725
LUX,2022,0.213938142770545,94.7605400940185,11.1248914795982,123719.658915996,1.3158196,11.725781552649646,2.410083554779325,1.2531901025562036
MKD,2022,0.471507065610943,61.9530566607267,4.47897922817561,7606.2375253797,0.601212,8.936855379089776,1.501625332517004,-1.6066491241882588
MDG,2022,0.785398825714196,31.5397813465886,0.144033985186775,503.51453347296,-0.0120647745,6.223596647055559,-1.8705820178844197,-2.88480142302215
MWI,2022,0.732475083409651,16.7146031979436,0.272369783877739,604.269740360317,-0.121302284,6.40567421050368,-1.264537776687776,-19.665138564341117
MYS,2022,0.341836560083093,75.9741357073003,7.98329915646393,11754.5678336248,0.11286545,9.372082265517806,2.0786035852503826,7.7409394343840034
MLI,2022,0.646382064886523,30.4015705681899,0.324748273279521,976.914116406452,0.213885,6.885421850643482,-1.0943764526630806,-11.129728009060134
MRT,2022,0.6836095540174,58.8120996197226,1.03090119301334,1960.35240077424,0.55808336,7.581389514678757,0.04008686967499164,9.807461597568519
MUS,2022,0.469667300318011,39.0000125885784,3.20778314533676,10246.5017455553,-0.2210563,9.234789222718103,1.1686926582748924,-27.7589233626487
MEX,2022,0.360603251234778,79.199683215791,3.52183828963573,11405.7940473759,0.105547905,9.34196442593161,1.2618184973322328,11.289893977721363
MDA,2022,0.313888836961997,42.4048843383789,3.27771217414482,5744.29618434435,0.8812782,8.656136744105257,1.190191935085112,-18.14044914713123
MNG,2022,0.470657097961784,69.783805847168,7.26765621705495,4993.51487463495,0.16232099,8.516095564170783,1.984808862165407,10.74224233258883
MAR,2022,0.477585048215076,62.5118468550703,1.93751442575683,3463.1376953125,1.3499552,8.150219019271198,0.6665539060559125,7.399086008002257
MOZ,2022,0.580286549496226,35.0536638047945,0.333694203552974,578.251663751351,0.13489501,6.36173703555929,-1.0680029601129786,-0.8542781317544694
MMR,2022,0.709118492520585,30.311095757938,0.577248041256632,1158.05005055976,0.34414816,7.055356026669426,-0.5323079908992829,-13.044965443150822
NAM,2022,0.523606490791567,49.5291037671807,1.23886461461583,4349.79908493314,0.06223178,8.378114804898155,0.22223483024492083,-8.03081468801296
NPL,2022,0.630202362739997,66.2992968721053,0.506315976652673,1385.91066274851,0.53464836,7.234834007821148,-0.6610363430611216,21.01599113747602
NLD,2022,0.202320324358273,94.9856177734136,7.52014775225465,59123.318556487,1.0704597,10.987397600256136,2.0189146634326636,9.407075687927346
NZL,2022,0.255998223284247,83.8547305017812,6.32162465316725,49099.7090423358,1.0856025,10.801628754459115,1.8455568624928573,0.2709846039218746
NIC,2022,0.560417921455089,58.9954376220703,0.781677382316785,2322.89053964583,0.020486197,7.750998016882283,-0.23360131571506582,8.169534079677248
NER,2022,0.761464897762526,17.477207007512,0.127125609686768,609.745147574878,-0.11872514,6.414679765079482,-1.9868579141850098,-18.999236900163147
NGA,2022,0.540430553977183,61.3727650622225,0.578271036832404,2899.16047470324,-0.09078503,7.972521350548146,-0.5305674902930565,8.168131654920352
NOR,2022,0.189327275403164,82.9563661816034,7.9798582660803,109269.520580298,0.7878116,11.601581926718337,2.078173020707242,-9.217321325982724
OMN,2022,0.412652636332521,80.0117053152301,19.6830764534295,23223.5829405935,0.21341515,10.052966606172838,2.9802671249067543,4.467135161907734
PAK,2022,0.673539803844366,38.3740439760816,0.965826244537936,1538.3228133171,0.7671749,7.339097867085105,-0.024470736555295147,-8.028852872303439
PAN,2022,0.393009950223257,65.8211343914956,2.60024772920576,17378.6070017557,-0.112466335,9.763052786466815,0.9594451322349258,-6.6103250579909485
PNG,2022,0.71320614824155,14.7358658260841,0.541939469982316,3102.28968594061,0.67727757,8.040218016823303,-0.5943168945468194,-39.195698144959
PRY,2022,0.397698683675487,68.6396537819458,1.18410511467852,6205.62595379319,0.1347351,8.733372702602207,0.17739704683964574,7.2649562828067715
PER,2022,0.446534693459048,84.3663554951194,1.90408262918024,7350.63034300417,0.09007311,8.902677382984207,0.6492384630394885,21.173654931341517
PHL,2022,0.388357823907181,54.7902343568327,1.33112167071071,3548.06930572116,0.30611482,8.17444068069509,0.29350633151160066,-0.5826200363790477
POL,2022,0.238385738733649,59.8315488048321,8.36357881859441,18891.2121169279,0.7912373,9.846505058823391,2.1250813700094326,-13.496025781891156
PRT,2022,0.221501533837621,61.1259255772782,3.8017191709062,24620.5197587181,1.0517495,10.111376126457117,1.3380803133264223,-15.045849250134161
QAT,2022,0.311788121611619,99.243997525719,45.1959539884538,88701.4689763536,0.8688542,11.393043003043918,3.8112288035714257,9.309612567130145
ROU,2022,0.294806323367668,52.1634832477272,3.97277959180202,15503.551804598,0.91746444,9.648888924609041,1.3819799654356117,-19.042078310099498
RUS,2022,0.358005063986446,74.8544893625017,13.1413838368291,15619.6142578125,0.9871259,9.656346747704493,2.5765269878268424,3.56884528591371
RWA,2022,0.743828310715477,27.7806702737761,0.161247905835677,975.469323735369,0.45517477,6.8839433353177775,-1.76464303061135,-13.734751923759081
VCT,2022,0.427809598207669,47.585897833353,1.24551672775023,9693.55867833025,-0.055416584,9.179320046097107,0.22754722310319217,-18.577407017408177
WSM,2022,0.489880638688408,17.5007949951039,1.54417195869201,4132.44717734444,-0.16947937,8.326867005451632,0.4409429013525482,-39.50882174226625
STP,2022,0.68444306936268,68.3720919798341,0.62393672256468,2389.73729784737,0.1272033,7.779357090174597,-0.45580613620624466,17.241667132776477
SAU,2022,0.359722101759769,84.1349430023993,19.282874301046,38510.2276211037,0.838319,10.5587051042833,2.959735820537392,3.159724757150812
SEN,2022,0.681583367604994,53.4435061024348,0.823959839790182,1574.0281059306,0.039383728,7.362028396135814,-0.18157003151161694,6.794379959065587
SYC,2022,0.408919774827404,44.9108209981157,7.02714426333439,16836.6721895387,-0.051014107,9.731374047216512,1.9512024434612714,-27.180470389206228
SLE,2022,0.663923204409738,44.2666343543487,0.177218098718503,860.371067916096,0.49348292,6.758525384774886,-1.6754810384233858,4.097957078059899
SVK,2022,0.396054372850011,53.1902831072528,6.11012800289851,21317.7943982363,1.0267199,9.96734432875576,1.811583011811801,-21.43487027392606
SVN,2022,0.234747207494214,55.3377817873563,6.3394025593776,28360.3041467268,1.174568,10.252780965016369,1.8483607233409303,-22.3524060530658
SLB,2022,0.667307740348078,29.3511689856806,0.382810159448753,1877.78104490956,0.5224695,7.538378465167286,-0.9344288386592284,-19.191613997092645
SOM,2022,0.86933479282461,53.5010115886789,0.0467871485830976,573.141165798229,0.34687105,6.352875299529286,-2.868445236194916,17.688227465984916
ZAF,2022,0.427455289310824,63.4766699210327,6.88263936192025,6534.24867783397,0.21008547,8.784965678560631,1.930454083068715,1.5479641795070904
ESP,2022,0.28731657271717,79.9548794567814,4.99422196018416,30319.4987196616,1.2721088,10.319579288158684,1.6102819481725328,1.5474075110914356
LKA,2022,0.580226802357762,19.9877933196367,0.937608764257698,3342.63650253855,-0.13251908,8.114814266902194,-0.053813557840216235,-34.74478932937798
SDN,2022,0.774219592228147,34.7209852053086,0.434223310830335,1046.24084472656,-0.017706394,6.953914217584644,-0.8114278906674632,-7.545788213643682
SUR,2022,0.464004380305874,65.8985443115234,4.59397526172885,6084.43876736445,-0.3278896,8.713654109209013,1.5269201176325267,4.7355861638205425
SWZ,2022,0.582004766711264,25.396682918542,0.883161035575023,3894.1620089869,0.1518449,8.267490551531468,-0.11298838337224948,-30.975346157632433
SWE,2022,0.245630009613185,88.4038576504809,3.59996303974629,54836.8907235124,0.7145746,10.912136670564426,1.2836975339949512,3.633471609578791
CHE,2022,0.157274196357908,84.9206266284521,3.92846693573085,94394.5106803525,1.5316387,11.455248794650554,1.3707915449833974,-5.681727576609958
SYR,2022,0.615713326882902,72.6124992370605,1.38747039300249,1051.67149587463,0.82326937,6.9590864937316,0.3346637401357493,30.290185629466606
TJK,2022,0.404666416953751,26.1957126615618,0.938950260561987,1052.17949484894,1.4565905,6.959568958052582,-0.0523988942199879,-16.13178167471689
TZA,2022,0.752303461152108,34.8234736377147,0.323161976851185,1207.52062988281,0.11853218,7.097152270649727,-1.099126490293554,-8.981397953465724
THA,2022,0.442903874619293,59.742374420166,3.963374866518,6909.35281815827,-0.0012750626,8.840775974526013,1.37961582589718,-2.7856253802984057
TLS,2022,0.667264830073201,28.5857292288968,0.50726833881669,2343.24954740187,0.33013996,7.759720607232368,-0.6591935085302859,-22.333837973309226
TGO,2022,0.599940755860084,42.7332327975627,0.286520909623578,951.232378690387,0.09449927,6.858809100267975,-1.2156375415348335,1.4877034124695285
TTO,2022,0.361983301958877,53.9474037904998,20.8660094230143,20750.5202434652,-0.106738724,9.940374787720424,3.0386006251613247,-20.388149160593393
TUN,2022,0.362524427868051,69.707138648303,2.50498913554161,3707.29283414381,1.1663364,8.218326897176937,0.9222684836782009,13.863031624157585
TUR,2022,0.351226140763381,89.0381164550781,5.22956172007378,10897.8397861365,0.56931025,9.29641162091307,1.656237853627536,21.61747576824608
TKM,2022,0.3263812100499,47.0592103414926,14.0053384467054,5837.84224538947,1.0470778,8.672287810516519,2.6401523332160317,-13.659554192507194
UGA,2022,0.777293969434562,29.9251969709665,0.168117583772769,963.067314117178,0.43188158,6.871161120095073,-1.7253113637858744,-11.45296908931768
UKR,2022,0.287845143891072,69.42345912103,2.90739555971061,4199.6708984375,0.7282137,8.342999529237963,1.0706912866665586,12.240610446906942
ARE,2022,0.317595763300425,85.5147347682487,19.3731459635094,50759.7589231191,0.8365796,10.834878872920635,2.9644039237069055,1.5739472509476684
GBR,2022,0.218710023637852,83.0753982997505,4.80733240636649,47057.043229179,0.90376526,10.75913708107643,1.572220332194035,-0.05206964845584139
USA,2022,0.203448945059851,80.0324978239707,14.4177148825165,76657.2488844403,0.2750573,11.2471124960496,2.6691510014457354,-8.334877242503083
URY,2022,0.325748288938008,95.4977416992188,2.38667285182486,20818.6146091144,-0.30868974,9.943650831388338,0.8740814637951149,21.127010409200068
UZB,2022,0.341831847307249,50.9847412109375,3.68952648984493,2578.66689394219,0.9849097,7.855415558705016,1.3082048357430014,-0.9624036970661791
VUT,2022,0.679383396531629,22.2541249733107,0.865368028979767,3370.21191956953,0.7637251,8.123027578748921,-0.1331108765055156,-32.566652674652005
VEN,2022,0.477136823893559,89.2132204732836,3.26104790565291,3155.04207099687,-0.18168958,8.057074012357546,1.185110394016996,35.100655885661844
VNM,2022,0.393226344073468,37.5478515625,3.45101965872917,4147.69777213621,0.077795506,8.330549774135712,1.2415632447090692,-19.50131094961722
YEM,2022,0.781768445636709,36.3226310308295,0.287369793942245,633.887202451545,0.116327286,6.453447349179341,-1.2127788172218181,-0.570101348866423
ZMB,2022,0.755046799534316,44.5988511178469,0.524548827570452,1447.12310138035,-0.11240848,7.2780235840975465,-0.626332200826966,-1.1482266864840867
ZWE,2022,0.699798124026688,38.7055207169041,0.719220842842293,2536.40050223076,0.035658598,7.838895411637731,-0.3157786534233483,-13.064229934019124
AFG,2023,0.817798495691226,25.4730529631167,0.280995468771367,413.757894705303,1.3063666,6.027694963742444,-1.2344475831642931,-6.847926646631159
ALB,2023,0.342644718382931,58.2106086137857,1.74914408919284,9730.86921906893,1.1889988,9.183161265575237,0.5648273778029482,-7.993943465152704
DZA,2023,0.413508307907023,74.732808364138,4.12827519079225,5370.477235078,1.1653057,8.588858240003601,1.4202790804451741,14.909915193716358
AGO,2023,0.614676439542907,69.8515032220457,0.743838637301548,2916.13663284275,0.5687213,7.978357808963675,-0.2825769427612385,16.58419759999952
ATG,2023,0.391448803358017,24.4500156687422,3.68747053024133,21494.5474000727,0.5117982,9.975601094997034,1.307648945386155,-50.26379932708768
ARG,2023,0.406261510640917,92.1945132257907,4.16990486776205,14261.8465667948,0.96324605,9.565413293036885,1.4302884873690764,21.88531763775545
ARM,2023,0.411473117464847,65.6956882008852,2.52966973653139,8159.08720967996,1.6236995,9.007010135361822,0.9320340475888218,1.3826567452693297
AUS,2023,0.188611924183569,87.4866955653765,14.1596700845561,65058.3773146674,0.25953183,11.083055629041906,2.651103770760838,0.8809722519557397
AUT,2023,0.193907762935546,69.2265358276021,6.40359510066021,56579.504175468,1.416974,10.943419755658345,1.8584199718477552,-15.87976971915053
AZE,2023,0.352933589903135,58.5075350483702,4.1112835014681,7133.02838048328,1.5037956,8.872631344111552,1.4161646443287499,-4.362529480612309
BHS,2023,0.444274442983187,81.3213799173676,3.52944121770479,38231.774484278,0.8748412,10.55144839754073,1.2639688665803681,0.4240845923089722
BHR,2023,0.369641353419735,100.0,24.5323732339754,29290.1284215098,0.8383932,10.285039964907941,3.200401143407724,21.963413226407596
BGD,2023,0.743628382960155,32.1578465036834,0.693947563901367,2551.01773827307,0.7418833,7.844639595174486,-0.3510514086927472,-19.6735855092087
BLR,2023,0.2529901659511,78.8146420666327,5.86387585149229,7896.75388295584,1.4724401,8.974333679415729,1.770514697294698,14.85249221049476
BEL,2023,0.160638829268161,87.551492636772,7.27763098404696,55291.4754541329,1.1760378,10.920392110515174,1.9861785253122655,2.6924592230002276
BLZ,2023,0.432254761505198,41.9459437504976,0.913632980301917,7424.75821321022,1.0238681,8.912710074714658,-0.07944049371369187,-21.35448841450586
BEN,2023,0.760063018448058,51.7457922964593,0.488426291085402,1394.17784721831,0.7192836,7.240777175174812,-0.6962995619262569,6.3986685005794754
BTN,2023,0.719611903954698,41.7352457989939,1.98465128404026,3831.32535494609,0.74490166,8.251227040221957,0.6904692400961178,-14.462144789125944
BOL,2023,0.512703598313022,70.9151414044538,1.99475521348588,4274.70820547613,1.2120886,8.36070502975009,0.6955219652682139,13.542170082100434
BIH,2023,0.339294101091009,51.5657239834305,6.53950474604507,8663.02326458629,1.5993332,9.066934473878778,1.8793894354976537,-13.390778348622305
BWA,2023,0.504822803128274,67.0212655349864,2.7096930785842,7826.35376483298,0.7121978,8.965379770794552,1.0005190351853257,3.1552632471086284
BRA,2023,0.396062261063821,87.6159710235763,2.27447826989363,10377.5897719195,0.5437419,9.247500287366694,0.8261376700011764,20.72054295391618
BRN,2023,0.345509299928,74.8199193881365,21.14308997296,32890.5491812019,0.6296735,10.400971039965054,3.051785992833305,-4.46154171063796
BGR,2023,0.339931708917094,73.7322671584613,5.73490257494032,15853.208636704,1.5108228,9.671190273188396,1.7483129529219952,2.287232480509587
BFA,2023,0.651586182772438,27.7872478365158,0.272029919860247,873.482589651003,0.7157815,6.773632385342236,-1.2657421148769004,-12.543649251221662
BDI,2023,0.742160622947032,23.5534768372276,0.0693599815916636,250.627253097255,0.7128275,5.527948838106672,-2.533761047965431,-3.401201109168138
KHM,2023,0.509689295993054,40.6290788072508,1.08564797278218,2429.74853452838,0.32120052,7.79595452780092,0.09134594421540607,-10.679570247204552
CMR,2023,0.595464494023074,55.1286878511388,0.364184752751828,1720.47510154506,0.6593167,7.450936819441374,-0.9830056122260991,7.524858118494798
CAN,2023,0.239979147043494,82.5250564408346,14.1478944295361,54220.3285039875,1.8944861,10.900829624854799,2.65027237872977,-2.1239139150094672
CPV,2023,0.547417951114566,75.9064245753376,1.24595323654924,4794.90121917259,1.0070552,8.475516919432497,0.2278948353060937,17.300596802538536
CAF,2023,0.792634909122311,43.6983692134165,0.0645327701288385,495.978897288721,0.91112024,6.20854756501151,-2.596516382808785,9.435384322933203
TCD,2023,0.778890204954868,26.3305395171046,0.150566300727613,949.333453674592,1.1625899,6.856812926875132,-1.8290483330641276,-14.893554847187307
CHL,2023,0.291342485426812,88.8158617217972,3.91719041336885,17067.0364799154,0.52817744,9.74496278163367,1.3679242626731818,16.5786537493034
CHN,2023,0.377949158682964,65.5301448035523,9.23027553501428,12951.1782397043,0.7865262,9.469019256821174,2.2235717050157313,-3.743966267872594
COL,2023,0.464179234546913,78.275571579544,1.77360964835025,7000.83660501046,0.81734437,8.85392776576825,0.5786392032375187,15.606347113996925
COM,2023,0.724196513480385,33.1502180946901,0.515412394592109,1560.27378476855,0.64289695,7.353257295763168,-0.6435718112360035,-13.404723485548615
COG,2023,0.58182212179329,63.6626757615625,1.27244805620677,2477.97845544866,0.57981426,7.815601841173972,0.2487707952595347,12.143052764487628
COD,2023,0.831961138770415,44.3754734892194,0.0580434409082674,660.21205238997,0.8154194,6.494074593835746,-2.6876089408891644,7.04648349912236
CRI,2023,0.412603198822128,78.8819393641702,1.58608566210135,16942.0268119375,0.67861205,9.737611630635607,0.4675541705831066,6.7236684595291365
CIV,2023,0.662980737661387,53.4075201638704,0.575152377678325,2591.9659048119,0.6794923,7.8605576365173535,-0.5358829910041126,1.4051593386200878
HRV,2023,0.309874827605287,57.2431560672198,4.83573016043274,22184.2279304842,1.4871944,10.007181937841107,1.5780979378957227,-17.809775773725406
CUB,2023,0.307162336001084,77.1259872296321,1.81740702369189,9605.27914559614,0.8087966,9.170172241306625,0.6028980351187694,11.060912014970114
CYP,2023,0.339903353141608,66.6739477522639,5.35563459868429,36623.69140625,0.61902505,10.508477920515954,1.6800146540240442,-13.761928203030266
CZE,2023,0.225943830511324,72.7352388396817,7.88005974203708,31761.5944102491,1.4386808,10.366044600004926,2.0656037066969337,-6.171180206261326
DNK,2023,0.202997126290606,88.552638542867,4.4073670007762,68043.5466971243,0.6311104,11.127917868162019,1.4855438174073075,1.4651820131943225
DJI,2023,0.821121809249514,72.8408245988921,0.763263436905869,3381.29779710722,1.0144767,8.12631057913237,-0.2571354903860851,17.98479391040592
DOM,2023,0.448345421851575,72.3577991823338,2.89366632939923,10630.431743829,0.90855914,9.271570151243576,1.0659741900163815,5.20390757702377
ECU,2023,0.508911368779411,63.1307729554263,2.60232947756693,6737.84748379638,1.1157513,8.81564419281541,0.9602423434159205,0.8726396233112652
EGY,2023,0.439578730655604,42.7098115041919,2.40830000255291,3456.78968456253,0.7966679,8.14838484442906,0.8830648150311908,-12.38325387151312
SLV,2023,0.409558562965903,74.6080675149903,1.46387486797945,5365.44491399171,1.157287,8.587920941076518,0.38789489734091975,14.795239112524719
GNQ,2023,0.51365448047179,71.1290664883517,2.57914675064098,6677.793435386,0.76013803,8.806692626771103,0.9513283815272416,8.967055569776264
ERI,2023,0.696171979045638,34.696403503418,0.220205798195592,688.68165957684,1.0926765,6.536230128198565,-1.468781595367805,-3.085254956860581
EST,2023,0.247586268566239,70.6770085523126,8.37350742837627,30264.0064885057,0.73071414,10.317747422715511,2.1262663744663377,-7.710792720468746
ETH,2023,0.793770485068407,23.0586471557617,0.147767891652244,1055.81091592527,0.6470383,6.963011082380044,-1.846630366228294,-19.305808902792325
FJI,2023,0.433107609390595,58.6069049738768,1.55581645737411,5926.20586394763,0.45931864,8.687308194430415,0.44840738595765123,-2.2731492771343724
FIN,2023,0.171014045325966,74.0062548602828,5.88954587564164,52834.2916752703,0.2502245,10.874934649353323,1.774875377719083,-10.364653809881872
FRA,2023,0.276923491353833,78.7804323126547,4.15598361008436,44700.1384177544,1.2332534,10.70775424823607,1.4269524086218142,-3.795283921642536
GAB,2023,0.497729917388067,91.6375962797313,2.06073835645602,7802.82433276138,0.589577,8.96236919159234,0.7279052376172238,27.803921758596964
GMB,2023,0.612073356069837,63.8020182456108,0.17562165357906,883.024111719809,0.55855227,6.78448433796681,-1.6840447974445925,23.354592287647918
GEO,2023,0.366720485953182,60.7523077799724,3.64859696572424,8283.66960652261,1.2745718,9.022162050552835,1.2970797312203846,-3.7234257828165056
DEU,2023,0.235863486533797,81.9034366692129,7.07982839106762,54776.7668235491,1.3108578,10.91103967571281,1.9586611358882877,-2.855169780022706
GHA,2023,0.552897835768977,57.8074737774654,0.687364126711107,2383.90410483418,0.591616,7.776914194897397,-0.3604475846768649,6.70328087562347
GRC,2023,0.23993962439017,78.7746303842088,4.92324127436463,23343.7103964562,0.94276875,10.058125701950331,1.5959962313260843,3.1746615737844337
GTM,2023,0.471985076140296,55.6082319565539,1.11051475329048,5758.32760847852,1.1756302,8.658576012236773,0.11378818087495776,-4.963294525680041
GIN,2023,0.580390025690993,37.6454083954705,0.348923061715176,1555.49375806861,0.65127116,7.350190979638229,-1.0246472262332191,-8.876606911851773
GNB,2023,0.728085305284759,45.5923843383789,0.152925294159443,988.087886357022,0.40804926,6.89678319153403,-1.8144635012754164,3.9390870514014154
GUY,2023,0.42228542813089,26.4651457279878,4.52651590785052,20473.7002190617,0.751544,9.926945267298418,1.512159296256584,-47.72620028665952
HTI,2023,0.693971550782082,54.4496819335618,0.290485897277037,1705.75808460999,0.847688,7.442350993132045,-1.2023544569666078,6.938047280862413
HND,2023,0.473593161426596,58.3132392705102,1.11312971877201,3227.45762509776,1.1072354,8.079759786720283,0.11611918001331324,3.9570735773424843
HUN,2023,0.259967087041358,70.2923026891431,4.48048025757632,22230.6277875187,1.4427933,10.009271229087094,1.5019596576324685,-4.783064077284138
ISL,2023,0.20597201605013,94.1518261784801,8.34925829026897,82138.7892973557,-0.2669504,11.316177822342366,2.123369701900954,5.042823800952476
IND,2023,0.621064189305315,35.0676918424186,2.09622858892568,2530.12031278204,0.27688804,7.836417295085842,0.7448989495716397,-16.6754486552844
IDN,2023,0.408358796751513,58.1179353397878,2.74747187282401,4876.30774512252,0.6075775,8.492348655036148,1.0143142718483515,-0.6686325451073074
IRN,2023,0.443576870733186,76.6759567260742,9.00722487961339,5049.29931642754,1.363255,8.527202791092686,2.199136623722521,17.51512319168166
IRQ,2023,0.537903019623431,69.868278503418,5.16873911194444,5965.31835077761,0.95577574,8.693885324492088,1.6445616119586888,8.917598664374218
IRL,2023,0.260211029145779,64.1152082461268,6.1870780177041,106818.917130804,0.9999037,11.578899678109936,1.8240778934931217,-27.81491601565932
ISR,2023,0.241403251947987,91.5089569794505,6.14077571327038,52003.7200729997,1.1138636,10.85908976407877,1.8165782061035107,7.308191567717884
ITA,2023,0.303357800999058,69.5381540123301,5.1591446091273,39277.0838783918,1.230895,10.578421980178561,1.6427072220514973,-11.64878514176634
JAM,2023,0.488998597663144,58.4510149367429,2.7128452636924,7542.40084275345,1.0583409,8.928428399466945,1.001677386403975,-5.018201472772702
JPN,2023,0.197144034643321,92.0826903891473,8.05063579850566,33836.1756271617,1.43153,10.429315347682643,2.0869924365967094,12.496866539270059
JOR,2023,0.377542328147526,92.682236868336,2.10161310922351,4466.08314208575,1.1940084,8.40449093368971,0.7474521621425552,34.83909007670084
KAZ,2023,0.276586328290658,61.7560919499181,12.5643331681924,12879.4275257974,1.719367,9.463464192104162,2.5316576862053872,-7.45836852793191
KEN,2023,0.69238063345286,31.6330340816429,0.3843202596187,1942.58802756191,0.37261215,7.572291042583731,-0.9305918581892587,-17.273904041636758
KIR,2023,0.582291001400576,61.5244676194408,0.573455066777333,2177.70125812262,0.6075392,7.686484225096949,-0.5387878366005618,11.391316757674048
KOR,2023,0.23160060119742,81.1645551720421,11.4162657281001,35674.095995632,1.087463,10.482208133179034,2.435914716473302,1.0107656527411706
KWT,2023,0.330089832260129,100.0,22.6972114508944,34075.849012909,0.7411601,10.436373518127295,3.12268255909757,20.338385123730745
KGZ,2023,0.31126837182436,34.706439175362,1.44095214620233,2138.22210211478,1.194569,7.668197538247735,0.372219993483861,-15.230348226995652
LAO,2023,0.567972449884793,38.8070088517156,3.35860711157858,2066.94979776957,0.8398712,7.634312959593606,1.2144993389176568,-10.76592406240102
LVA,2023,0.270755095763455,68.3586316343061,3.66319656422698,22710.2637544197,1.0216986,10.030616281037897,1.3010622813944328,-6.945939485916199
LBN,2023,0.46068718352269,90.4524074197598,1.87387427333851,3477.72489842684,1.1703404,8.15442109712649,0.6333304400306089,35.29452442721099
LSO,2023,0.617824914970231,42.6781596804785,0.428947441284169,916.282976983803,0.35470065,6.8214160146020015,-0.8233755968006896,1.8341593268548593
LBR,2023,0.684678730670921,54.997863482224,0.152830013156671,799.194470229642,0.8618884,6.684854785913931,-1.8150484864059684,15.620265189698692
LBY,2023,0.483202516075417,87.8647197919848,8.65140297405067,6026.51518708812,0.66451126,8.704090129685188,2.158876715694167,26.804460187790767
LTU,2023,0.263693581815292,68.575454583199,4.51994281903548,27786.0057829276,1.3008146,10.232323772524637,1.5107093166858006,-8.895062787629698
LUX,2023,0.213721585052036,94.8015300320787,10.4160977146887,133230.619178899,1.2836728,11.799844390140926,2.3443120585146078,0.4988891766474097
MKD,2023,0.471507065610943,62.2518322545779,4.38791431960329,8674.35846327485,1.0746588,9.068241925376322,1.4811304102700593,-2.7187095642985284
MDG,2023,0.785398825714196,31.9799438860946,0.147269201638214,508.718427705591,0.5971287,6.233858470715588,-1.8497962818692302,-2.5548309161322784
MWI,2023,0.732475083409651,16.9748746665356,0.222924211075164,633.214767978695,0.63065386,6.452387647829182,-1.4570421526851334,-19.906478581184498
MYS,2023,0.341836560083093,76.4434752105739,8.03895132928611,11386.0395636528,0.5606961,9.34023110726253,2.085541813290744,8.552298444677334
MLI,2023,0.646382064886523,31.0031889023235,0.301946302024471,1043.9533853528,0.85145265,6.95172755608608,-1.1649242148810166,-11.240104023964626
MRT,2023,0.6836095540174,59.7142464747058,0.961166094335404,2135.78187606359,0.9984452,7.667056179947533,-0.029257770390712808,9.789715041190462
MUS,2023,0.469667300318011,39.0039901092226,3.46174699494733,11269.9684462139,0.5368171,9.32998553468301,1.244657924024091,-28.77716912906324
MEX,2023,0.360603251234778,79.4734935748046,3.66576524934041,13860.9597809326,0.82084066,9.536903661083777,1.3017613421007477,9.47043599869869
MDA,2023,0.313888836961997,43.0011825561523,3.33935095165033,6799.58594644576,1.8946081,8.824764056046863,1.2087665812898167,-19.35488037404862
MNG,2023,0.470657097961784,70.4464492797852,7.79990491634218,5838.63108083902,0.5875061,8.672422902737686,2.055392789173409,9.726234118008676
MAR,2023,0.477585048215076,62.673750838878,1.8573653487086,3813.72607421875,1.4530835,8.246624138838879,0.6245285329935227,6.525786461550361
MOZ,2023,0.580286549496226,35.7149783148407,0.318684376705804,622.000297682823,0.5674122,6.434546996608884,-1.1126573299989109,-0.9748010288356781
MMR,2023,0.709118492520585,30.3820718069466,0.577107115225871,1233.19666209269,0.7395399,7.1181755613724444,-0.5325479967112547,-13.648549048084405
NAM,2023,0.523606490791567,49.9545837830821,1.21960315143456,4187.60500396525,0.69126195,8.340123022866651,0.20669147621437128,-7.197376805804936
NPL,2023,0.630202362739997,66.5432933453944,0.519690203752101,1382.33055769304,0.5005951,7.232249318067662,-0.6354629645575497,21.287742152945384
NLD,2023,0.202320324358273,95.3221682092129,6.87570596534106,63515.6030780019,1.1754978,11.059056616499864,1.9294476636475533,8.974147625872007
NZL,2023,0.255998223284247,83.8898991461229,6.11076923076923,49075.9562832927,0.8414204,10.801144881483978,1.8116877799279065,0.3113491031549387
NIC,2023,0.560417921455089,59.1250953674316,0.811432301333619,2609.44492072931,0.8009801,7.867275953501149,-0.19670575350239247,7.050592881134477
NER,2023,0.761464897762526,17.7506873295237,0.120906578003627,638.336080897887,0.9077794,6.460430264312265,-2.03327135520033,-19.217027980845643
NGA,2023,0.540430553977183,62.1746763155343,0.552339272252252,2138.76383719983,0.58413535,7.668450745477498,-0.5756499239527234,12.235169959875066
NOR,2023,0.189327275403164,83.0718560702166,7.53753758650308,87497.2179649556,0.19070494,11.37937370602352,2.02122136258024,-6.715747217490673
OMN,2023,0.412652636332521,79.5702973228932,18.9600910547646,21027.7384778886,0.681468,9.95364528011138,2.9428635838702792,5.0922450871872655
PAK,2023,0.673539803844366,38.8191861872791,0.843982651709012,1360.32417758419,0.41301993,7.216213165019043,-0.15784439955796806,-6.264167902752966
PAN,2023,0.393009950223257,65.8601271176084,2.85705058290883,18797.1933994045,0.7075011,9.84151604842419,1.05328382989482,-7.413875198255013
PNG,2023,0.71320614824155,15.0581017891206,0.529181246501922,2966.06830432055,0.46167168,7.995329641367443,-0.6177035002152916,-38.39144831224517
PRY,2023,0.397698683675487,69.3466081733694,1.1312441318464,6299.99026533713,1.417611,8.748462085001508,0.13211901104867382,7.809880047649109
PER,2023,0.446534693459048,84.7810255849745,1.92281618030482,7887.54185920108,0.8735545,8.973166588040922,0.658978100155862,20.83140802086372
PHL,2023,0.38713754813053,55.1242716168851,1.41396992471112,3804.08274131097,0.5294178,8.244093015476171,0.35344869247961275,-0.9965134171426371
POL,2023,0.238385738733649,59.8859561370214,7.64977784033642,22145.2660647429,1.3719095,10.005424186307753,2.0359829807648704,-15.148100870296638
PRT,2023,0.221501533837621,61.2048652633664,3.53665954067309,27634.6183139773,0.9615777,10.226860738324184,1.266006186034655,-16.206989742687497
QAT,2023,0.311788121611619,99.2835325193835,48.6426368357008,81816.9797967481,0.99056244,11.312252300354173,3.8847060072804207,10.216682615070084
ROU,2023,0.294806323367668,52.1645747011867,3.68569180458046,18244.4186876321,1.5916082,9.81166929668245,1.307167764096029,-20.788931536165656
RUS,2023,0.358005063986446,74.9805047873279,13.5462339145189,14159.3876953125,0.9382239,9.558203746485361,2.6068465090192796,4.74872571073081
RWA,2023,0.743828310715477,28.8555310645477,0.163983285357073,1027.03446826565,0.9197423,6.935403974894305,-1.7487960455480245,-13.212478339952543
VCT,2023,0.427809598207669,47.7169922340041,1.25835200300031,10582.3656725229,0.50606364,9.267038771319514,0.23771842237976076,-19.38824116191443
WSM,2023,0.489880638688408,17.5012799804602,1.53833372564766,4822.74084650019,0.2830213,8.481305015260018,0.43717933697612715,-41.16670068692579
STP,2023,0.68444306936268,68.6043921103568,0.63065521438379,2990.6606143535,0.47880396,8.003583901628998,-0.44526385385138656,15.066207303689467
SAU,2023,0.359722101759769,84.2962388315415,18.8540744665469,36156.848337701,0.9759929,10.495649308800424,2.9372592913352995,3.998117221616141
SEN,2023,0.681583367604994,54.6992276190794,0.758785485197598,1698.03387300843,0.6608901,7.437815058499932,-0.2629433013200997,7.2363000844796375
SYC,2023,0.408919774827404,45.0971081321658,7.00909219941055,18262.7115849287,0.35250488,9.812671396633386,1.9486338933523597,-27.867158710137147
SLE,2023,0.663923204409738,44.809324991151,0.16670385905723,758.329137378248,0.66549397,6.6324353294829885,-1.733280060295476,5.994609734246062
SVK,2023,0.396054372850011,53.190805019646,5.73978115774848,24614.8734642794,1.3547567,10.111146776603526,1.7491617945629736,-22.97850703629566
SVN,2023,0.234747207494214,55.5378927789875,5.95087577654104,32660.4753581346,1.1852624,10.393951538747734,1.7852174126549432,-23.66819252570656
SLB,2023,0.667307740348078,30.0088821088389,0.374747657827139,1882.64394148042,0.47748485,7.540963446553666,-0.9551675938004845,-18.561658547684825
SOM,2023,0.86933479282461,54.0714435506882,0.0462780008186892,596.885985135589,0.47326055,6.393400075464265,-2.877451569422856,17.823502132417012
ZAF,2023,0.427455289310824,63.5823705163545,6.75922774879049,6034.27208964673,0.32601658,8.705376217792328,1.9123870108151653,2.5083008266099682
ESP,2023,0.28731657271717,80.128491001856,4.57046216901007,33493.2225409111,1.0564289,10.41912824147463,1.5217999032992027,0.6520568644437787
LKA,2023,0.580226802357762,20.1455348442463,0.979275763488678,3798.89016573011,0.29929733,8.242727441541522,-0.010782155599900175,-35.96058658099885
SDN,2023,0.774219592228147,34.7960076976764,0.433700830155536,797.283447265625,1.192932,6.68246373145698,-0.8126047496151695,-4.5559153192413575
SUR,2023,0.464004380305874,65.7562408447266,3.96892282544054,5521.97602122638,0.7021006,8.616672128270611,1.3810111357906352,5.634680596733006
SWZ,2023,0.582004766711264,25.8081878500755,0.876387437363166,3755.52111232464,0.41208187,8.23124857200496,-0.12060113573940844,-30.174672836311313
SWE,2023,0.245630009613185,88.631216160938,3.4800778844701,54950.2834725622,-0.051393587,10.914202316657487,1.2499240524324045,3.8386490975197205
CHE,2023,0.157274196357908,85.1854212679815,3.78746475067225,100623.549627296,1.5188742,11.519151538957269,1.3343336731990885,-6.103124155931184
SYR,2023,0.615713326882902,72.1673803143204,1.32899347448781,1051.67149587463,1.1960334,6.9590864937316,0.29191819327506174,29.8450667067265
TJK,2023,0.404666416953751,26.1890127571429,0.897072214775281,1178.47990060249,1.3578664,7.07282885809422,-0.09753321265907779,-17.35467267858917
TZA,2023,0.752303461152108,35.4748019434954,0.323839316591473,1224.00219726563,0.5394532,7.110697916663447,-1.0970954898149028,-8.47552354718676
THA,2023,0.442903874619293,60.9341926574707,3.83577489383729,7195.10130919449,0.6695018,8.881294673514192,1.3469751155101417,-2.0288991839785453
TLS,2023,0.667264830073201,28.595471832952,0.47995862126757,1502.41147438211,0.23215723,7.315492121002463,-0.7134343378359764,-17.55394520244441
TGO,2023,0.599940755860084,43.2496853032436,0.272055924027687,1055.01727877926,0.6184117,6.962259826612703,-1.2656499155503609,0.8932962708596293
TTO,2023,0.361983301958877,53.9536842104572,19.7069856893185,18308.4536298575,0.50499773,9.815172797237398,2.9814804819796628,-19.037442810511365
TUN,2023,0.362524427868051,70.0266686486584,2.55804077741188,3951.11683376921,0.9158302,8.282006621631487,0.9431432647561142,13.498765205226057
TUR,2023,0.351226140763381,89.0218446796121,5.23215412799609,13375.0947282864,1.2395821,9.501224417258616,1.6567325069863459,19.40191280606672
TKM,2023,0.3263812100499,47.0678875054171,12.8629910388274,6231.91323839698,1.7847303,8.737599116993854,2.5551313985557136,-14.352193466282237
UGA,2023,0.777293969434562,30.6059359395495,0.166813953979235,1002.30913917142,0.85020113,6.911058955001432,-1.732657206671108,-11.20065528871324
UKR,2023,0.287845143891072,69.4754455027606,3.22518031774765,5139.59814453125,1.626283,8.544924722210057,1.1740846660432542,10.124312887385742
ARE,2023,0.317595763300425,85.6680699002526,18.3804823292732,49850.6872175164,0.9368245,10.816807620705218,2.9118332660739834,1.9213324932932494
GBR,2023,0.218710023637852,83.1601932891335,4.44995911931321,49944.4702124201,0.82799125,10.8186870935264,1.4951395999166925,-0.6067260014046383
USA,2023,0.203448945059851,80.071561119178,13.7119419860139,81032.262117545,0.76156026,11.30261499279012,2.6189961564514177,-8.891802841056474
URY,2023,0.325748288938008,95.5439605712891,2.41753370123087,23019.4221560046,0.60708183,10.044137020769956,0.8868758041892886,20.094202996601382
UZB,2023,0.341831847307249,50.9964841114568,3.72011269845735,2878.96879292451,1.8518711,7.9655347372811836,1.3164384472629211,-2.1331266544031564
VUT,2023,0.679383396531629,22.2651966823901,0.847978677253136,3482.61458237637,0.20768945,8.155825706817508,-0.15317603148930467,-32.90776908706205
VEN,2023,0.477136823893559,89.249627620225,3.40591488864612,3617.43594578269,0.69976425,8.193797152279306,1.2284453601142058,33.66892235968165
VNM,2023,0.393226344073468,38.1298904418945,3.89354026267807,4323.35031982451,0.62014896,8.37201719301309,1.3618839010320132,-19.364551518089364
YEM,2023,0.781768445636709,36.5707979836506,0.269743195612762,633.887202451545,0.8452242,6.453447349179341,-1.2738832551859602,-0.3219343960453216
ZMB,2023,0.755046799534316,45.0285853521585,0.548090097623693,1330.72780576709,0.701163,7.194232480193316,-0.5832348643595052,0.18126107704867422
ZWE,2023,0.699798124026688,39.2919370795795,0.76899436270709,2195.22492079245,0.7928508,7.694495220331931,-0.24975146971383738,-10.927236294117485
